:020000040800F2
:10000000000002206D8F0008F98E0008FD8E0008A8
:10001000018F0008058F0008098F0008000000000C
:100020000000000000000000000000000D8F00082C
:10003000118F000800000000158F0008198F0008BC
:10004000BD8F0008BD8F0008BD8F0008BD8F000860
:10005000BD8F0008BD8F0008BD8F0008BD8F000850
:10006000BD8F0008BD8F0008BD8F0008BD8F000840
:10007000BD8F0008BD8F0008BD8F0008BD8F000830
:10008000BD8F0008BD8F0008BD8F0008BD8F000820
:10009000BD8F0008BD8F0008BD8F0008BD8F000810
:1000A000BD8F0008BD8F0008BD8F0008BD8F000800
:1000B000BD8F00081D8F0008BD8F0008418F00080C
:1000C0004D8F0008BD8F0008BD8F0008BD8F000850
:1000D000BD8F0008298F0008358F0008BD8F0008EC
:1000E000BD8F0008BD8F0008BD8F0008BD8F0008C0
:1000F000BD8F0008BD8F0008BD8F0008BD8F0008B0
:10010000BD8F0008BD8F0008BD8F0008BD8F00089F
:10011000BD8F0008BD8F0008BD8F0008BD8F00088F
:10012000BD8F0008BD8F0008BD8F0008BD8F00087F
:10013000BD8F00080000000000000000BD8F000817
:10014000BD8F0008BD8F0008BD8F0008BD8F00085F
:10015000BD8F0008BD8F0008BD8F0008BD8F00084F
:10016000BD8F0008BD8F0008BD8F0008BD8F00083F
:10017000BD8F0008BD8F00080000000000000000D7
:08018000BD8F0008BD8F0008CF
:1001900001F0FF01102A2BDB10F0070F08D010F838
:1001A000013B013A8B422DD010F0070F42B3F6D13C
:1001B000F0B441EA012141EA014122F007047FF055
:1001C00000070023F0E80256083C85EA010586EAAC
:1001D000010685FA47F5A3FA87F586FA47F6A5FAE8
:1001E00087F68EB9EED1F0BC01F0FF0102F00702F4
:1001F00032B110F8013B013A83EA010313B1F8D19F
:100200000020704701387047002D06BF354603387F
:10021000073815F0010F07D1013015F4807F02BFB8
:10022000013015F4C03F0130F0BC0138704700BF09
:10023000034613F8012B002AFBD1181A0138704726
:1002400081F0004102E000BF83F0004330B54FEA87
:1002500041044FEA430594EA050F08BF90EA020FF4
:100260001FBF54EA000C55EA020C7FEA645C7FEA87
:10027000655C00F0E2804FEA5454D4EB5555B8BFAA
:100280006D420CDD2C4480EA020281EA030382EA1B
:10029000000083EA010180EA020281EA0303362DAD
:1002A00088BF30BD11F0004F4FEA01314FF4801C80
:1002B0004CEA113102D0404261EB410113F0004F92
:1002C0004FEA03334CEA133302D0524263EB430349
:1002D00094EA050F00F0A780A4F10104D5F1200EE7
:1002E0000DDB02FA0EFC22FA05F2801841F1000142
:1002F00003FA0EF2801843FA05F359410EE0A5F116
:1003000020050EF1200E012A03FA0EFC28BF4CF046
:10031000020C43FA05F3C01851EBE37101F00045FC
:1003200007D54FF0000EDCF1000C7EEB00006EEB09
:100330000101B1F5801F1BD3B1F5001F0CD3490893
:100340005FEA30004FEA3C0C04F101044FEA4452EA
:1003500012F5800F80F09A80BCF1004F08BF5FEA71
:10036000500C50F1000041EB045141EA050130BD51
:100370005FEA4C0C404141EB0101013C28BFB1F563
:10038000801FE9D291F0000F04BF01460020B1FAAE
:1003900081F308BF2033A3F10B03B3F120020CDA81
:1003A0000C3208DD02F1140CC2F10C0201FA0CF05F
:1003B00021FA02F10CE002F11402D8BFC2F1200CC4
:1003C00001FA02F120FA0CFCDCBF41EA0C0190407A
:1003D000E41AA2BF01EB0451294330BD6FEA0404C3
:1003E0001F3C1CDA0C340EDC04F11404C4F12002AE
:1003F00020FA04F001FA02F340EA030021FA04F3C0
:1004000045EA030130BDC4F10C04C4F1200220FA16
:1004100002F001FA04F340EA0300294630BD21FA54
:1004200004F0294630BD94F0000F83F4801306BF1A
:1004300081F480110134013D4EE77FEA645C18BF0E
:100440007FEA655C29D094EA050F08BF90EA020FA5
:1004500005D054EA000C04BF1946104630BD91EA9D
:10046000030F1EBF0021002030BD5FEA545C05D1A0
:100470004000494128BF41F0004130BD14F58004DF
:100480003CBF01F5801130BD01F0004545F0FE4153
:1004900041F470014FF0000030BD7FEA645C1ABF88
:1004A000194610467FEA655C1CBF0B46024650EABF
:1004B000013406BF52EA033591EA030F41F40021EB
:1004C00030BD00BF90F0000F04BF0021704730B571
:1004D0004FF4806404F132044FF000054FF0000146
:1004E00050E700BF90F0000F04BF0021704730B507
:1004F0004FF4806404F1320410F0004548BF4042DC
:100500004FF000013EE700BF42004FEAE2014FEA30
:1005100031014FEA02701FBF12F07F4393F07F4F0B
:1005200081F06051704732F07F4208BF704793F00E
:100530007F4F04BF41F40021704730B54FF4607421
:1005400001F0004521F000411CE700BF50EA010224
:1005500008BF704730B54FF000050AE050EA0102CD
:1005600008BF704730B511F0004502D5404261EB3D
:1005700041014FF4806404F132045FEA915C3FF47E
:10058000D8AE4FF003025FEADC0C18BF03325FEA1B
:10059000DC0C18BF033202EBDC02C2F1200300FACC
:1005A00003FC20FA02F001FA03FE40EA0E0021FAF1
:1005B00002F11444BDE600BF70B54FF0FF0C4CF4DF
:1005C000E06C1CEA11541DBF1CEA135594EA0C0F91
:1005D00095EA0C0F00F0DEF82C4481EA030621EACC
:1005E0004C5123EA4C5350EA013518BF52EA033507
:1005F00041F4801143F4801338D0A0FB02CE4FF0B9
:100600000005E1FB02E506F00042E0FB03E54FF0E8
:100610000006E1FB03569CF0000F18BF4EF0010EE0
:10062000A4F1FF04B6F5007F64F5407404D25FEADC
:100630004E0E6D4146EB060642EAC62141EA55518F
:100640004FEAC52040EA5E504FEACE2EB4F1FD0CD1
:1006500088BFBCF5E06F1ED8BEF1004F08BF5FEA4F
:10066000500E50F1000041EB045170BD06F0004601
:1006700046EA010140EA020081EA0301B4EB5C04AE
:10068000C2BFD4EB0C0541EA045170BD41F48011A6
:100690004FF0000E013C00F3AB8014F1360FDEBFCB
:1006A000002001F0004170BDC4F10004203C35DAA7
:1006B0000C341BDC04F11404C4F1200500FA05F32A
:1006C00020FA04F001FA05F240EA020001F00042CB
:1006D00021F0004110EBD37021FA04F642EB060141
:1006E0005EEA430E08BF20EAD37070BDC4F10C046B
:1006F000C4F1200500FA04F320FA05F001FA04F22F
:1007000040EA020001F0004110EBD37041F100011A
:100710005EEA430E08BF20EAD37070BDC4F1200525
:1007200000FA05F24EEA020E20FA04F301FA05F28D
:1007300043EA020321FA04F001F0004121FA04F235
:1007400020EA020000EBD3705EEA430E08BF20EA05
:10075000D37070BD94F0000F0FD101F0004640003F
:1007600041EB010111F4801F08BF013CF7D041EAC1
:10077000060195F0000F18BF704703F000465200C5
:1007800043EB030313F4801F08BF013DF7D043EA96
:100790000603704794EA0C0F0CEA135518BF95EA4C
:1007A0000C0F0CD050EA410618BF52EA4306D1D1D3
:1007B00081EA030101F000414FF0000070BD50EAF2
:1007C000410606BF1046194652EA430619D094EA7C
:1007D0000C0F02D150EA013613D195EA0C0F05D166
:1007E00052EA03361CBF104619460AD181EA0301BA
:1007F00001F0004141F0FE4141F470014FF0000072
:1008000070BD41F0FE4141F4780170BD70B54FF00C
:10081000FF0C4CF4E06C1CEA11541DBF1CEA13558C
:1008200094EA0C0F95EA0C0F00F0A7F8A4EB05046E
:1008300081EA030E52EA03354FEA013100F0888065
:100840004FEA03334FF0805545EA131343EA12632E
:100850004FEA022245EA111545EA10654FEA0026E3
:100860000EF000419D4208BF964244F1FD0404F59C
:10087000407402D25B084FEA3202B61A65EB0305F8
:100880005B084FEA32024FF480104FF4002CB6EBB5
:10089000020E75EB030E22BFB61A754640EA0C0035
:1008A0005B084FEA3202B6EB020E75EB030E22BF75
:1008B000B61A754640EA5C005B084FEA3202B6EBB6
:1008C000020E75EB030E22BFB61A754640EA9C0075
:1008D0005B084FEA3202B6EB020E75EB030E22BF45
:1008E000B61A754640EADC0055EA060E18D04FEA03
:1008F000051545EA16754FEA06164FEAC30343EAA3
:1009000052734FEAC2025FEA1C1CC0D111F4801F6F
:100910000BD141EA00014FF000004FF0004CB6E768
:1009200011F4801F04BF01430020B4F1FD0C88BF07
:10093000BCF5E06F3FF6AFAEB5EB030C04BFB6EB12
:10094000020C5FEA500C50F1000041EB045170BD05
:100950000EF0004E4EEA113114EB5C04C2BFD4EB32
:100960000C0541EA045170BD41F480114FF0000EB6
:10097000013C90E645EA060E8DE60CEA135594EA32
:100980000C0F08BF95EA0C0F3FF43BAF94EA0C0F35
:100990000AD150EA01347FF434AF95EA0C0F7FF4AA
:1009A00025AF104619462CE795EA0C0F06D152EAFE
:1009B00003353FF4FDAE1046194622E750EA4106E2
:1009C00018BF52EA43067FF4C5AE50EA41047FF4F3
:1009D0000DAF52EA43057FF4EBAE12E74FF0FF3C58
:1009E00006E000BF4FF0010C02E000BF4FF0010C29
:1009F0004DF804CD4FEA410C7FEA6C5C4FEA430CA2
:100A000018BF7FEA6C5C1BD001B050EA410C0CBFF0
:100A100052EA430C91EA030F02BF90EA020F002052
:100A2000704710F1000F91EA030F58BF994208BFB9
:100A300090422CBFD8176FEAE37040F00100704776
:100A40004FEA410C7FEA6C5C02D150EA013C07D1CD
:100A50004FEA430C7FEA6C5CD6D152EA033CD3D018
:100A60005DF8040B704700BF8446104662468C4612
:100A70001946634600E000BF01B5FFF7B7FF002845
:100A800048BF10F1000F01BD4DF808EDFFF7F4FF6E
:100A90000CBF012000205DF808FB00BF4DF808EDF9
:100AA000FFF7EAFF34BF012000205DF808FB00BF1C
:100AB0004DF808EDFFF7E0FF94BF012000205DF83E
:100AC00008FB00BF4DF808EDFFF7CEFF94BF0120F3
:100AD00000205DF808FB00BF4DF808EDFFF7C4FFEC
:100AE00034BF012000205DF808FB00BF4FEA410C35
:100AF0007FEA6C5C02D150EA013C0AD14FEA430C18
:100B00007FEA6C5C02D152EA033C02D14FF0000054
:100B100070474FF0010070474FEA410212F5001292
:100B200015D211D56FF47873B3EB625212D94FEA34
:100B3000C12343F0004343EA505311F0004F23FA1E
:100B400002F018BF404270474FF00000704750EA73
:100B5000013005D111F0004008BF6FF00040704730
:100B60004FF00000704700BF53B94AB9002908BFD1
:100B700000281CBF4FF0FF314FF0FF3000F00CB8E1
:100B8000ADF1080C6DE904CE0BF0D6FCDDF804E005
:100B9000DDE9022304B07047704700BF0348044BEF
:100BA000834202D0034B03B118477047E80100208D
:100BB000E8010020000000000548064B1B1AD90F71
:100BC00001EBA301491002D0034B03B11847704752
:100BD000E8010020E80100200000000010B5064CEC
:100BE000237843B9FFF7DAFF044B13B10448AFF39E
:100BF00000800123237010BDE801002000000000E8
:100C0000F8C8000808B5054B1BB105490548AFF306
:100C10000080BDE80840FFF7CFBF00BF0000000024
:100C2000EC010020F8C80008B0FA80F238B552098B
:100C300004460D460E48102104F0B8FEA4F101024E
:100C4000B2FA82F20A482021520904F0AFFEA4F160
:100C50000202B2FA82F206484021520904F0A6FECE
:100C60002A460348BDE83840802104F09FBE00BFFB
:100C7000000002402DE9F0418EB004F083F90446F3
:100C8000544890F8083A2BB1534A1368E31AB3F565
:100C90007A7F02D20EB0BDE8F081504B1460196823
:100CA0004B6A4F491E4600F069FF4C4B002873D039
:100CB00019684C484A6A4D6A4949921B0B9201F0E7
:100CC0000DF84848484E01F0F7F9444B0B9A1B6861
:100CD0005B6A08925B1B454D09932B680133804684
:100CE0002B6030680D93FFF70FFC3746CDE9060106
:100CF00057F8040DFFF708FCCDE90401334653F81B
:100D0000080D0C93FFF700FC0D9B394ACDF80080CD
:100D1000CDE9020180213748CDF82C8009F0B8FADE
:100D200081B2344801F018FDDDF82C8000214046E6
:100D3000FFF77AFF0C9B96ED002A93ED001A2E4BDD
:100D4000D7ED001AD3ED010A93ED000A2B4B28686A
:100D50001B7821462A4C424602F086FA2378012B62
:100D600098D8264B1E491A78204601F093FA00289D
:100D700090D004F58044214B94F8360E1978214A1E
:100D80002B6800910A24CDE901048021194809F05B
:100D90007FFA81B2174817E01B4CDFF858C00FCC20
:100DA000CCF80000CCF80410CCF8082007CCCCF824
:100DB0000C302378CCF81000CCF8141060461C21BD
:100DC000CCF818208CF81C300EB0BDE8F04101F0D2
:100DD000C3BC00BFA4550120040200202C600120E8
:100DE0001002002058580020ACD600200802002035
:100DF00030C900085C610120E00900200C020020DD
:100E0000100A002084C9000810C90008724B1A7823
:100E100002B9704710B5714A00218AB01970137871
:100E2000303B472B28D8DFE803F0335575272727B9
:100E30002727272727272727272727272727272742
:100E40002727272727272727272727272727272732
:100E50002727272727272727272727272727272722
:100E6000952727272727B72727272727CE2427D2C5
:100E7000272F5B4801F0A6FB58495A4801220AB0C7
:100E8000BDE8104004F0E8BE574801F035F9F3E73B
:100E9000DFF86CC1DFF860E1BCE80F00CEF8082095
:100EA000524ACEF804100021CEF800001170BCE8C0
:100EB0000700CEF80C30CEF810009CF80030CEF8C9
:100EC000141070461C21CEF818208EF81C3001F04A
:100ED00043FCD1E7DFF82CC1DFF81CE1BCE80F00D0
:100EE000CEF80000CEF80410CEF80820CEF80C3072
:100EF000BCE80F00CEF818203C4ACEF81000CEF81F
:100F00001410CEF81C30704601231F21137001F01D
:100F100023FCB1E7DFF8F0C0DFF8DCE0BCE80F004D
:100F2000CEF80000CEF80410CEF80820CEF80C3031
:100F3000BCE80F00CEF818202C4ACEF81000CEF8EE
:100F40001410CEF81C30704602231F21137001F0DC
:100F500003FC91E702F010FA254CDFF89CE0A44670
:100F6000BCE80F00CEF80C30224BCEF800009C45B8
:100F70000EF1100E04F110044EF80C1C4EF8082C63
:100F8000EDD12068A388CEF8000025211A48AEF8DC
:100F9000043001F0E1FB6FE705A802F001FADDE99A
:100FA0000731069C154A1448CDE9023105999DF890
:100FB0002430CDE90014802109F06AF981B20E488D
:100FC00001F0CAFB58E7064801F0CCFA54E70448A0
:100FD00001F098FA50E700BF0D0200200E02002039
:100FE000100A002078600120585800200C020020D0
:100FF00078CA000898CA00085C61012028CA000865
:10100000C8C90008E8C9000808CA0008164A1378C9
:10101000023B032B00D9704770B5144B02F5804496
:101020001878D4F8386E0121FFF7FEFDA4F5804052
:1010300001F002FB0D4B00211878FFF7F5FDD4F805
:10104000385EAE420FD003F09DFF04F5646393ED6C
:10105000000AD4F83C2E94F8443E01462846BDE8E8
:10106000704002F055B970BD100A00200C0200203B
:1010700008B5144B1A7802B908BD134A1348126810
:10108000002119701249536A00F0F2FB60B9114A4D
:101090000F49114800F01AFC0E49104800F042FDBB
:1010A000094B1B685B6A08BD0D4B0E4A1B680E4856
:1010B000802109F0EDF8BDE8084081B20A4801F04E
:1010C0004BBB00BF0F0200202C600120C45F012039
:1010D000F4090020E0090020B05F0120A4550120A0
:1010E00008020020A0CA00085C61012070B5A2B00F
:1010F0000024AD4B05941A6B42F008021A631B6B77
:1011000010944FF47040012103F00803CDE90C0165
:101110000593A648059B0CA9CDE90E4404F08EFA70
:101120000122A2484FF4704104F040FC0694A04A0A
:10113000069B934205DC069B01330693069B934274
:10114000F9DD00224FF470419848974D002404F0D7
:101150002DFC03F0F1FE0021302216A809F00EF953
:10116000CDE91144CDE913440A9415942A6C914BAE
:1011700042F080522A642A6C02F080520A920A9A43
:101180000B941A6842F480421A601B6803F480438F
:101190000B930B9B01224FF480330226CDE91623DB
:1011A0004FF48003CDE91C6308224FF4A873CDE906
:1011B0001E2316A802220723CDE9202303F062FF95
:1011C0000F234FF4A05C119305214FF4805311A815
:1011D000CDE914C3CDE9126404F072F9CDE91844E5
:1011E00007941A942B6B714843F001032B632B6B0C
:1011F00003F001030793079B08942B6B33432B6386
:101200002B6B33400893089B09942B6B43F004032A
:101210002B632B6B03F004030993099B11942B6B35
:1012200043F008032B632B6B03F0080311934FF477
:101230007042012316A9CDE91623119B04F0FEF993
:101240005A4822464FF4704104F0B0FB01254FF498
:10125000041301225848189516A9CDE9162304F065
:10126000EDF931462246062003F0B6FE062003F0D3
:10127000E5FE4FF404134FF400525048189416A999
:10128000CDE9162304F0DAF922460321282003F0E1
:10129000A3FE282003F0D2FE49494A4A4A4B0C6279
:1012A000C1E9002308464FF48043C1E90434C1E991
:1012B0000244C1E9064405F009F9444A444B13606D
:1012C0000C264FF4E1331046C2E904465360C2E9EC
:1012D0000244C2E9064404F00FFC3E4BDFF824E16F
:1012E0005E611846C3E902441C619C61DC614FF4F5
:1012F0006123C0E900E304F0FFFB374A4FF080416F
:101300005323C2E9001310464FF0FF33D3609460BB
:101310001461946106F04AFC304A3148946040F20E
:101320004733C2E90003802640F2E7331046D3601A
:101330001461966106F03AFC224629461D2003F00E
:101340004BFE1D2003F07AFE01F00EFA234806F052
:10135000D3FA244801F0ECFA234800F049FC1D4A76
:101360002149224800F070FF214800F09FFA2148EF
:1013700000F0D2FB1249204800F09EF903460028F5
:1013800042D031461D4A1E4808F082FF81B21C48F7
:1013900001F0E2F905484FF4804104F00BFB6420B2
:1013A00003F0F6FDF6E700BF00380240000C0240F3
:1013B0003F420F0000700040000002400008024061
:1013C0000861012000540040801A06007860012066
:1013D00000440040C06001202C600120E45F012037
:1013E000000400403412CDAB58580020100A0020F1
:1013F000B05F0120A4550120C45F0120C8CA0008C5
:101400005C61012000100140574E584D06F1300C30
:1014100034460FCC644505F1100506F1100645F879
:10142000100C45F80C1C45F8082C45F8043CEFD18D
:101430002F214E484E4E4D4D01F08EF94D4801F092
:1014400097FA4D4801F094FA4C4801F091FA4C4853
:1014500001F08EFA4B4801F08BFA01F0D3FA06F155
:10146000300C34460FCC644505F1100506F110062A
:1014700045F8100C45F80C1C45F8082C45F8043CC0
:10148000EFD1B3783288AB7038482A80322101F02E
:1014900063F93D493D48012204F0DEFB01224FF48F
:1014A00080513B4804F082FA642003F071FD002271
:1014B0004FF48051364804F079FA642003F068FD57
:1014C000344932484FF4FA731C2204F049FB0028D7
:1014D0003FD1314E254C06F1300C35460FCD6545D8
:1014E00004F1100406F1100644F8100C44F80C1C2A
:1014F00044F8082C44F8043CEFD103CE3388206034
:10150000616023811948392101F026F90A244FF43A
:10151000FA7303201021CDE90031204ACDE90204FD
:101520008021124808F0B4FE4021104801F014F95F
:1015300001F060F901F092FA80210346184A0B4845
:1015400008F0A6FE81B2094801F006F901F070FA30
:10155000FCE7322003F01CFD0E490C484FF4FA73EF
:101560001C2204F0FDFAB4E704CB00085C61012002
:1015700034CB0008A4D8000898D800088CD80008FC
:101580000800002080D800080E02002078600120AA
:10159000000C024068CB000888CB0008C4CB0008D0
:1015A00004CC0008044B02689A4200D07047034BF9
:1015B00001221A70704700BF000400400F02002093
:1015C000044B02689A4200D07047034B01221A7004
:1015D000704700BF004400400D02002010B54FF0DE
:1015E0000A0C88B00E23CDE9013C04AB00931446ED
:1015F00001233B2205F030F8034638BBBDF810C08C
:10160000BDF81210BDF814001A469CFA9CFC6CF34D
:101610000F0249BA61F31F422260BDF81A20BDF8DB
:10162000181052BA6281BDF81C2049BA218152BA01
:10163000BDF81610A28140BA1A4649BA60F30F02EB
:1016400061F31F421846626008B010BD064A0748A1
:10165000802108F01DFE81B2044801F07DF80123CD
:10166000184608B010BD00BF70CC00085C610120B6
:1016700030B50A2385B00124CDE9014300920D461F
:101680000A4623460179006804F0E6FF08B905B070
:1016900030BD074A00902B468021064808F0F8FD2F
:1016A00081B2044801F058F8204605B030BD00BFB3
:1016B0009CCC00085C61012030B5002385B0D025AA
:1016C00000220160057182838360C360036143610E
:1016D00083610DF10F0275210446FFF7C9FF05462E
:1016E00088BB9DF80F30682B30D1204A20488021DC
:1016F00008F0CEFD1E48222101F02EF80123DFF86C
:101700007CE0DFF86CC0237774460FCCCCF80C304B
:10171000184BCCF800009C420CF1100C0EF1100E8E
:101720004CF80C1C4CF8082CEED1BEE803009EF8D7
:101730000030CCF80000CCF804100D488CF80830CC
:10174000382101F009F8284605B030BD68210A4A61
:1017500000910748802108F09BFD05483A2100F0E0
:10176000FBFF0225284605B030BD00BF0CCD0008A8
:101770005C61012064CD0008CCCC000834CD0008A9
:10178000B1F900309FED356ADFED356A90ED057AED
:101790009FED345ADFED345A07EE903AF8EEE77ACF
:1017A00067EE867A67EEA67A77EEC77A9FED2F7A94
:1017B000C2ED007AB1F90230D0ED064A07EE903A58
:1017C000F8EEE77A67EE867A67EEA67A77EEE47A45
:1017D000C2ED017AB1F9043007EE903AF8EEE77AFB
:1017E00067EE867A67EEA67AC2ED027AB1F9083022
:1017F00090ED026A06EE903AF8EEE66AC6EE877A57
:1018000077EEC67AC2ED037AB1F90A3090ED036A39
:1018100006EE903AF8EEE66AC6EE877A77EEC67A7A
:10182000C2ED047AB1F90C3090ED046A06EE903AFC
:10183000F8EEE66AC6EE877A77EEC67AC2ED057AEA
:10184000B1F9063007EE103AB8EEC77AC7EE057A5E
:1018500077EEA57AC2ED067A704700BF00008038A7
:101860000AE81C410000AA43B81E124200000343CC
:1018700030B5037F87B0A3B103460D4602AA0179B4
:1018800000680193FFF7AAFE044610B1204607B096
:1018900030BD01982A4602A9FFF772FF204607B023
:1018A00030BD0424204607B030BD00BF0023DFF860
:1018B00018C00449036000224360C0F808C0C1603A
:1018C000027470470AD7233C48E17A3F00B52DEDFA
:1018D000068BD1ED009AD1ED028A9FED4D9A91EDE4
:1018E000018A9FED4CAA68EEA88A69EEA97A85B0B4
:1018F00077EEA87AB0EE480AF1EEE70ACDE90120CA
:101900000391B4EEE09AF1EE10FAC8BFF0EE490A86
:1019100007F056FB28EE088AF0EE407A38EE288A67
:10192000B0EE690AF1EEC80A67EE8A8AB4EEE09A70
:10193000F1EE10FAC8BFF0EE490A07F041FB029839
:10194000019A037C039920EE0A0ADBBB012303748E
:1019500080ED010AC0ED008AD1ED046A91ED037AB1
:10196000D1ED055AD1ED007A91ED016A26EEA65A25
:1019700027EE077AD1ED026AC2ED008A37EE057ACA
:1019800065EEA55A26EE066A67EEA77A37EE257A47
:1019900077EE867A66EEA66AB1EEC76A4368536050
:1019A00077EEA67A92ED027A82ED026AF1EEE76AAC
:1019B00076EE477AC2ED036AC2ED047A05B0BDEC5B
:1019C000068B00BDD0ED037AD1ED046A91ED037A68
:1019D00090ED026A90ED005AD0ED015A27EE877A19
:1019E00067EEA67AF7EE006A76EEC66A37EE057AFB
:1019F00077EEA57A27EE067A66EEA88A67EE867AF3
:101A000026EE800A77EE288A37EE800AA0E700BF2C
:101A1000BD378635E02E6542002961D000B5DFED87
:101A20003C7A85B003468A0000EB810E8446BCEC0C
:101A3000017AE64577EE877AF9D106EE901AB8EE8C
:101A4000E66A9FED337AC7EE866AF3EC017A77EEA9
:101A5000E67A9E4567EEA77A37EE277AF5D1012917
:101A6000034629D0013907EE901AF8EEE77A87EE9F
:101A7000270AB5EE400AF1EE10FA35D4F1EEC07A3D
:101A80009FED247AF4EEC77AF1EE10FA22D49FED9E
:101A9000217A77EE877AB7EE006A86EE277A1A44C3
:101AA000D3ED007A77EEE67A67EE877AE3EC017A97
:101AB0009A42F5D105B000BDB5EE407AF1EE10FACC
:101AC0001FD4F1EEC77A9FED137AF4EEC77AF1EEE8
:101AD00010FADCD5002105B05DF804EB08F04EBC2F
:101AE0000A46002108F04ABCCDE90220CDED016A8A
:101AF00007F0D4FADDE90223DDED016AF0EE407A69
:101B0000C5E7CDE90220CDED016AB0EE470AEFE767
:101B10000000000095BFD63340F60C22002108F0EB
:101B20002DBC00BFD0F8002AD1F800C002F07F031E
:101B300003EB830300EB83030132C3F800C0D1F849
:101B400004C0C3F804C0D1F808C0C3F808C0D1F875
:101B50000CC0C3F80CC009691961D0F8043AC0F888
:101B6000002A7F2B03D9012380F8083A70470133FC
:101B7000632BC0F8043AF6D8704700BF38B590F828
:101B8000083A93B3D0F8003A0D460C4601F5966E2C
:101B9000A3F1640C01F5C8712A460CF07F0303EB36
:101BA000830300EB8303D3ED007AE2EC017AD3EDFB
:101BB000017AC2ED637AD3ED027AC2EDC77AD3ED32
:101BC000037AEEEC017A1B69CEF88C318A420CF173
:101BD000010CE2D105F5FA652046642104F5C874CC
:101BE000FFF71AFFA542F7D10123184638BD00BF01
:101BF0002DE9F04100F570432DED028B03F6FC4218
:101C0000054631489FED318A86B0106005F57D426A
:101C10004FF00008002105F57D40116005F5FC47F7
:101C20004022C3F8048D83F8488D4146083005F5FD
:101C3000FA4608F0A3FB40224146304608F09EFBDE
:101C40002C46C7F80080C7F80480C7F8088000F069
:101C500079FE20EE080AA4EC010AB442F7D105F59A
:101C6000FA459FED1B8A403500F06CFE20EE080A15
:101C7000A5EC010ABD42F7D10FA3D3E9002310A5BB
:101C8000D5E90045CDE9042303211023CDE9003136
:101C9000CDE902450F4A10484FF4FA73802108F04D
:101CA000F7FA81B20C4806B0BDEC028BBDE8F041FA
:101CB00000F052BDAFF30080000000A081FBE13FC7
:101CC000000000C0ED9ABB3F0AD7233C6ED7DC3D35
:101CD0000DDC0F3F70CD00085C61012070B52DED6B
:101CE000028B00F5FA449FED4D6A0D4600F5FA4E61
:101CF00000F5FA6C40340146BEEC017A2A460B46E8
:101D0000F3EC017AF2EC016A67EEA67A634537EEEE
:101D1000277AF5D1B5EEC07AF1EE10FAD4BFF0EE25
:101D2000467AF0EE477AA6458EED557ACEED427AA8
:101D300001F5FA6103F5FA6CDED100F5FC4500F51A
:101D4000FC4400F5FB410C35B4EC017AA1F14003F1
:101D50002A46F3EC017AF2EC016A67EEA67A994220
:101D600037EE277AF5D1A54284ED257A84ED127AF3
:101D700001F14001E8D100F5E04606F5656306F69D
:101D80004C62D3ED007A92ED007A9FED248AF4EE56
:101D9000C77A06F65463F1EE10FAD3ED008AD8BF85
:101DA000F0EE477AF4EEE78AF1EE10FA00F5FC4423
:101DB00000F5FC45D8BFF0EE678A4C34583594EDF9
:101DC000000A30EE680A07F0FDF8A4EC010AA5420B
:101DD00038EE008AF3D19FED127A38EE078AF7EEDB
:101DE000007A87EE887A06F64C6206F5656306F699
:101DF0005466D2ED007A67EE877AC2ED007AD3EDB1
:101E0000007A67EE877AC3ED007AD6ED007A67EE46
:101E1000877AC6ED007ABDEC028B70BD0000000031
:101E200095BFD6332DE9F04100EB820300F5E04287
:101E300000F570450C4602F64C6105F54B660968E5
:101E4000316002F5656102F60C670E6805F6B44173
:101E500003F57C430E6002F6546105F6B84209684A
:101E60001160D3ED2C7AB7EE007A77EEC77A00F5E1
:101E70007B4600F57C4C00F57C4100F5FC4800F504
:101E8000FC4EC3ED2C7AE8360CF1B00CBC3108F1F5
:101E900010080EF14C0EBCEC017A0CED047AD7ED73
:101EA000007A67EE877A4346324646ED017AB3EC14
:101EB000017A5CED017A67EE877A7345E2EC017A8C
:101EC000F5D18C4506F14006E5D100F5FA4305F55C
:101ED0004B6705F6B4469FED2D6A403300F5FB4C89
:101EE00005F6B8451BE0D2ED007AD7ED006A93ED18
:101EF0000F7A96ED005AD5ED005A66EEA76A27EEE6
:101F0000057AD3ED1F7A76EE866A67EEA57A37EE0C
:101F1000267A634577EE877AE1EC017A0FD0D3ED2C
:101F2000467AF5EEC07AF1EE10FA1A4603F1040390
:101F3000D9DCF0EE467A6345E1EC017AEFD100F5A9
:101F4000FD4500F57B4E24350EF1E40029460EF1E7
:101F5000A40E04F5FA6C9EED467A2346AEEC017AA7
:101F60000A46F3EC017A67EE277A6345E2EC017AE0
:101F7000F7D1864501F5FA61EDD12846B1EE040AA4
:101F8000BDE8F0414FF4FA5100F018BC0000000029
:101F900000F5704C0CF6FC4300F5FD42D3ED006AF1
:101FA000243200F5FA410346B2EC017AD3ED007A0F
:101FB00027EE267A77EEC77AE3EC017A8B42F3D1EB
:101FC00000F57B4200F5FA43A4324033B2EC017ACB
:101FD000D1ED007A27EE267A77EEC77AE1EC017A26
:101FE0009942F3D100F57B42E43200F5FC41B2ECBA
:101FF000017AD3ED007A27EE267A77EEC77AE3EC02
:10200000017A8B42F3D100F57C4300F5FC40A43308
:102010000C30B3EC017AD1ED007A27EE267A77EE18
:10202000C77AE1EC017A8842F3D1DCF8043D013350
:10203000CCF8043D704700BF30B583B01546044668
:102040000191FFF74BFE05F5FC53123304EB8303BC
:10205000D3ED017A9FED170AB4EEE70AF1EE10FA1C
:10206000D8BFB0EE670A06F0E9FF04F5704CB1EE98
:10207000400A9CF8483D01998DED010A03F57D5019
:102080000230013304EB800003F00F0380ED000AFF
:102090008CF8483D04F57D4383ED000A2A4620462E
:1020A000FFF7C0FE2046FFF773FF9DED010A03B066
:1020B00030BD00BF95BFD63300F5E04303F64C6159
:1020C00003F5656291ED007AD2ED007AB4EEE77A1D
:1020D000F1EE10FA0DD4F0EE477A002003F65463C7
:1020E00093ED007AB4EEE77AF1EE10FAC8BF022061
:1020F00070470120F2E700BFF0B52DED028B90EDA7
:10210000008A9FED4A7A87B00446F0EE488A00F5CF
:10211000FA420346F3EC017AB4EEE78AF1EE10FAE4
:10212000F4EEE87AC8BFB0EE678AF1EE10FAC8BFE5
:10213000F0EE678A934237EE277AEBD1DFED3C7AF7
:10214000C7EE277A17EE900AFEF7DEF902460B4635
:1021500018EE900ACDE90423FEF7D6F90B460246A5
:1021600018EE100ACDE90223FEF7CEF9314ACDE987
:1021700000018021304808F08BF881B22E4800F031
:10218000EBFA04F5704304F57D42D3F8043D106882
:102190001D46FEF7B9F904F57D4304F57D42DFEDF8
:1021A000237A06460F4608334832B3EC017A93424D
:1021B00077EE877AF9D19FED217A67EE877A04F579
:1021C000E04417EE900AFEF79FF91D4ACDE902019F
:1021D0002B46CDE900678021174808F059F881B2F5
:1021E000154800F0B9FA04F654631868FEF78CF944
:1021F000CDE9040104F5656304F64C641868FEF744
:1022000083F9CDE902012068FEF77EF90D4ACDE998
:1022100000018021084808F03BF881B2064807B069
:10222000BDEC028BBDE8F04000F096BA0000000063
:102230000000FA45B0CD00085C6101200000803D3F
:10224000E8CD00081CCE000838B50D461446002124
:1022500044F6486208F092F84722C0E901540A495E
:102260000A4808F00AF90948462100F075FA0A23DD
:102270008021074A054808F00BF8BDE838400348BC
:102280002E2100F069BA00BF64CE00085C61012015
:10229000ACCE000890F800C0BCF1010F57D8F0B5E3
:1022A00000F5804585B095F8363E092B17460E4659
:1022B000044629D8BCF1000F58D04FF4FA6202FB53
:1022C000034031460C30039308F0D7F8039B38489D
:1022D00044F62C62234480219F5495F8363E0197A2
:1022E0000133DBB20A2285F8363E0092314A07F00C
:1022F000CFFF81B22E4800F02FFA95F8363E092B19
:1023000027D8012005B0F0BD2B4D294C05F1200E3A
:10231000AC46BCE80F00F44504F1100405F11005CB
:1023200044F8100C44F80C1C44F8082C44F8043C05
:10233000EED107CD2B88A381AB78206061601C486B
:10234000A2602E21A37300F007FA0020DAE7002034
:10235000704702232370194A15480A23802107F089
:1023600097FF1348362100F0F7F9CAE7DFF850C0AD
:10237000DFF83CE001230370BCE80F00CEF800005A
:10238000CEF80410CEF80820CEF80C30BCE80F00D0
:10239000CEF81000CEF8141070461F21CEF81C3075
:1023A000CEF8182000F0D8F995F8363E85E700BF42
:1023B0005C6101202CCF0008DCCE000858CF00085B
:1023C0000CCF00082DE9F04D00F580472DED028B74
:1023D000D7F8383E454A013384B0802180464448CE
:1023E00007F056FF81B2424800F0B6F997F8363E42
:1023F000002B75D008F59C459FED3E8A2B3508F1E2
:102400000C06002415F8012FD8F804003146FFF718
:1024100013FE10EE100A38EE008AFEF775F82A78DF
:1024200097F8363E013482468B46CDE90032802152
:10243000314A2F482346CDE902AB07F029FF81B28C
:102440002B4800F089F997F8363EE2B2934206F540
:10245000FA66D7D807EE903AB8EE677AC8EE077AF0
:1024600007F56462254E224CC2ED007AD7F83C2E67
:102470001344C7F83C3E17EE900A0293FEF744F867
:102480001F4ACDE900018021194807F001FF81B200
:10249000174800F061F906F1300735460FCDBD420F
:1024A00004F1100406F1100644F8100C44F80C1C5A
:1024B00044F8082C44F8043CEFD103CE3388238140
:1024C000B37820606160A37209483A2100F044F9B2
:1024D000032388F8003004B0BDEC028BBDE8F08D1A
:1024E0009FED047AB0EE478AB8E700BF90CF0008AE
:1024F0005C61012000000000C8CF000838D000084F
:10250000F8CF00080378012B00D9704730B5124D81
:10251000DFF84CE083B084462C460FCCCEF80C306C
:102520000E4BCEF800009C420EF1100E05F1100586
:102530004EF80C1C4EF8082CEED12868CDF804C0DB
:102540002321CEF80000064800F006F9019B032283
:102550001A7003B030BD00BF74D0000894D00008DA
:102560005C61012010B544F62C62044600210C3059
:1025700007F004FF00232370DFF840C0DFF840E0DD
:1025800004F58044A4F8453EBCE80F00CEF80000F6
:10259000CEF80410BCE80300CEF80C30BCF80030D4
:1025A000CEF81000CEF81410CEF80820AEF818308F
:1025B00070461921BDE8104000F0CEB898D0000850
:1025C0005C61012030B50378052B00F5804496BF8F
:1025D000154A164B52F8233094F8462E89B004F56C
:1025E000646105460868059294F8442E07930492A6
:1025F000FDF78AFFCDE90201D4F83C0ED4F8381E6D
:10260000079B0B4ACDE9001080210A4807F040FEE5
:10261000011E03DD074889B200F09EF8686809B022
:10262000BDE83040FFF768BDB0D800085CCE0008B8
:10263000B4D000085C61012038B503780446052B4E
:1026400072D8DFE803F00505343803060023037071
:1026500038BD00F580453A4A95F8453E3948802115
:1026600007F016FE81B2374800F076F844F62C6287
:10267000002104F10C0007F081FEDFF8D8C0002330
:102680002370A5F8453EBCE80F002E4C2060616029
:10269000BCE80300E360BCF8003020616161A26027
:1026A000238320461921BDE8384000F055B8BDE825
:1026B0003840FFF787BE244DDFF888C0AE46BEE83D
:1026C0000F00CCF80C30214BCCF800009E450CF1EB
:1026D000100C05F110054CF80C1C4CF8082CEDD131
:1026E0002B4607CB1B78CCF80000CCF80410CCF8B4
:1026F00008208CF80C3013483C2100F02DF804F52C
:10270000804044F62C62D0F8383E0133C0F8383EA1
:10271000002104F10C0007F031FE00232370204655
:10272000BDE83840FFF74EBF094A0648802107F050
:10273000AFFD81B2034800F00FF80523237038BDC8
:1027400044D100085C61012004D1000834D10008A4
:1027500074D1000898D000080A4664230146014855
:1027600003F0FEB97860012010B5104805F08EF82E
:10277000DFF844E0DFF83CC0BEE80F00ACE80F0033
:10278000BEE80F00ACE80F009EE803004CF8040B15
:102790002CF8021B4FEA114E8CF800E0BDE8104007
:1027A000034804496423262203F0DAB92C6001208F
:1027B000786001205C610120D4D10008C1B100EB38
:1027C0008101B1EE407A03E000ED010A81420FD0B1
:1027D000F0EC017AF4EEC07AF1EE10FAF4DCF4EEEB
:1027E000C77AF1EE10FAF1D5814200ED017AEFD10E
:1027F000704700BFF0B583B0EFF30885404E414FFE
:10280000DFF828C1404CAB1B7A1B01930092BCE857
:102810000F000FC49CE80F0007C41C222370A4F112
:102820001C016423394803F09BF93B46384A802158
:10283000A4F11C0007F02CFDA4F11C01642321224B
:10284000324803F08DF92B46324A334D8021A4F1F2
:102850001C0007F01DFDA4F11C01642321222B485C
:1028600003F07EF933462D4A8021A4F11C0007F0C5
:102870000FFDA4F11C0164232122244803F070F908
:10288000009B274A8021A4F11C0007F001FDA4F160
:102890001C0182B264231D4803F062F9019B214AA6
:1028A0008021A4F11C0007F0F3FCA4F11C0182B20A
:1028B0006423164803F054F91B4A4FF4FA4380216D
:1028C000A4F11C0007F0E4FCA4F11C016423222203
:1028D0000E4803F045F90FCDA4F11C0CACE80F0035
:1028E00095E80F00ACE80700084823701C22642319
:1028F000A4F11C0103B0BDE8F04003F031B900BF02
:102900006C720120000002205C61012078600120CF
:102910001CD200083CD20008E4D200085CD20008B7
:102920007CD20008A0D20008C4D20008FCD1000864
:1029300000B90248024B1860704700BFEFBEADDE21
:1029400000000020074A08481168084B00FB0133CB
:1029500000EE103ABBEEE00AF7EE007A30EE670ABE
:1029600013607047000000200D6619005FF36E3C95
:1029700000B5DFF888C003689CF80020072A83B000
:102980001ED8511CC9B28CF80010DFF874C04CF886
:102990002200DFF860C0154A0820CDE90010002BA6
:1029A00008BF63468021124807F072FC011E02DC5A
:1029B000012003B000BD0E4889B2FFF7CDFEF7E756
:1029C0000C490D4A0A48002B08BF0B460093802192
:1029D000082307F05DFC011E02DC002003B000BDEF
:1029E000034889B2FFF7B8FE0020F7E768D3000874
:1029F0005C61012004D3000808D30008DC610120D9
:102A0000E061012070B5084E33785BB1074D0024BA
:102A100055F8043F5B6803B1984732780134E3B25C
:102A20009A42F5D870BD00BFDC610120DC61012055
:102A300070B5084E33785BB1074D002455F8043F5C
:102A40009B6803B1984732780134E3B29A42F5D8D3
:102A500070BD00BFDC610120DC610120014B1878F2
:102A6000704700BFDC6101200120704730B51B4B6F
:102A70001B7885B01BB90125284605B030BD13462B
:102A80000C464FF4FA620146009215480393224621
:102A900005F092F9039B054688B902F073FA0446E3
:102AA0000F4805F04FFE0428E6D002F06BFA001B39
:102AB000B0F5FA6FF4D90225284605B030BD094AB1
:102AC000009380212346084807F0E2FB81B20648C4
:102AD000FFF742FE0325284605B030BD0062012005
:102AE0000462012094D300085C61012030B51B4BC7
:102AF0001B7885B01BB90125284605B030BD1346AB
:102B00000C464FF4FA6201460092154803932246A0
:102B100005F054FA039B054688B902F033FA0446DF
:102B20000F4805F00FFE0428E6D002F02BFA001B38
:102B3000B0F5FA6FF4D90225284605B030BD094A30
:102B4000009380212346084807F0A2FB81B2064883
:102B5000FFF702FE0425284605B030BD00620120C3
:102B600004620120C8D300085C61012000B589B06F
:102B70000548694605F02CFD10B9069809B000BD5E
:102B8000002009B000BD00BF0462012010B58CB068
:102B9000314804A905F01CFD00283AD1049B002B04
:102BA00033D12E4BDDE90A010191A0FB0112090D81
:102BB00041EA023102912A4A00908021294807F017
:102BC00067FB81B22748FFF7C7FD274A049B2548CA
:102BD000802107F05DFB81B22248FFF7BDFD234A4B
:102BE0000A9B2048802107F053FB81B21D48FFF764
:102BF000B3FD80211E4A1B480B9B07F049FB81B2A5
:102C00001848FFF7A9FD0CB010BD012B21D0194BBE
:102C1000C8E7194CDFF84CE0A446BCE80F00CEF83A
:102C20000C30164BCEF800009C450EF1100E04F14E
:102C300010044EF80C1C4EF8082CEDD12068A38827
:102C4000CEF8000025210748AEF80430FFF784FDD8
:102C5000D9E70B4BA6E700BF04620120FCD30008B4
:102C600038D400085C61012078D4000894D40008AE
:102C7000B0D400085CCE000810D4000830D400089E
:102C800004D4000870B58AB0574C58480025019507
:102C9000236B43F004032363236B03F004030193CA
:102CA000019B0295236B43F008032363236B03F01E
:102CB00008030293029B0395636C43F4006363640F
:102CC000636C03F4006303934FF4F8520223CDE9DD
:102CD000042301220323CDE9062304A90C2308932E
:102CE000039A042602F0AAFC4148049604A902F0C3
:102CF000A5FC802229463F4807F040FB3D493E4A5B
:102D000041F8042C081F7623836105F043FCE8B9E1
:102D100005463A484FF40061856105F06BFC02F00E
:102D200031F9044605E002F02DF9001BB0F5FA6F09
:102D30003AD8324805F006FD0428F4D1304B012280
:102D40001A70FFF723FF28460AB070BD2D4DDFF83B
:102D5000BCC00FCDCCF80000CCF80410CCF8082093
:102D600007CDCCF80C302B88CCF81000CCF8141020
:102D7000ACF81C306046AB788CF81E301E21CCF8C5
:102D80001820FFF7E9FC19484FF4F85102F06AFDEA
:102D90001748314602F066FD636C012523F4006399
:102DA000284663640AB070BD174E184D06F1300C0A
:102DB00034460FCC644505F1100506F1100645F8C0
:102DC000100C45F80C1C45F8082C45F8043CEFD1D4
:102DD00003CE3378286069602B720C483821FFF7E6
:102DE000BBFC0225AFE700BF0038024000080240EC
:102DF000000C024008620120002C01400462012006
:102E000000620120CCD40008ECD400085C610120F1
:102E100008B10120704708B5FFF726FE28B9084B16
:102E200003221A701878C0B208BDFFF72BFF044BBD
:102E3000003818BF012018701878C0B208BD00BF54
:102E40000400002008B10120704708B5FFF70CFE10
:102E5000044B18B91A7842F002021A701878C0B2FE
:102E600008BD00BF0400002078B909480078C007F9
:102E700009D408B5084611461A46FFF7F7FD003891
:102E800018BF012008BD032070470420704700BF11
:102E90000400002078B909480078C00709D408B5B3
:102EA000084611461A46FFF721FE003818BF0120D8
:102EB00008BD032070470420704700BF04000020B5
:102EC00050B9134B187810F001031DD1032903D812
:102ED000DFE801F0030915050423184670470121B6
:102EE00011601846704700B583B0CDE90023FFF7A5
:102EF0003DFE009A019B1060184603B000BD4FF4E0
:102F0000007111801846704703231846704700BFB0
:102F100004000020F0B5654E97B00127644865496C
:102F2000012201F02BF90D2835D0002867D1624825
:102F300001F0DEFB10F0F70F6CD05F4B5F4A0090A2
:102F400080215F4807F0A4F981B25D48FFF704FCD7
:102F500003243B465B4A5A480094802107F098F9C5
:102F600057483E21FFF7F8FB574AD3683220013318
:102F70000137D36002F00CF8042FCFD1534A5048E8
:102F80002346802107F084F94D48512117B0BDE850
:102F9000F040FFF7E1BB43224D49494807F06DFA85
:102FA00047484221FFF7D8FB4FF400720092494B8B
:102FB00040480022092101F097FC002874D1DFF875
:102FC00048C13F4D0CF1300E64460FCC744505F1FD
:102FD00010050CF1100C45F8100C45F80C1C45F8C8
:102FE000082C45F8043CEFD135482F21FFF7B4FBFE
:102FF00030492F48012201F0C1F8002897D0364A05
:10300000034680212E4807F043F981B22C48FFF790
:10301000A3FB9DE7314B324D01241C7001E0B4420B
:1030200037D0CDE90054244B2E4A30210AA807F0AE
:103030002FF904A90AA801F033FB042804F10104C4
:10304000EDD1294806220AA901F0C0F8044618B1BA
:10305000264A00900AAB73E70AAB254A184880213C
:1030600007F016F981B21648FFF776FB21491E4892
:10307000039403AB6B2201F09FF91B4801F09CFA0B
:103080001D4B01221A7001F07DFF1C4B186017B018
:10309000F0BD094B1A4A0A48802107F0F9F80848A0
:1030A0004621FFF759FB53E7164AA9E7A08601001E
:1030B000E06E012030CD000824D600082CD6000890
:1030C0005C6101201CD700088864012060D70008DB
:1030D00028D5000888620120F4D50008B56E0120CB
:1030E00070D6000860D60008B86E012074D60008BB
:1030F000A8D60008C8D80008B46E0120B06E012020
:10310000D4D600086CD50008C4D50008F8B5194D10
:103110002B780F2B26D800290C4606DB9F290A4660
:1031200026D99F273A463C4602E000273A463C46CD
:10313000114E3378014603EB830C104803EB4C131C
:10314000181807F09AF9327880F8A070013202F06E
:103150000F0232702A780346012002442A700022AE
:103160001A55F8BD064A5368013353600020F8BD74
:103170000F46DDE79C6401209E640120A0640120CD
:103180008864012010B52E4C237884B073B12D4B88
:103190001B786BB901F0F6FE2B4B196841F28732B0
:1031A000401A904202D92278002A31D104B010BDD1
:1031B000264B27491B7827480022039203EB830202
:1031C00003EB4213194403AB91F8A020019101F0E5
:1031D000F3F8034628B90199039A91F8A010914297
:1031E0001FD01D4A1D48802107F052F881B21B48AC
:1031F000FFF7B2FA1A4917488B6801338B60194BF5
:10320000002222701A7001F037FAFFF783FEC1E73F
:10321000104801F0D1F901F0B5FE0B4B186004B075
:1032200010BD0F4A136801331360084A1378013345
:1032300003F00F031370034A1378013B1370A9E7DF
:10324000B46E01209C640120B06E01209D640120B9
:10325000A0640120B86E0120B4D700085C61012091
:1032600088640120B56E0120DFF89CC09CF800C086
:10327000BCF1000F06D0DFF894C09CF800C0BCF190
:10328000000F01D1012070472DE9F043BBB080460B
:1032900012EE100A11EE907A11EE106A10EE905AAA
:1032A00010EE104A0E9311928946FDF72DF9CDE9E3
:1032B0000C013846FDF728F9CDE90A013046FDF743
:1032C00023F9119A0692CDE908012846FDF71CF969
:1032D000CDE904012046FDF717F90A4ACDF8009020
:1032E000CDE902014346A02112A806F0D1FF014614
:1032F00012A8FFF70BFF800080F00400C0B23BB0C3
:10330000BDE8F083E4D70008B56E0120B46E01205B
:10331000DFF85CC09CF800C0BCF1000F06D0DFF8FD
:1033200054C09CF800C0BCF1000F01D101207047CF
:1033300030B50446AFB010EE100ACDE904230D46B7
:10334000FDF7E2F8094A0095CDE902012346A021E4
:1033500006A806F09DFF014606A8FFF7D7FE8000ED
:1033600080F00400C0B22FB030BD00BF10D80008FC
:10337000B56E0120B46E012008B5064B1B7803B969
:1033800008BD054801F018F901F0FCFD034B186079
:1033900008BD00BFB46E0120B86E0120B06E0120E0
:1033A000B0B130B50B4BDFF834E01C7884460546ED
:1033B000BEE80F00ACE80F00DEF80030CCF80030BB
:1033C00024B1054B1C78003C18BF01242C7430BD7F
:1033D000704700BFB56E0120B46E012088640120E3
:1033E000016881B191F800C0BCF1200F13D90A46E1
:1033F000634603E012F8013F202B0CD93A2BF9D198
:10340000BCF1300F02D04FF0FF30704701318A42DB
:10341000F9D1013202600020704700BF48B1026854
:10342000034632B1107820B1B3F804C0D088844587
:1034300003D0002309200B60704700B583B050789B
:10344000CDE90013FFF7FEFC10F00100009904D154
:10345000019B1B680B6003B000BD092000230B60BB
:1034600003B000BDC3780BB90020704770B582B0BF
:10347000C26A019200F130010446012340780E46F1
:10348000FFF708FDC8B9216A019AA369E070511AD3
:1034900099420FD2A578012D02D80BE0A369019AB9
:1034A00060781A4431460123013D0192FFF7F2FC96
:1034B000012DF3D1002002B070BD012002B070BD1B
:1034C00070B582B00546FFF7CDFF50B92B78032BBE
:1034D00009D0002268781146FFF7F2FC003818BFC7
:1034E000012002B070BD2B79012BF2D104464FF4BC
:1034F000007205F1300021460193064606F03EFFBA
:103500004AF65522A5F82E220C4A2A6302F1FF52F0
:1035100002F500522032C5F81422EA68C5F81C22D0
:10352000EA692869C5F818020132019B6878EA62E5
:103530003146FFF7AFFC2C71CBE700BF525261411F
:103540000A46C16A914201D10020704710B582B08D
:1035500004460192FFF786FF019A08B102B010BD40
:103560006078012304F13001FFF77EFC019A10B16D
:1035700001204FF0FF32E26202B010BD4FF0000CAC
:1035800030B563462E25C4695A1CE35C202B01EB41
:103590000C0E08D0052B08BFE523092A18D08EF899
:1035A00009300CF1010C0B2A01D01346EBE78C44D7
:1035B00000238CF80930C369DB7A0B72C369DB69BD
:1035C0000B60C369D3F81630CB801B0C8B8030BDE9
:1035D000E64601EB0C048E4465720CF1020C8EF889
:1035E0000A301346CFE700BF30B54FF0FF35002358
:1035F000A94283B00446C370C56222D1B4F82E221A
:103600004AF655239A422AD194F83030E92B08D053
:10361000EB2B02D0022003B030BD94F83230902B57
:10362000F8D1D4F86630114A23F07F4393421BD07F
:10363000D4F882000E4BC01A18BF0120400003B01E
:1036400030BD0A4601914078012304F13001FFF7B3
:103650000BFC019A30B10420E56203B030BD0320B9
:1036600003B030BDE262C9E70020E8E746415400FC
:10367000464154332DE9F041002386B00B6001919F
:103680001546FFF7ADFE013000F0B9808D4B1C6888
:10369000002C00F0BC8001990C60237805F0FE0539
:1036A00063B16078FFF7CEFBC60707D415B14107B9
:1036B00000F1A980002006B0BDE8F0810020208044
:1036C000FFF7A6FBC20700F18E8015B1430700F19A
:1036D0009A8000212046FFF787FF022868D004283F
:1036E00000F09780012898BF002178D8B4F83B30CB
:1036F000B3F5007F73D1B4F8460000B9606D94F85B
:103700004020A061531E012BA27068D894F83D3070
:103710006381002B63D05D1E1D4260D1B4F841E08F
:10372000A4F808E01EF00F0F59D1B4F8435005B9C2
:10373000256DE68F002E52D000FB02F206EB1E1C18
:10374000944465454BD3A5EB0C059D4247D3B5FB8F
:10375000F3F54FF6F5777318BD420CEB0106B04652
:1037600005F1020C57D92362B4F85A30A6625EEA1A
:103770000303C4F814C0E16131D14FEA8C0303F2B2
:10378000FF13E26D6262B0EB532F28D3B4F86020D0
:103790004FF0FF338020012AC4E90333207170D039
:1037A0000323494A2370138801331380E38081E7A0
:1037B00002AD04F5F77304F22E2029461A7902B1FE
:1037C0009A6841F8042B10339842F7D129680320F6
:1037D00069B9043506AB9D42F8D1042819D00D20F3
:1037E00006B0BDE8F081032006B0BDE8F0812046B8
:1037F0000191FFF7F9FE01280199EAD876E70B203D
:1038000006B0BDE8F0810A2006B0BDE8F0810C20CA
:10381000E6E70120E4E740F6F576B542E161C4F859
:103820002880C4F814C0236213D9BEF1000FD6D08B
:103830004FEA4C011A4401F2FF13B0EB532F6262BE
:10384000CDD34FF0FF338022C4E90333227102232A
:10385000A7E7BEF1000FC2D013440CF0010202F240
:10386000FF120CEB4C0C02EB5C02B0EB522F6362CC
:10387000B5D34FF0FF338022C4E903332271012313
:103880008FE701312046FFF75BFE002888D1B4F8AE
:103890002E2220714AF655239A4281D1226B0B4B7E
:1038A0009A427FF47DAF03F1FF53D4F8142203F55D
:1038B000005320339A427FF473AFD4F81832236157
:1038C0006EE700BF14710120107101205252614156
:1038D0002DE9F0410378022B82B004460D461646CE
:1038E0003ED0032B2AD0012B4FD1026A01EB5101AC
:1038F00002EB51220F46C16A8A424AD100F13001DF
:10390000781C15F00102C7F308039046074673D0F0
:10391000CA5C02F00F0242EA0612CA540123256A69
:10392000E370E36A05EB50259D426ED1C0F30803B6
:103930001944330901220B70E27022E0026AC36A63
:1039400002EBD1129A4244D100F13001AD0005F4EE
:10395000FE7501224B5966F31B034B51E27010E0D8
:10396000026AC36A02EB11229A421ED100F13001B1
:103970006D0005F4FF754A194E550123310A517047
:10398000E370002002B0BDE8F081022002B0BDE883
:10399000F081CDE90032FFF765FDDDE90032002856
:1039A00058D0012002B0BDE8F0810092FFF75AFD27
:1039B000009A0028F5D104F1300160780123CDE9A7
:1039C0000012FFF751FA002840D1019A0099E262F3
:1039D000CEE70092FFF746FD009A0028E1D104F1FE
:1039E000300160780123CDE90012FFF73DFA68BB92
:1039F000019A0099E262A9E7CE540123256AE37097
:103A0000E36A05EB5025AB4216D020460091FFF744
:103A100029FD00990028C4D1607801232A46FFF7C8
:103A200023FA98B90099E562C7F308031944B8F17D
:103A3000000F7FF47EAF02E0C0F3080319440B7857
:103A4000C6F3032223F00F03134373E74FF0FF3352
:103A5000E362A6E704F1300160780091FFF704FA11
:103A6000DDE900120028F1D1E26249E701292DD9F0
:103A7000426991422AD22DE9F0410378022B82B0AB
:103A800005460E4632D0032B22D0012B3AD101EB52
:103A90005104016AD0F82CC001EB5422624535D1A3
:103AA000C4F308032B44621C93F83030174601EB33
:103AB000522262452846984666D00092FFF7D2FC13
:103AC000009A002857D04FF0FF301CE001207047CB
:103AD000026AC36A02EBD1129A423CD1B10001F4EE
:103AE000FE716B18186B20F070400CE0026AC36A1C
:103AF00002EB11229A421ED1730003F4FF73EB18FC
:103B0000188E00E0012002B0BDE8F081CDE900236D
:103B1000FFF7A8FCDDE900230028D4D168780092E3
:103B200005F13001FFF7A0F9009A002839D1296A80
:103B3000EA629446B4E70092FFF794FC009A0028EA
:103B4000C1D16878012305F13001FFF78DF940BB41
:103B5000009AEA62D0E70092FFF784FC009A0028FE
:103B6000B1D16878012305F13001FFF77DF9C0B9C3
:103B7000009AEA62B2E76878012305F13001FFF7A5
:103B800073F970B9009AEA62C7F30803EB1893F867
:103B9000303048EA0320F3074CBF0009C0F30B00A4
:103BA000B1E74FF0FF33EB628DE700BF38B58168B6
:103BB00005680023036129B92B78022B19D96B6A98
:103BC000BBB119466B8903BB0446284605E00128B2
:103BD0000DD96B6998420AD22068FFF747FF431C52
:103BE0000146F4D1012038BD0023C0E905130220AD
:103BF00038BD2B89002BFAD06B6AC0E90513002B66
:103C0000F5D03035C561002038BD6A698C1E023A96
:103C10009442E9D2AA6A04FB0323EEE701293AD9C8
:103C2000F8B505686B698B420E4625D911460746E3
:103C300022BB284611E0FFF74BFEF0B9D5E904326C
:103C4000911E8B4205D22979013341F001012B618C
:103C50002971A24221D9386826463146FFF706FF6E
:103C60000446002231462846BCB1012C04D0631C16
:103C700015D06B699E42DED30220F8BD012AFBD02D
:103C80009342F9D94FF0FF322846FFF721FE002872
:103C9000F3D13868E1E7022070470020F8BD012029
:103CA000F8BD00BF2DE9F0410646076888460029A7
:103CB0003BD1FD687B69002D35D09D4228BF012591
:103CC0002C4606E001284FD0013051D0AC4239D00B
:103CD0007B6901349C4202D3012D33D00224306829
:103CE0002146FFF7C3FE0028ECD1012C3CD97B69AB
:103CF0009C4239D24FF0FF3221463846FFF7E8FDAB
:103D000080BBB8F1000F21D1D7E90423023B9A42CE
:103D1000FC6001D8013A3A613B7943F001033B7101
:103D20002046BDE8F0810125CAE73846FFF79EFE30
:103D30000128044618D9431C1AD07B698342EFD866
:103D40004546BDE700242046BDE8F08141460129F3
:103D50000AD07B69984507D222463846FFF7B8FD5E
:103D60000028D1D0012803D001242046BDE8F081ED
:103D70004FF0FF34D4E700BF826992B32DE9F04FD2
:103D800004692034B4F5001F83B026D20D460168C3
:103D90000346C4F308008946074648B101F13008DC
:103DA00008EB07021C61DA61002003B0BDE8F08F68
:103DB000596901329A6149B1B9F80A20013A12EA07
:103DC000542292460FD009F13008E9E7B9F80820EB
:103DD000B2EB541FF7D800229A61042003B0BDE86B
:103DE000F08F0420704748460093FFF73FFE0128FC
:103DF000009B834619D9B0F1FF3F5ED0D9F814205B
:103E0000824214D9861E09F13008C3F814B0D9F8DB
:103E10001420023AB24205D9B9F80A10D9F828207C
:103E200006FB012AC3F818A0BAE70220BDE7002D5F
:103E3000D1D0596900931846FFF734FF05468346F1
:103E400000283CD00128F0D0431C36D04846FFF76C
:103E500009FB014688BB09F130004FF4007280462F
:103E6000019106F08BFAD9F81420B9F80A00009BEA
:103E7000023AAE1E964236BFD9F82820019A06FBB8
:103E80000022C9F82C20E0B100210BE00099D9F8FC
:103E90002C20B9F80A00019B013101328842C9F88F
:103EA0002C200FD94FF0010289F803204846CDE9B4
:103EB0000013FFF7D7FA0028E8D0012075E70720A4
:103EC00073E70146521AC9F82C209EE72DE9F04FFE
:103ED000036883B01A468A4611F8013B2F2BFAD0AB
:103EE0005C2BF8D0002383609AF800301F2B40F23F
:103EF000CC806E4F044600F120094FF020369046EA
:103F0000C9F80460C9F80060C9F807609AF8003081
:103F1000202B0CD9D64600254FF0080C01202F2B62
:103F200063D05C2B61D02E2B05D0654540D3062095
:103F300003B0BDE8F08FBCF10B0FF8D008254FF0AF
:103F40000B0C1EF8013F202B00F10100E7D8824442
:103F500094F820202568E52A04BF052284F8202053
:103F6000202B8CBF002301239B0084F82B3020469C
:103F7000FFF71CFE0028DBD105F130030193D4F8D4
:103F800018B0EB6A9B453FD02846FFF76BFA002834
:103F9000CED10199687801235A46FEF765FF0028C3
:103FA00030D04FF0FF330120EB6203B0BDE8F08F5B
:103FB000190602D53E4A803BD35C3E4A22219942F3
:103FC00010D012F8011FBA42F9D1A3F16101A3F197
:103FD0002002C9B2D2B2192998BF134609F8053098
:103FE0000135AEE7002BF0D0A1E70AEB0002117813
:103FF0002F29924602F10102F9D05C29F7D0002D59
:10400000A6D194E7C5F82CB0E1690B78002B44D019
:1040100091F80BB00BF03F03A371C87A10F00800C1
:104020000AD000212046FFF7A7FE0028A7D00428C9
:1040300094F82B3033D07BE74A1E04F11F0C0A3171
:1040400001E0002BEDD112F8013F1CF801EF8A428C
:10405000A3EB0E03F5D1002BE3D194F82B305A07D4
:104060003FF566AF1BF0100F1BD0226998F80010C7
:10407000C2F3080208F13003134403295A8B04BF2A
:104080009B8A42EA0342A2603AE7802380F82B3001
:1040900003B0BDE8F04FFFF789BD94F82B305B0704
:1040A00001D4052044E7042042E700BF4AD80008B5
:1040B00054D900083CD8000870B582B006680446A0
:1040C000FFF774FD054698B9A269F36A9A42304633
:1040D00011D1E0690378E52B15D001219BB1204671
:1040E000FFF74AFE03460028EED0042809D1072531
:1040F000284602B070BD0192FFF7B4F9019A034659
:1041000018B31D46F4E7A269F36A9A4213D120223C
:10411000002106F033F9E26904F12003013A2B345F
:1041200013F8011B02F8011F9C42F9D10123284614
:10413000F37002B070BD30460192FFF793F9019A17
:1041400068B10125284602B070BD7078012306F1E0
:104150003001FEF789FE019A48B9F262B9E770783A
:10416000012306F13001FEF77FFE019A18B14FF0EE
:10417000FF33F362E5E7F262E069C8E710B584B0A7
:104180001446019003A800910391FFF729F901302B
:1041900016D00D490B680BB100221A70019B6BB150
:1041A0000022012C1A700B6002D0002004B010BD58
:1041B00001A96846FFF75EFA04B010BD0B60F4E792
:1041C0000B2004B010BD00BF147101202DE9F04791
:1041D0008EB00191002800F094801546064602F04A
:1041E0003F0802A902F03F0201A8FFF743FA044684
:1041F00028B10023336020460EB0BDE8F087029B53
:104200008DF812000A900199039303A81F46FFF747
:104210005DFE05F01C03002835D19DF93720824250
:1042200074DB9DF81200DDF828908BB310F0110FAD
:104230006ED169077FD42A0730D55E4BC9F80E309E
:10424000C9F81630202389F80B303B78B9F81A10DA
:10425000032B04BFB9F8143041EA03414FF00003C7
:10426000A9F81A303A78032A4FF0000208BFA9F8DB
:104270001430C9F81C200123FD6AFB7000295CD1B1
:1042800048F040080BE00BB1042845D00446B0E7E5
:10429000C3063FD4AD0701D5C10739D4FD6AC6E9CD
:1042A00008593B78B9F81A10032B04BFB9F8143039
:1042B00041EA0341B160D9F81C50F5603760FB88D2
:1042C000B38018F0200F4FF0000386F8108073744D
:1042D000F36173618FD0002D8DD075617B895B0296
:1042E0009D4242D930680093FFF7C0FB009B012834
:1042F0000146A5EB03051BD9421CF1D1B061012495
:1043000077E7092420460EB0BDE8F087062470E761
:1043100007246EE704246CE703A8FFF7CDFE00280E
:10432000B4D19DF81200DDF8289048F0080884E721
:10433000B06102245DE708245BE78DF8120003A852
:104340000091CDF82890FFF769FC009900289DD1D5
:10435000FA6AAA4201F1FF3A38461CD0FFF782F808
:104360000123D8B1C7F80CA0C9E7C5F30803B161B0
:10437000002B3FF440AF7B690239023B9942D8D20F
:104380007A89BB6A01FB0233002BD2D003EB5523A1
:10439000F36130E7FD62C7F80CA071E778782A4630
:1043A00007F13001FEF760FD0028F3D04FF0FF3336
:1043B000FB62D7E70000214A2DE9F04F984685B00F
:1043C00000230F46C8F8003003A904461546FFF73E
:1043D00025F8002854D1607C002852D1227C910716
:1043E00040F1C1806369EB4228BFDD43002D00F03E
:1043F000A1808346C3F3080A039EBAF1000F43D19C
:104400007289013A12EA532A0ED1002B40F08980BA
:10441000A068002800F0A980012871D0431C3DD07D
:10442000A368A06103B9A060F26AE3699A4200F050
:104430009380A3697269023B023A934260D2718908
:10444000B26A01FB0322002A5AD06B0A0AEB020966
:104450005ED00AEB0300884288BFA1EB0A037078A4
:1044600001934A463946FEF715FDB8B9F16A019B3A
:10447000A1EB09029A42C0F08F804FEA432A2CE058
:10448000092005B0BDE8F08FD4F81C90F36A4B45C5
:104490000CD03046FEF7E6FF00284FD04FF0010960
:1044A000484684F8119005B0BDE8F08F534606F1F8
:1044B0003001CAF5007AAA4501EB030228BFAA46DB
:1044C000013A07EB0A003B4613F8011B02F8011FF3
:1044D0009842F9D14FF00103F3706369E2685344E5
:1044E0009A4238BF1A466361E260D8F80030B5EBF3
:1044F0000A055344C8F800301AD06369574479E775
:104500004FF00209484684F8119005B0BDE8F08FDD
:104510006369E1688B4230D2C4F81C90C3F3080A87
:10452000B4E7A1692046FFF7BDFB00287FF474AF14
:10453000227C584642F040022274A2E706F1300184
:104540007078019101234A46FEF78EFC0199E8B18B
:104550004FF0FF33F362A1E73046FEF783FF0028F8
:104560003FF467AF9AE707208BE751462046FFF7F5
:1045700099FB00287FF450AFDAE73046FEF772FF70
:1045800000288BD1C6F82C906369C5E7C6F82C903B
:104590006369C3F308038CE707EB422206F12F019E
:1045A00002F5007C12F8010B01F8010F6245F9D108
:1045B0000022F27061E700BF38B103682BB11A78AE
:1045C0001AB18188DA88914201D00920704770B50C
:1045D000044682B005465878FEF734FCC30705D47C
:1045E000207C10F0400004D102B070BD092002B060
:1045F00070BD2368226A18461E46DB6A9A421ED1A5
:104600006B6ADA7A42F02002DA72AA6829689A762E
:10461000100AD8760978032918D0E968154AD961B3
:10462000C3F816204FF00001012259823046F27083
:10463000FEF746FF2B7C23F040032B74D4E7019256
:10464000FEF710FF019A30B10120CDE7120C110ADC
:104650001A755975E1E77078012306F13001FEF70C
:1046600003FC019A18B14FF0FF33F362ECE7F262FA
:10467000C6E700BF0000214A10B582B00446FFF72C
:104680009BFF08B102B010BD01A92046FEF7C6FE8F
:1046900010B9206002B010BD092002B010BD00BFEB
:1046A00010B58EB00C460190002203A901A8FEF7B8
:1046B000E1FF034610B118460EB010BD019903A8E2
:1046C000FFF704FC03460028F5D19DF9372082420C
:1046D0000CDB2146002CEED0099A6072002AEAD049
:1046E000009003A8FEF74AFF009BE4E70623E2E7F9
:1046F0002DE9F0438FB00222019002A901A8FEF734
:10470000B9FF029C0394034618B118460FB0BDE8E8
:10471000F0830090019903A8FFF7D8FB0346C0B1CE
:104720000428F2D1009903A8FFF7BCFA63895B0261
:104730000646069390B1012800F09F8001300FD10A
:1047400001230022314603A80093FFF767FA009B7C
:10475000DBE7082318460FB0BDE8F0830723F0E736
:104760002046FEF77FFE03460028E9D162690093E8
:10477000023AB11E91423EBF6089A26A01FB002746
:104780004FF400724FF0000104F1300028BF1F46C3
:1047900005F0F4FD4FF02032217822636263C4F803
:1047A0003720504AC4F84620330A2E22102003290D
:1047B000994684F84B3084F84A60009B84F8302096
:1047C00084F83B005BD0D4F838C0059B616BD4F80B
:1047D0003CE0206BC4F858C0D4F848C02065C4F849
:1047E00068C0206CC4F85CE06165D4F84CE0616C92
:1047F00084F86A301B0AC4F86CE02066616684F8AD
:10480000512084F86B3063891D46C3B13B46E36297
:1048100000934FF00103E3702046FEF723FE0028CB
:104820008ED1009B014601334FF4007204F1300039
:10483000009305F0A3FD009BEA199342E7D103A87A
:10484000FFF73AFC034600287FF47BAF0A9B254A1A
:10485000C3F816209E7683F81B902278032A03D192
:10486000320C110A1A75597510210122D97220468D
:10487000E270FEF725FE034647E7022361E7310CAD
:1048800084F84410090A206B84F84510E16B206518
:10489000E16584F851200599626AD4F834E0D4F8CF
:1048A00038C0C4F854E08A4207BF002211460B46C4
:1048B0000A0AD4F844E0C4F864E0090C206CE56C02
:1048C000C4F858C084F86410D4F848C0C4F868C06C
:1048D000090AE566206684F86B2084F86A3084F85B
:1048E000651090E70000214A2DE9F04F8DB00D468C
:1048F000099009A814461F46FEF772FD013000F02A
:104900009A80B64B1B680BB100221A700020FEF78C
:104910007FFAC60700F18B8010F0040018D10AAAB4
:104920000321FEF7CDFA20B90A9A531EB3F5004FC2
:104930007AD301230A937CB1A94BA4F500729A4261
:1049400002D8631E234207D013200DB0BDE8F08FBC
:104950000A200DB0BDE8F08F169B169A5B0A22F470
:10496000FF7A99462AF0010A002B59D00BAA01219F
:104970000020FEF7A5FA002840F0588115F0080243
:104980000B9B05925BD13E2B4AD93F3B4FF03F0832
:1049900056E06FF02000A0EB080008F1010403903E
:1049A000019408F12100A3F1210402900494180B52
:1049B0000E46002A00F06B81964640F6F574B3FB74
:1049C000FEF1A14240F25581023149004FF0020B45
:1049D000029C01F2FF1104EB5121C8EB0E1C8C4428
:1049E000019C00949C451BD8039C294431402144E0
:1049F000049CBBF1020FA4EB010CBCFBFEFC40F0DD
:104A00006D814FF6F574A44500F2258140F6F574EA
:104A1000A44500F28F811AB94FEA4E02802AC8D904
:104A20000E200DB0BDE8F08F1A4284D081E703203C
:104A30000DB0BDE8F08F0B200DB0BDE8F08F8046C3
:104A40007F2B0B93ECD9B4F5813F4FEA5422BFF48E
:104A50007BAF15F00200069040F0EA80E8077FF592
:104A600073AF02200A99032801F1FF35C1F100015B
:104A70008FD1002A00F01C8102929346029A08F11D
:104A8000200C0E46B3FBF2F056494FEA800EA0F51B
:104A90007F40F63888420EF2072EC1D80CEB5E211B
:104AA0004FEA5E2005EB010E0EEA060E0190AEEB1A
:104AB0000100C8EB021E8E449E45B1D8019C00F156
:104AC0002001A3EB040EAEEB010E04914FF6F5713D
:104AD000BEFBF2FE8E4540F2B58002920CEB000266
:104AE00000920022CDF818E003924FF0030B4FF430
:104AF000007200213846079305F040FC3A49079BB5
:104B00007A1E07F10A0C11F8010B02F8010F624539
:104B1000F9D1029A7A73049ABA73120AFA73BBF142
:104B2000030218BF0122B3F5803F38BFFB744FEA80
:104B300042023ABF1B0A3B753B62BA7400234FF432
:104B40000072A7F80B207B770122BB77FB77274BFE
:104B50003A74BB610022F823BBF1030F7A747B75B2
:104B6000CDF81C8087F81C8000F0ED800198204A69
:104B7000C7F826204A221F4B87F82A20020AFA7516
:104B80008022B87587F8242003F1130007F12A0268
:104B900013F8011B02F8011F8342F9D14AF655238D
:104BA0003946A7F8FE31424601230020FEF772F98C
:104BB000014600283AD107F5FF7352463846049360
:104BC00005F0DCFB4FF6F8733B80FF23BB70BBF1B5
:104BD000010318BF4FF0FF33FB7019E0147101207F
:104BE00000FEFF00FFFFFE0F4CD800083F00FF0053
:104BF000290000216CD8000801464FF400723846A5
:104C000005F0BCFB019BF218E31A0092019374D0EB
:104C1000019C009EA1454B46324628BF234639469B
:104C200000200193FEF736F90028E5D0012090E638
:104C300005F0070102294FD005F00100C0F1030083
:104C4000C0B20FE7BBF1000F7FF4EAAE52083FF4A9
:104C5000E7AE934616E7A2B94FEA4E0EBEF1400FFB
:104C600038D9069919BBBEF1800F3FF6D9AE72460E
:104C7000A3E601EB41010131490803314FF0010B7B
:104C8000A6E60698314600283FF4CAAEF4E64FF097
:104C9000010EDFF84CC2714606E03CF8021F4FEAF5
:104CA0004E0E00293FF489AE8142F6D985E63146A1
:104CB00001201E46DFF82CE25B0C844604E03EF83F
:104CC000020F4FEA4C0C08B19842F8D9CDF808C051
:104CD0003346D2E672466CE60320C3E640F6F57230
:104CE0009445CDE9011ECDF818C03FF699AE0122DA
:104CF0002021CDE903129346F9E6DDE90223BBF159
:104D0000030F08BF13460393009A05E0DDE9002373
:104D10001A44E31A03937FD0039C4C45234639463B
:104D200028BF4B460020CDE90023FEF7B3F800284A
:104D3000ECD07BE7CDE9011E20220121CDE9032142
:104D4000CDF818C0D3E6614A3A63614A019BC7F8BF
:104D500042204A227B6287F846205E4B0222FA629A
:104D6000802287F8402003F1130007F1460213F870
:104D7000011B02F8011F8342F9D14AF65522A7F818
:104D8000FE213946012342460020FEF783F80890B1
:104D900000287FF44BAF012308F10602394607F5DE
:104DA000FF760496FEF776F8089E4FF400723146BF
:104DB000384605F0E3FA4AF65523A7F8FE31069B7C
:104DC000013BC7F8E831444B3B6003F1FF5303F567
:104DD00000532033C7F8E4310223C7F8EC3108F15F
:104DE0000702012339463046FEF754F8012308EB49
:104DF000030239463046FEF74DF8524631463846F2
:104E000005F0BCFA6FF007033B604FF0FF337B60A7
:104E10006FF07043BB60FBE6BBF1030F53D00B9BFD
:104E2000B3F5803F4CD2BBF1020F14BF4FF0010924
:104E30004FF00409059B002B39D1059E4FF40072F9
:104E40003146384605F09AFA0B9B049D2348079C8F
:104E50004AF6552CA5F800C043F6C16108EB0302E1
:104E6000B2FBF1F2910887F8C5211A0A41F03F011F
:104E700087F8CA3187F8CB214FF0FE0C1A0C1B0EB5
:104E8000C7F8BE0187F8C41187F8CC2187F8CD3167
:104E900087F8C291394687F8C64101233246304629
:104EA00087F8C3C1FDF7F6FF00287FF4BFAE0022EC
:104EB00011461046FEF704F8003818BF012048E5F7
:104EC0004FF00609B6E74FF00C09B3E70100060002
:104ED0002900002158D80008525261410001010008
:104EE00034D9000844D9000810B5104B104A1B688B
:104EF000127882B004464FF47A70B0FBF2F0B3FB44
:104F0000F0F000F0A9F808B90F2C02D9012002B086
:104F100010BD0246019021464FF0FF3000F05CF8D2
:104F2000044B01981C6002B010BD00BF1C000020A3
:104F3000140000201800002008B50B4B1A6842F43A
:104F400000721A601A6842F480621A601A6842F4A9
:104F500080721A60032000F02DF80F20FFF7C4FFC5
:104F600003F0A8FE002008BD003C0240034A044BA9
:104F700011681B780B441360704700BF1871012043
:104F800014000020014B1868704700BF1871012001
:104F900038B50446FFF7F6FF631C054602D0044B04
:104FA0001B781C44FFF7EEFF401BA042FAD338BD2C
:104FB000140000200749CA6803024FF6FF0003F4FB
:104FC000E0630240134343F0BF6343F40033CB601C
:104FD000704700BF00ED00E000B5164BDB68C3F37F
:104FE0000223A3F1030CBCF1040F19D84FF0FF3ECC
:104FF000C3F107030EFA03F30EFA0CFE22EA0E02C7
:10500000DB43194001FA0CF1114300284FEA01116A
:105010000ADB00F1604000F5614080F8001300BD3C
:1050200000220F239446ECE7034B00F00F00C31857
:10503000197600BD00ED00E0FCEC00E0002807DB85
:10504000044A4109012300F01F00834042F8213047
:10505000704700BF00E100E00138B0F1807F01D36C
:10506000012070474FF0E0230022586104484FF0C0
:10507000F00C072180F823C09A611046196170472F
:1050800000ED00E0002800F06F8170B50368DD07D7
:1050900082B0044631D59E498A6802F00C02042A87
:1050A00000F0F2808A6802F00C02082A00F0E88022
:1050B0006368B3F5803F00F0F180B3F5A02F944B07
:1050C0001A6800F07E8122F480321A601A6822F495
:1050D00080221A606368002B00F00881FFF752FFFE
:1050E000054605E0FFF74EFF401B642800F2FB80F9
:1050F000874B1B689B03F5D52368990729D5844BFB
:105100009A6812F00C0F00F094809A6802F00C027A
:10511000082A00F08A80E368002B00F00E817D4BA6
:1051200001221A60FFF72EFF054605E0FFF72AFF70
:10513000401B022800F2D780754B1B689E07F5D5EF
:10514000734922690B6823F0F80343EAC2030B603A
:1051500023681A0754D45D0732D56D4A136C13F0D7
:10516000805300F0818000266B4B1B68D80540F10E
:10517000A880A368012B00F0F180052B644B1A6F07
:1051800000F02D8122F001021A671A6F22F004024A
:105190001A67A368002B00F0B780FFF7F3FE0546FF
:1051A00007E0FFF7EFFE41F28833401B984200F220
:1051B0009A80574B1B6F9A07F3D5002E40F0098158
:1051C000A369D3B1524A926802F00C02082A00F097
:1051D000CD80022B4F4B4FF000021A6600F0078182
:1051E000FFF7D0FE044604E0FFF7CCFE001B0228C8
:1051F00079D8474B1B689B01F6D4002002B070BDE4
:10520000636903B3434B0122C3F8802EFFF7BAFE54
:10521000054604E0FFF7B6FE401B022863D83C4B6E
:105220005B6F9B07F6D5236895E75B685A023FF5ED
:1052300072AF374B1B689B0736D5E368012B33D021
:10524000012002B070BD334AC2F8803EFFF79AFEDB
:10525000054604E0FFF796FE401B022843D82C4B7E
:105260005B6F9E07F6D4DEE70193136C43F0805327
:105270001364136C03F080530193019B012673E7C1
:105280004A6851027FF514AF214A126892037FF5F4
:1052900034AF6268002A7FF430AFD1E71C4A13684C
:1052A00043F48033136015E7194A2169136823F02A
:1052B000F80343EAC103136023681A077FF54BAF75
:1052C0009EE7154A136843F480731360FFF75AFE94
:1052D0000546114B1B68D9053FF54BAFFFF752FE52
:1052E000401B0228F5D9032002B070BDFFF74AFE2B
:1052F000054604E0FFF746FE401B6428F3D8044B44
:105300001B689E03F6D4F7E6FFF73CFE05460CE06B
:10531000003802400000474200700040FFF732FEB4
:1053200041F28833401B9842DDD8494B1B6F9B07E5
:10533000F4D4002E3FF444AF4BE0464A1360FFF72D
:1053400021FE054604E0FFF71DFE401B0228CAD8D7
:105350003F4B1B689907F6D42368FAE63C4A136F63
:1053600043F00103136714E701207047012B3FF45A
:1053700067AF374BE2695B6803F4800191427FF4C9
:105380005FAF226A03F03F0191427FF459AF616A37
:1053900047F6C0721A40B2EB811F7FF451AFA26A88
:1053A000520803F44031013AB1EB024F7FF448AFA9
:1053B000E26A03F07063B3EB026F14BF01200020B8
:1053C0001CE742F480221A601A6842F480321A60A4
:1053D00080E61F4A136C23F080531364F0E642F01A
:1053E00004021A671A6F42F001021A67D1E6FFF74A
:1053F000C9FD054605E0FFF7C5FD401B02283FF645
:1054000072AF134B1B689901F5D4D4E90731626A76
:105410000B4343EA8213D4E90A2052080D490C4C8D
:1054200043EA0063013A0A4843EA02430122436027
:105430000A66FFF7A7FD054605E0FFF7A3FD401B41
:1054400002283FF650AF23689A01F6D5D5E600BF93
:10545000003802400000474208B516498B6803F047
:105460000C03042B1BD0082B01D0134808BD4A683D
:105470004B68496813F4800302F03F0211D10E48D3
:10548000C1F38811A1FB0001FBF76EFB094B5B68C0
:10549000C3F3014301335B00B0FBF3F008BD0748E1
:1054A00008BD0648C1F388110023A1FB0001FBF7EA
:1054B0005BFBEBE7003802400024F40000127A00A6
:1054C00058B1494A136803F007038B4207D21170A1
:1054D000136803F007038B4201D0012070472DE9C8
:1054E000F04103689A0716D55F0705D53F4A9368D0
:1054F00043F4E053936003681E0704D53B4A936866
:1055000043F460439360394A8468936823F0F0035E
:10551000234393600368DD078846074621D5426828
:10552000012A59D0931E012B304B1B6851D9990782
:1055300024D52E4CA36823F003031343A360FFF785
:1055400021FD41F28835064604E0FFF71BFD801B74
:10555000A84246D8A3687A6803F00C03B3EB820F25
:10556000F3D1214A136803F00703434509D982F8B0
:105570000080126802F00702424502D00120BDE817
:10558000F0813B685A0707D5184AF968936823F4F5
:10559000E0530B4393603B681B0707D5134A3969F7
:1055A000936823F4604343EAC1039360FFF754FF19
:1055B0000E4A0F4C92680F49C2F303120346A25CD5
:1055C0000D48D34000680B60FFF78EFC0020BDE85B
:1055D000F0819801ADD4D1E7044B1B689C03A8D49B
:1055E000CCE70320CBE700BF003C0240003802407C
:1055F000DCD900081C00002018000020044B0549DD
:105600009B68054A0868C3F38223D35CD84070477F
:10561000003802401C000020D4D90008044B054982
:105620009B68054A0868C3F34233D35CD84070478F
:10563000003802401C000020D4D900082DE9F04FAA
:105640000023DFF808E283B001264FF0030803E0EF
:105650000133102B00F0CC800C6806FA03F202EA4A
:10566000040CA243F4D14A6802F0030202F1FF39AC
:105670005C00B9F1010F08FA04F515D8826822EA36
:105680000509CA68A24042EA090282604A68D0F865
:105690000490C2F300129A4029EA0C0942EA090276
:1056A00042604A6802F00302032A25D0C26822EA57
:1056B00005098A68A24042EA0902C2604A6802F00B
:1056C0000302022A18D14FEAD30A00EB8A0A0A69B8
:1056D000DAF820B003F007094FEA89090F2702FA28
:1056E00009F207FA09F92BEA090B42EA0B02CAF898
:1056F00020204A6802F00302A240046824EA05045C
:10570000224302604A6812F4403FA1D04C4C002270
:105710000192626C42F480426264626C02F48042E4
:105720000192019A23F0030202F1804203F0030583
:105730000F2702F59C32AD0007FA05F9414F946836
:10574000B84224EA090421D007F58067B84252D054
:105750003D4FB84255D0DFF8F890484557D0DFF8B4
:10576000F490484559D0DFF8F09048455BD0DFF819
:10577000EC9048455DD0DFF8E89048450CBF4FF00D
:1057800007094FF0080909FA05F52C4394604C68A5
:10579000DEF80820E40254BF22EA0C024CEA0202BE
:1057A000CEF808204C68DEF80C20A70254BF22EA8D
:1057B0000C024CEA0202CEF80C204C68DEF8042001
:1057C000A50354BF22EA0C024CEA0202CEF80420E0
:1057D0004C68DEF80020E40303F1010354BF22EA21
:1057E0000C024CEA0202102BCEF800207FF434AFFA
:1057F00003B0BDE8F08F4FF0010909FA05F52C431D
:10580000C4E74FF0020909FA05F52C43BEE74FF053
:10581000030909FA05F52C43B8E74FF0040909FA22
:1058200005F52C43B2E74FF0050909FA05F52C43BD
:10583000ACE74FF0060909FA05F52C43A6E700BFCF
:10584000003802400000024000080240003C0140D5
:10585000000C0240001002400014024000180240F8
:10586000001C02402DE9F04F0023DFF83CA1012687
:105870004FF00F094FF0030B02E00133102B6FD0F4
:1058800006FA03F232EA010402EA010CF5D123F030
:10589000030505F1804505F59C3503F00304A400DC
:1058A000D5F808E009FA04F85045274608EA0E0E34
:1058B00018D0354CA04255D0344CA04255D0344C71
:1058C000A04255D0334CA04255D0334CA04255D0C5
:1058D000324CA04255D0324CA0420CBF07240824C1
:1058E000BC4000E00024A64515D12E4C2D4F246865
:1058F00024EA0C043C607C6824EA0C047C60FC68AC
:1059000024EA0C04FC60BC6824EA0C04BC60AC68AB
:1059100024EA0804AC6005685C000BFA04F44FEA62
:10592000D30C25EA040500EB8C0C056003F0070599
:10593000DCF820E0AD0009FA05F52EEA0505CCF803
:105940002050C56825EA0405C560456825EA0202BD
:1059500042608268013322EA0402102B82608FD1F8
:10596000BDE8F08F06FA07F4BDE70224BC40BAE7B1
:105970000324BC40B7E70424BC40B4E70524BC4082
:10598000B1E70624BC40AEE7000402400008024034
:10599000000C0240001002400014024000180240B7
:1059A000001C0240003C01400000024002B9090412
:1059B00081617047436901EA030221EA030141EA78
:1059C00002418161704700BF026802F10C0353E895
:1059D000003F23F490730C3242E800310029F3D1E8
:1059E000026802F1140353E8003F23F0010314326C
:1059F00042E800310029F3D1036B012B05D02022AE
:105A0000002380F8422003637047026802F10C0310
:105A100053E8003F23F010030C3242E80031002924
:105A2000F3D1ECE738B50268C168136923F4405339
:105A30000B4313610446016883680069CA68034325
:105A400060690343E06922F4164222F00C0203432A
:105A50001343CB602268A0695369244923F440733F
:105A60000343536123688B4205D0214A934202D0FD
:105A7000FFF7C4FD01E0FFF7D1FDE2691921B2F59E
:105A8000004FD4E90053A0FB010113D09A009B0FF3
:105A9000FBF76AF8174AA2FB00135B09642101FBBC
:105AA000130000013230A2FB00201B0103EB501356
:105AB000AB6038BDDA184FF000035B41FBF754F8D8
:105AC0000C4AA2FB00314909642303FB1103DB00EC
:105AD0003233A2FB0323C3F342121B0902EB011270
:105AE00003F4F8731344AB6038BD00BF00100140ED
:105AF000001401401F85EB5178B310B590F8413088
:105B0000044603F0FF021BB32268242384F84130CB
:105B1000D36823F400532046D360FFF783FF226845
:105B2000136923F49043136121684A6922F02A0221
:105B30004A612068C2680023202142F40052C260FA
:105B4000636484F8411084F842106363184610BD02
:105B500080F8402003F0CCF8D6E70120704700BF62
:105B60002DE9F041044690F84100202882B055D13B
:105B70000D4601B11AB9012002B0BDE8F081212122
:105B80001F460023636484F841100192FFF7FAF97D
:105B9000019AA284E284A268B2F5805F06464DD0E5
:105BA0004FF00008E38C9BB29BB123681A68120681
:105BB00004D4791C1DD11A681206FCD535B315F82A
:105BC000012B5A60E28C013AE284E28C92B2002A04
:105BD000EBD122681368580604D47B1C22D11368C9
:105BE0005906FCD52023002084F8413002B0BDE8DE
:105BF000F081FFF7C7F9801B874225D327B32368BD
:105C0000DA681A681006F4D5002DD8D1414631F86B
:105C1000022BC2F3080288465A60D3E7022002B082
:105C2000BDE8F081FFF7AEF9831B9F420CD35FB153
:105C30002368DA681B685A06F4D5D3E72269002A7C
:105C4000AED1A8461546ADE72023032084F84130A5
:105C500002B0BDE8F08100BF034690F84200202862
:105C600003D101B11AB9012070470220704700200A
:105C700018639A85DA851A6999622221586483F833
:105C8000421022B11968CA6842F48072CA60196869
:105C90004A6942F001024A611A68D36843F020035E
:105CA0000020D360704700BF704700BF704700BF3F
:105CB00008B5806B0023C385FFF7F8FF08BD00BF60
:105CC000704700BF90F84230222B4AD183680168A8
:105CD000826AB3F5805F45D0002B4DD10369002B5C
:105CE0004AD14B681370826A0132C38D8262013BD4
:105CF0009BB2C385002B34D100B50168CA6822F07D
:105D0000200283B0CA600168CA6822F48072CA6047
:105D100001684A694FF0200C22F001024A6180F8C4
:105D200042C04363026B012A2AD10363026802F175
:105D30000C0353E8003F23F010030C3242E800311B
:105D40000029F3D103681A68D20605D501911A68B3
:105D500001925B680193019B818DFFF7B1FF03B056
:105D600000BD70470369002BBBD14B68C3F3080328
:105D70001380826A0232B8E74B6803F07F03B1E711
:105D8000FBF71EFC03B000BD00B501680A68D1F83E
:105D90000CE0D1F814C012F00F0F85B0034617D1F4
:105DA00012F0200F03D01EF0200F40F0BF80186BC0
:105DB000012848D0100603D51EF0800F40F08980DE
:105DC000520603D51EF0400F40F0A48005B000BD80
:105DD0001CF0010067D11EF4907FE8D012F0010F93
:105DE0000FD01EF4807F00F07081D3F844C012F011
:105DF000040F4CF0010CC3F844C000F0A880002848
:105E000056D112F0020F00F0A580100700F1DC80DF
:105E1000586C0028DAD0900603D51EF0200F40F011
:105E200059814A69596C02F0400201F008010A43A5
:105E300040F09E80184601920093FFF737FFDDE99E
:105E400000325A64C2E7D006B4D51EF0100FB1D0AC
:105E5000002203920A6803924A680392039A4A69ED
:105E6000B3F82CC0520640F1F180D86B026852683A
:105E700092B2002A00F03581624580F03281DA85E5
:105E8000C269B2F5807F00F0D78001F10C0252E8C0
:105E9000002F22F480720C3141E8002019680A4674
:105EA0000028F2D19AE012F0010F49D1500742D5F3
:105EB000586C40F00200586490073ED5586C40F092
:105EC000040058641007A3D5586C40F008005864CB
:105ED0009EE793F84120212A7FF478AF98681A6AE8
:105EE000B0F5805F00F00C81501C186212784A6097
:105EF000DA8C013A92B2DA84002A7FF467AF19682B
:105F0000CA6822F08002CA601A68D36843F040036E
:105F1000D3605BE7CA684FF0200C22F04002CA60F1
:105F2000184683F841C0FFF7BFFE4FE705B05DF8A4
:105F300004EBFFF7C7BE9007C0D41007C4D467E7CF
:105F40001EF4807F7FF451AF12F0040FB0D112F035
:105F5000020F3ED112F0080F3FF45AAF0EF0200CA2
:105F60005CEA000CB0D15A6C002A7FF45AAF2DE7DE
:105F700018460093FFF728FD009B19684A695206EE
:105F80001ED500E0196801F1140252E8002F22F03A
:105F90004002143141E800200028F3D1DA6B7AB1D5
:105FA0005D491165D86B009301F080FE00283FF435
:105FB0000DAF009BD86B036D05B05DF804EB18477F
:105FC0001846FFF773FE01E71EF0200F7FF47CAF49
:105FD000C9E700283FF419AF70E71A6802F114010D
:105FE00051E8001F21F00101143242E8001000289E
:105FF000F3D1196801F1140252E8002F22F0400297
:10600000143141E800200028F3D1202283F84220F7
:106010001863196801F10C0252E8002F22F01002F7
:106020000C3141E800200028F3D1D86B009301F037
:10603000EFFD009BB3F82CC002225A63D98DACEB64
:106040000101184689B2FFF73BFEBFE6D88DDA8D15
:1060500092B2002A3FF4BAAEACEB000C1FFA8CFCF3
:10606000BCF1000F3FF4B2AE01F10C0252E8002F78
:1060700022F490720C3141E8002019680A46002889
:10608000F2D100E01A6802F1140151E8000F20F08B
:1060900001000A4642E800010029F3D1202283F8DA
:1060A00042201963186800F10C0252E8002F22F018
:1060B00010020C3040E800210029F3D102225A637B
:1060C00061461846FFF7FCFD80E612F0040F7FF4EE
:1060D00098AE3CE718460093FFF7F4FD009B196863
:1060E0009FE662457FF472AEC169B1F5807F7FF4AF
:1060F0006DAE0221596318461146FFF7E1FD65E6D2
:10610000186900287FF4F0AE1288C2F308024A60D2
:106110001A6A02321A62EBE6B15C000830B5044636
:1061200085B00D0C012DD4F800E002D10CE0581C14
:1061300017D1DEF81800C0F3400C9445F7D00020CA
:1061400005B030BD581C0CD1DEF8140021EA000C5B
:106150001FFA8CFCBCFA8CFC4FEA5C1C6245F1D047
:10616000EDE7CDE902230191FEF70CFF089BC01A71
:10617000039B9842DDE901121AD9012D20681CD039
:106180008069C043C0F3400080F00100C0B290427B
:10619000C8D100222023226384F83D3084F83E20B9
:1061A000236C84F83C2043F0200323640120C7E7DC
:1061B000002BB7D1012D2068E2D1406921EA00000F
:1061C00080B2B0FA80F04009E1E700BF10B5D0F826
:1061D00000E084B00446DEF8140021EA000C1FFA47
:1061E0008CF090B1DEF81400400510D4501C04D09F
:1061F00028E0DEF814305B0509D4DEF8143021EA1B
:1062000003039BB2002BF4D1184604B010BDDEF896
:10621000003043F40073CEF80030216800222023C0
:106220006FF480604861226384F83D3084F83E203A
:10623000236C43F0040323640023012084F83C30E2
:1062400004B010BDCDE902230191FEF79BFE039B34
:10625000029AD4F800E00199C01A904201D8002AAD
:10626000B9D1DEF8140021EA000080B20028B2D0D3
:1062700000232022236384F83D2084F83E30236CE1
:1062800013432364D8E700BF70B5036816465A6904
:10629000540624D404460D460DE0FEF773FE801B21
:1062A000A842236800D81DB95A6912F0400218D0DC
:1062B0005A69520613D45A69D106EED500226FF0FE
:1062C000100020215861226384F83D1084F83E209C
:1062D000236C2364002384F83C30012070BD00202F
:1062E00070BD2023226384F83D3084F83E20236C67
:1062F00043F020032364EDE710B5036882B0044641
:106300005869000639D45869400522D4481C1AD06F
:10631000CDE90012FEF736FE019A00992368801A33
:10632000884201D80029EBD1586910F08000E7D1EC
:106330002023206384F83D3084F83E00236C43F032
:106340002003236413E05A69120616D45A695105D2
:10635000F9D500226FF4806020215861226384F80F
:106360003D1084F83E20236C43F004032364002393
:10637000012084F83C3002B010BD002002B010BDF6
:106380002DE9F043904602689946136843F4806310
:1063900085B0136002680C9D13680D9E43F48073F2
:1063A0001360026853690446D8070F4604D4691C79
:1063B00017D15369D907FCD507F0FE031361424991
:1063C00033462A462046FFF701FF88B1012005B079
:1063D000BDE8F08315B95369DB0742D55369D80787
:1063E000EAD4FEF7CFFD801B85422268F3D3F1E7A4
:1063F00023680390596903919B69039332462946A8
:106400002046039BFFF778FF002841D1B9F1010F27
:10641000236846D15FFA88F21A613246294620463F
:10642000FFF76AFF002833D102462068016841F473
:10643000807101602B4600964FF001112046FFF756
:106440006DFE226800283BD147F00103DBB21E49F4
:106450001361204633462A4605B0BDE8F043FFF7F6
:10646000B5BE00212023216384F83D3084F83E101E
:10647000236C84F83C1043F0200323641368DD058B
:1064800002D54FF400732364032005B0BDE8F08308
:10649000236C042B9AD12268136843F400731360B1
:1064A00094E74FEA18221A61294632462046FFF740
:1064B00023FF0028ECD122685FFA88F31361ACE770
:1064C0001368DB05E0D5DCE702000100002800F0DE
:1064D000B78038B590F83D30044603F0FF02002B3A
:1064E00000F09A802268242384F83D30136823F05A
:1064F000010313602268136843F4004313602268A9
:10650000136823F400431360FFF778F84D4B62687B
:106510009A423DD84C4B98423DD9D4F800C04B49E3
:10652000DCF80420A1FB003122F03F0242EA914254
:10653000CCF804208B0C2168DFF808C165680A6A72
:10654000654522F03F0208D9DFF808C14FF4967E76
:106550000EFB03F3ACFB03C39B09013313430B6234
:10656000D4E90021DFF8DCC0D369614523F44F434F
:1065700000F1FF3023F0FF030FD84900B0FBF1F02A
:1065800040F6FC710130084256D0C0F30B0014E015
:106590002F4B9842C1D8012038BDA568002D40D0AE
:1065A00001EB810101EB8101B0FBF1F00130C0F39F
:1065B0000B00002842D040F440400343D3612168DF
:1065C000206A0A68E36922F0C002034313430B60A8
:1065D0002168E0688A68236922F40342034322F0B9
:1065E000FF0213438B602168A069CA68636922F0C7
:1065F000FF0203431343CB6021680A6800234FF076
:10660000200C42F001020A60236484F83DC0236339
:1066100084F83E30184638BD80F83C2002F0E4FB98
:1066200060E701EB4101B0FBF1F00130C0F30B007A
:1066300020B140F40040C0E70420BEE70120BCE7E1
:1066400001207047A08601007F841E0083DE1B436B
:10665000FF083D00D34D62102DE9F047044686B097
:106660009A46BDF83C70109E88469146FEF78AFC1B
:1066700094F83D30202B04D00227384606B0BDE800
:10668000F087054600909449192301222046FFF720
:1066900045FD0028F0D194F83C30012BECD00123CB
:1066A000206884F83C300368DB0733D5D0F800C09D
:1066B0002CF4006CC0F800C00E9860622220CDE976
:1066C000006584F83D00402084F83E0000202064EE
:1066D0006785608D20858148E06253464A46414681
:1066E0002046FFF74DFE074678B9238D2268BBB1DF
:1066F000012B00F0E080022B00F0CB800590516967
:10670000059192690592059A18E00127384606B06E
:10671000BDE8F087036843F0010303602068C5E724
:1067200002935369029393690293029B136843F4A3
:1067300000731360238D002B00F0A280032B49D837
:10674000012B00F09080022B6549009533464FF0F5
:10675000000220466CD0FFF7E1FC0028D5D121686B
:106760000B6823F480630B602168636A0969197000
:10677000238D616A013B2385638D0131013B616299
:10678000024600955649638520463346FFF7C6FC0E
:106790000028BAD12268136843F40073136022689A
:1067A000636A12691A70616A628D4B1C6362238D81
:1067B000013A6285013B2268238513694B70238D62
:1067C000616A628D013B01319BB2013A61622385AE
:1067D0006285B0E72A4631462046FFF755FD00287E
:1067E00093D12268636A12691A70618D238D626A7F
:1067F0000139013B61850132216862629BB22385C8
:106800004869400797D5032B05D10B6823F48063B3
:106810000B602168626A0B691370626A238D013212
:106820006262628D013B9BB2013A2385628582E7F9
:10683000FFF774FC00287FF468AF2268136843F404
:106840000073136023681A69636A1A70638D626A41
:10685000013B6385238D013B2385511C23686162C5
:106860001B695370D9E72A4631462046FFF70CFDD5
:1068700000287FF44AAF23681A69636A1A70CCE76C
:106880000023202284F83D2084F83C3084F83E30F8
:10689000F3E6136823F4806313602268136843F4FB
:1068A00000631360236804905A6904929B690493FF
:1068B000049B238D3FE7136823F4806313602368F0
:1068C00003905A6903929A690392039A1A6842F4F0
:1068D00000721A60238D2EE7020010000000FFFFF7
:1068E00004000100704700BF704700BF704700BF41
:1068F000704700BF704700BF704700BF704700BFC0
:1069000090F83D20016D08B5034659B9C26C016885
:10691000012A826C1BD0C2F307220A61026D013288
:10692000026508BD016D012909D0016D022914D04D
:1069300003685A69120644BF00221A6108BD826CBE
:106940000168D2B20A61026D0132026508BDD2B29D
:106950000A61026D0232026508BDD2B2222A25D038
:10696000418D89B2F1B9418D89B20029D9D1212A4D
:10697000D7D1D0F800C0DCF8042022F4E062CCF8D3
:106980000420D0F800C0DCF8002042F40072CCF8FB
:1069900000202022016380F83D2080F83E10FFF7A0
:1069A000ADFF08BD212A0AD05B8D08BD01680A68C9
:1069B00042F480720A60026D0132026508BD416ACC
:1069C000026809781161416A428D0131013A4162E0
:1069D000428508BD704700BF704700BF704700BFC9
:1069E00000B5364B364A1B68806BDB08A2FB0323DD
:1069F00083B01B0A002203EB83030192C3EBC303A2
:106A000090F83D10019306E0019B0268013B019361
:106A100013689B0506D5019B002BF5D1036C43F051
:106A200020030364436B0BB10022DA63836B0BB169
:106A30000022DA630268136823F480631360436BF7
:106A40004FF0000CA0F82AC00BB1C3F850C0836B04
:106A50000BB100221A650268136823F0010313606A
:106A600090F83D30602B1ED001F02803282B09D070
:106A70002022002380F83D2080F83E30FFF7ACFF55
:106A800003B000BD01680A6842F001020A600168B3
:106A90000A684FF0000C42F480620A60C0F830C00F
:106AA00080F83D30EAE70023202280F83D2080F87E
:106AB0003E300364FFF792FF03B000BD1C000020CE
:106AC00089B5F81410B590F83D2090F83E30102BA1
:106AD0000446D2B239D0D9B2402936D002F02801CA
:106AE000282923683DD05968080507D4602A05D0B5
:106AF0002021002284F83D1084F83E2000222263E9
:106B00005A6812F4006234D194F83D10602977D0AD
:106B10005A69500605D5626A1B691370636A0133AE
:106B200063622046FFF758FF236C190704D02268E0
:106B3000536823F4E063536094F83D30226C5207AD
:106B4000DBB201D5282B30D010BD222AC6D1226855
:106B5000136823F40063136023685A681205C7D5CD
:106B6000CCE70022226384F83D105A6812F40062D8
:106B7000CAD05A6822F400625A60636B93F83520D9
:106B8000012A1FD0294A1A65606B01F08FF800288E
:106B9000CAD02268136823F001031360606B2021C0
:106BA00084F83D10036D9847BEE700232049E16259
:106BB00020222363204684F83D2084F83E30FFF7EE
:106BC0009BFE10BDA36B194A1A65A06B01F06EF80D
:106BD0000028A9D023685A69510606D5626A1B6944
:106BE0001370626A2368013262621A6822F001023D
:106BF0001A60A06B202184F83D10036D984793E73D
:106C0000202184F83D1022645A69520606D5626A32
:106C10001B691370626A2368013262621A6822F08B
:106C2000010220461A60FFF7D9FE7DE7E1690008FE
:106C30000000FFFF30B502685468D0F82CE090F8EF
:106C40003E10034690F83D00102991B0C0B25FFAA3
:106C500081FC26D0BCF1400F23D0196C002900F034
:106C6000DD8051694FF0000C11F0020E00F09A80A7
:106C7000A50540F19980196C09B1D2F818C093F8B4
:106C80003D1001F02801282900F0378200210E91E3
:106C900050690E9092690E920E9A83F83C1011B0D2
:106CA00030BD91690D46516911F0010F1CD1BEF53F
:106CB0002A0FF4D0BEF12A4FF1D011F0080E3AD0CD
:106CC00014F4007F3BD0596CC9B211615A6B002A91
:106CD00000F00082D26B002A00F0FC811A68536831
:106CE00043F400635360DAE714F4007F27D0D96AD5
:106CF000B1F52A0F00F0FE81D96AB1F12A4F04BF25
:106D00000821D96293F83E10402900F0EC811969FE
:106D1000B1F5804F00F00782196D002900F06981FC
:106D2000196D0129BBD15B6CDB1103F0060343F045
:106D3000F1031361B3E711F0020F40F043816D07D7
:106D400070D5D2F804E01EF4006FA8D101F0040E53
:106D5000090640F15681650540F15381BEF1000FEF
:106D600040F0538193F83D101C8D93F83E00D3F80A
:106D70002CC0C9B2C0B2002C40F0A582212900F07D
:106D8000B68340288BD1222989D1598D89B2002917
:106D900071D093F83E10402900F04181596A09787A
:106DA00011615BE1CD066BD400F0F70CBCF1210F53
:106DB00001F0040000F0C280490640F1F78065054B
:106DC00040F1F480002840F0F48093F83D00598DA4
:106DD00089B2C0B200293FF462AF596A12690A70E1
:106DE0005A8D596A013A5A855A8D013192B25962C7
:106DF000002A7FF454AF2A287FF451AF19684A68FB
:106E00004FF0220C282422F480624A601846C3F80E
:106E100030C083F83D40FFF76BFD40E7D2F818C063
:106E2000516921E7506800053FF539AF01F00400D2
:106E3000490640F1FA80650540F1F780002840F0EE
:106E4000F78093F83D1022297FF429AFDC6A598D31
:106E500089B2032940F20E83596A12690A705A8D69
:106E6000596A013A5A855A8D92B20131032A596200
:106E70007FF415AF1A68536823F4806353600EE7FC
:106E8000A50591D593F83D40516821F4E06151602A
:106E90001A68CDF83CE051690F91116841F0010189
:106EA000116019680F9A0A6822F480620A601A68F1
:106EB00051680905E4B200F1D8805A8D92B202B34C
:106EC0001A6851694D0709D5596A12690A705A6AD8
:106ED000598D501C01391A68586259855169480604
:106EE00008D5596A12690A70596A5A8D0131013AF6
:106EF00059625A855A8D92B21AB11A6C42F0040244
:106F00001A641A6C002A40F0DF802A2C00F06B8192
:106F100093F83D20282A00F059811A6B222A02D0CA
:106F2000222C7FF4BCAE002220211A63184683F87D
:106F30003D1083F83E20FFF7DBFCB0E6090629D5BB
:106F4000650527D548BB93F83D00598D89B2C0B27D
:106F500000293FF4A4AE596A097811615A8D596A23
:106F6000013A5A855A8D013192B25962002A7FF452
:106F700096AE29287FF493AE19684A68282422F433
:106F800080624A601846C3F830C083F83D40FFF77E
:106F9000ADFC84E600283FF482AEA0057FF57FAE0D
:106FA000598D89B200293FF47AAEF7E600283FF404
:106FB00076AEA1057FF573AE598D89B200293FF4F5
:106FC0006EAE48E014F4007F3FF4B9AE93F83E1083
:106FD000DC6AD3F830C093F83D002228C9B200F033
:106FE000D980CDF830E053690C9393690C930C9BD6
:106FF00055E65B6CDB1103F0060343F0F00313610D
:107000004DE6BEF1000F3FF44AAEA4057FF547AE52
:10701000212800F02D81BCF1400F7FF440AE1846CE
:1070200011B0BDE83040FFF76BBC00283FF437AE2D
:10703000A1057FF534AED86A598D89B2042900F0D4
:107040000E81598D89B2032900F05681598D89B27C
:10705000022900F08681596A12690A70596A5A8DAC
:107060000131013A59625A8519E604F0F7012229E3
:107070006AD0596B096849685985598D89B219B127
:10708000196C41F0040119645168019321F4006105
:107090005160586B00F01CFE0128019B0BD05A6B0D
:1070A00092491165586B00F001FE019B18B1586BB5
:1070B000026D9047019B5A8D92B2002A7FF400AF77
:1070C0001A6C002A3FF424AF184611B0BDE83040D6
:1070D000FFF7F8BC9A6B002A3FF4E1ADD26B002AAF
:1070E0007FF4FCADDBE5196D5B6C41BB03F0FE0387
:1070F0001361D4E50121D96204E6506820F4806070
:1071000050601CF0800F0CBFDA689A69CCF38001E4
:10711000002081F0010183F83C00C9B292B2184608
:10712000FFF7E8FBBBE593F83D102129596C16BF2A
:1071300041F0010101F0FE01C9B21161C6E543F061
:107140000103DBB21361AAE5996B096849685985A7
:10715000598D89B219B1196C41F004011964516853
:10716000019321F400615160986B00F0B1FD01289A
:10717000019B3FF4A2AE9A6B5C491165986B00F0DD
:1071800095FD019B00283FF498AE986B026D9047E7
:10719000019B92E6186D10B9402900F08D80196DA1
:1071A00021B91869B0F5404F00F09180598D89B22E
:1071B00059BB05915169059191690591059911682E
:1071C00041F40071116000221A6568E50022484808
:1071D000D86220211A63184683F83D1083F83E20B8
:1071E000FFF78AFB5BE528211A63184683F83D10F8
:1071F0000193FFF77DFB019B93F83D20282AE5D002
:107200001A6B222A7FF44BAD8DE6598D89B2012984
:1072100000F08480598D89B2022900F0ED80116858
:1072200041F4806111601A68516808050FD5202C5F
:1072300000F2E481072C40F2DD812E49083CE14058
:10724000C90704D5516841F4805151601A68002182
:107250000B9151690B9192690B920B9AB3E75168AC
:1072600021F48061516019685A6A09691170F5E664
:10727000D86A93F83D1021297FF411AD598D89B258
:1072800000297FF48BAD082800F0DB80202800F077
:10729000D88010F5803F00F0D480506820F4E06082
:1072A0005060112420221C63184683F83E1083F896
:1072B0003D20FFF717FBF2E40390536903939369B2
:1072C0000393039BEBE421297FF45BAD5DE504911F
:1072D00051690491916904910499116841F4807194
:1072E00011601A6D01321A65D9E400BFE169000826
:1072F0000000FFFF010100015168042821F48061B2
:10730000516006D0022804D019680A6822F480620D
:107310000A6019685A6A096911709FE614F5803F7E
:1073200000F02581082C00F0FB80202C00F0F88074
:10733000BCF1120F00F07C81102C00F27C81974987
:107340002141CC0700F17781116841F4806111601F
:107350001A68002108915169089192690892089A67
:1073600031E7411E0F2909D8DFE801F0413C083C14
:10737000080808080808080808080841116841F4C6
:107380000071116019685A6A096911705A8D596A39
:10739000013A5A854C1C1A685C6212694A70598D10
:1073A0005A6A1C680132013959855A626268202183
:1073B00022F44072626083F83D1093F83E20402A28
:1073C0004FF0000283F83E2000F01D81082800F0F5
:1073D0000E81202800F00B8112221A631846FFF755
:1073E00083FA5CE4116841F480611160CAE71168B6
:1073F00021F480611160C5E7102C00F2A280684979
:10740000E140C80740F19D80116841F4806111603E
:107410001A6851680D050CD5072C40F205816149A9
:10742000083CE140CC0704D5516841F480515160DB
:107430001A6800210A9151690A9192690A920A9A7E
:10744000C1E6506820F4E0605060186802680021CE
:1074500042F4007220240260196383F83D4093F8DF
:107460003E2083F83E10402A18467FF422AFFFF7F3
:1074700045FA14E4D3F82CC0BCF1020F3FF4FBAC86
:1074800001293FF6F8AC48490D90096846F2A8106A
:10749000B1FBF0F101EB81010D9104E0116811F4F1
:1074A000007100F083800D9901390D91DDF834C031
:1074B000BCF1000FF2D1196C41F020011964516840
:1074C00021F4E061516019685A6A09691170598D97
:1074D0005A6A01390132202059855A6283F83D00E9
:1074E000184683F83EC0FFF777FAFFF7D8BBBCF128
:1074F000080FA6D0BCF1200FA3D01CF5803FA0D070
:10750000516821F4E0615160112420221C63184667
:1075100083F83EE083F83D20FFF7E4F9FFF7BFBBB7
:10752000116821F4806111601A6800200990516986
:107530000991916909910999116841F400711160EB
:1075400041E6116821F48061116019680A6842F40B
:1075500000620A601A68516809057FF56AAF202C3D
:107560007FF65AAF14F5803F7FF463AF5CE7116894
:1075700021F4806111601A68516811F4006148D0EB
:10758000116821F4806111601A6800200690516929
:10759000069192690692069A15E600BFEBFFFEFF80
:1075A00014000100010100011C000020106820F4FB
:1075B000806010601868426822F4E06242601868D7
:1075C0005A6A006910705A8D2020013A5A8583F852
:1075D0003D005A6A93F83E0083F83E10013240287D
:1075E0005A622DD0082C02D0202C7FF4F5AE002258
:1075F0001A63F3E6012C7FF42AAE23E614F5803FEC
:107600007FF425AE1EE618461A63FFF7E3F9FFF78D
:1076100046BB0791516907919169079107991168D4
:1076200041F400711160CEE5012C7FF402AFFBE65E
:10763000012C7FF475AF116821F48061116087E639
:1076400018461963FFF7C6F9FFF729BBF0B50168C3
:107650004B69D1F804E090F83E2013F480745FFA8F
:1076600082FC85B003F4007210D01EF4807F03F416
:1076700080660FD06FF4807EC1F814E0002A45D1F7
:10768000002E00F08F800168012218E022B11EF464
:10769000807F0AD105B0F0BD5D0533D41B05F9D557
:1076A0001EF4807FF6D008224CE06FF4007E03F4D5
:1076B000806625460222C1F814E086B30168B0F85E
:1076C0002AE01FFA8EF590F83DE0046BBCF1200F24
:1076D0005FFA8EF63AD06FF4806EBCF1100FC1F8ED
:1076E00014E042F0040E20D0BCF1400F1DD01C0568
:1076F0005DD47246036C1A43026405B0BDE8F040E5
:10770000FFF7E0B91EF4807FC4D0D8E701686FF4BA
:10771000007E03220125C1F814E0002ECED11E0503
:10772000E8D5016845F00A020CE0D0F800C0DCF8AA
:10773000001041F40071CCF800101905D9D501688A
:1077400042F00C026FF400634B61D3E71DBB06F0FF
:10775000F70CBCF1210F03D0282E1CD1212C1AD1FB
:1077600090F83DC0D0F82CE0BEF1080F5FFA8CFC19
:1077700059D0BEF1200F56D0BCF1210F03F40063A5
:107780001BD06FF4806CC1F814C0002B47D0016887
:1077900042F00802D6E76FF4806CC1F814C042F0E2
:1077A000040EA4E71A0506D501680922CAE7016894
:1077B0004EF00802C6E701229CE7DFF8CCE0C0F8F3
:1077C0002CE0C0F830C04FF0000E4FF0200C80F8D5
:1077D0003DC080F83EE0D1F804C001902CF4E06C8C
:1077E000C1F804C004686FF480616161D0F800C022
:1077F000DCF8001021F48061CCF800100168D1F8A9
:1078000014C01CF0800F18BFC1F810E0CDE90223AE
:10781000FFF76CF8039BDDE90102002BB7D1002ACA
:107820007FF468AF36E7BCF1280FA5D1DFF858C068
:10783000C0F82CC0D1F804C001902CF4E06CC1F861
:1078400004C0CDE9022303686FF480615961D0F868
:1078500000C0DCF8001021F48061CCF80010002199
:107860004FF0200C016380F83DC080F83E10FFF718
:1078700043F8039B13F4006FDDE9010287D1002A6E
:107880007FF438AF06E700BF0000FFFF90F83D30FF
:10789000012B2CD10368174A0221934280F83D1036
:1078A0001AD0B3F1804F17D0A2F57C42934213D087
:1078B00002F5806293420FD002F5806293420BD0B2
:1078C00002F57842934207D002F57052934203D0FA
:1078D000A2F59432934204D19A6802F00702062A74
:1078E00003D01A6842F001021A600020704701209C
:1078F000704700BF0000014090F83D30012B30D1AF
:1079000002681949022380F83D30D36843F001032F
:10791000D36003688B4219D0B3F1804F16D0134A5D
:10792000934213D002F5806293420FD002F5806239
:1079300093420BD002F57842934207D002F5705281
:10794000934203D0A2F59432934204D19A6802F094
:107950000702062A03D01A6842F001021A600020CA
:1079600070470120704700BF000001400004004044
:10797000704700BF704700BF704700BF704700BF2F
:1079800070B50368DE681C69A107054601D5B2071A
:1079900054D4610701D572073CD4230701D53007C1
:1079A00025D4E20601D5F30610D4E00701D5F1078E
:1079B0005BD4220601D533065FD4600601D571067B
:1079C00063D4A20601D5B30646D470BD2B686FF010
:1079D00010021A612B6808222A77DB6913F4407FB2
:1079E000284666D0FFF7C6FF00232B77DDE72B681C
:1079F0006FF008021A612B6804222A77DB69990765
:107A0000284653D1FFF7B4FF2846FFF7B5FF002300
:107A10002B77C6E72B686FF004021A612B680222ED
:107A20002A779B6913F4407F28463CD1FFF7A0FFDB
:107A30002846FFF7A1FF00232B77AEE76FF0020285
:107A40001A610123037703689B699B0725D0FFF721
:107A500091FF00232B779CE72B686FF020021A61BF
:107A60002846BDE8704000F0CFB82B686FF00102E7
:107A70001A612846F9F796FD9BE72B686FF08002A4
:107A80001A61284600F0C2F897E72B686FF04002B1
:107A90001A612846FFF772FF93E7FFF769FF284650
:107AA000FFF76AFFD5E7FFF765FFC4E7FFF762FF5F
:107AB000ADE7FFF75DFF2846FFF75EFF94E700BFE5
:107AC00010B5DFF8D4C04A690368D1F808E0604512
:107AD00032D0B0F1804F2FD0DFF8C0C060454BD01E
:107AE0000CF5806C604547D0DFF8B4C0604543D0EA
:107AF000DFF8B0C060453FD0DFF8ACC060453FD094
:107B00000CF5806C60453BD00CF5806C604537D03F
:107B1000ACF5983C604533D00CF5806C60452FD0B7
:107B20000CF5806C60452BD0C0F82CE009688162B0
:107B300023F080031A4317E04C68D1F80CC0C0F85A
:107B40002CE023F07003234323F4407343EA0C0337
:107B5000DFF844C00C68846223F08003604542EA89
:107B6000030201D10B6903630368012143F004039D
:107B700003604161026010BD4C6823F07003234331
:107B8000D1F80CC0C0F82CE023F4407343EA0C0396
:107B9000DFF810C0DEE700BF000001400004004035
:107BA000000C0040000401400040014050B310B5FB
:107BB00090F83D30044603F0FF02F3B12146022362
:107BC00084F83D3051F8040BFFF77AFF012384F865
:107BD000463084F83E3084F83F3084F8403084F8F2
:107BE000413084F8423084F8433084F8443084F8DB
:107BF000453084F83D30002010BD80F83C2001F075
:107C000047F9DBE701207047704700BF704700BFAE
:107C100070B50446836D1E46FDF7B4F994F835300F
:107C2000022B06D080236365002384F834300120C2
:107C300070BD2268136823F016031360226853692D
:107C400023F080035361236C054653B32268136805
:107C500023F0080313602268136823F00103136004
:107C600004E0FDF78FF9401B052810D823681B6836
:107C700013F00103F5D1E16D3F228A40184601213E
:107C80000023B26084F8351084F8343070BD0323CB
:107C900020226265184684F83530002384F8343099
:107CA00070BDA36C002BD1D1D5E700BF90F8353063
:107CB000022B03D08023436501207047026805230F
:107CC00080F83530136823F00103002013607047FB
:107CD00090F83500704700BFF0B589B005460F46F3
:107CE000FDF750F900220023064608212868CDE957
:107CF000002300F06FFE044610B1204609B0F0BD2D
:107D0000296D2868090400F0C5FE04460028F4D156
:107D10004FF0FF320823CDE9022330220223CDE9C0
:107D2000042302A9002201232868CDE9062300F0DC
:107D30004FFD286800F0CAFE044640B1DDE7436B02
:107D40009B0413D5FDF71EF9801B013025D0286850
:107D5000436B13F02A0F09D1436B9A02EFD500F061
:107D600021FD0DEB840301341860EBE7436B190729
:107D700019D4436B9A0516D4436B9B0710D4446BFC
:107D800014F0200412D1DDE9003240F23A5112BA67
:107D90001BBA8163C7E90023AFE74FF00044ACE7AB
:107DA00002248463A9E708248463A6E7202484636B
:107DB000A3E700BF704700BF2DE9F04188B00D4632
:107DC000044617460193FDF7DDF8002D68D094F8BE
:107DD0003430012B07D0A36B43F00053A363012081
:107DE00008B0BDE8F0810199E26D79180023914255
:107DF000A3635AD82268032184F83410D362636CD9
:107E0000012B4FF0FF330293019B4FEA432303936F
:107E10004FF001024FF002034FF0900C4FF0000EB4
:107E2000CDE904C3CDE906E2064602A9206818BFE1
:107E30007F0200F0CDFC019B2068012B4FF0010276
:107E400029D902232363394600F0DEFD002831D111
:107E5000DDF80C8005E0FDF795F80E9B801B98423D
:107E60006DD223685A6B40F22A310A425A6B2DD1E7
:107E70001704F0D5B8F1000FEDD005F1200700E0B0
:107E80002368184600F08EFC45F8040BBD42F7D17C
:107E9000A8F12008DFE72263394600F0A7FDD5E707
:107EA000A36B43F00063A36399E7A36B43F00073F4
:107EB000A36394E72368404A9A63A36B01210343B9
:107EC0000022A36384F83410226388E7D0050BD521
:107ED000019A012A08D9626C032A05D0184600F0DD
:107EE000BBFD23680028E6D15A6B110735D45A6BC5
:107EF00012F4007231D1596B11F0020139D15A6B71
:107F0000920641D447462F440CE0BD420FD000F00A
:107F100049FC45F8040BFDF735F80E9A2368801BE1
:107F200090423CD25A6B12F4001F1846EDD140F239
:107F30003A5101229963002084F8342050E72368E5
:107F40001D4A9A63A36B012143F000430022A363FF
:107F5000032084F83410226342E7174A9A63A36B24
:107F6000012143F008030022A36384F83410226344
:107F700035E711499963A36B012143F00203A36321
:107F800084F8341022632AE70B4A9A63A36B012218
:107F900043F02003A36384F8342021631FE7064ADB
:107FA0009A63A36B012143F000430022A36384F88A
:107FB0003410226313E700BFFF0540002DE9F043B2
:107FC0008BB00C46074616460193FCF7DBFF002CEE
:107FD00079D097F83430012B07D0BB6B43F00053B6
:107FE000BB6301200BB0BDE8F0830199FA6D7118F5
:107FF00000239142BB636BD83A68032187F83410A1
:10800000D3627B6C012B4FF0FF330493019B4FEA4B
:10801000432305934FF0900C4FF00003CDE906C3C6
:1080200004A94FF001034FF000020546386818BF5D
:108030007602CDE9082300F0CBFB019B3868012BC9
:1080400031463BD920233B6300F0F8FC002844D1A3
:10805000DDF8149005E0FCF795FF129B401B984259
:1080600070D23868436B40F21A310B420246436BC0
:108070003FD15E04EFD5B9F1000FECD004F1040854
:1080800004F1240600E0386818F8043C18F803CC22
:1080900018F8021C18F8012C43EA0C2343EA0143A8
:1080A00043EA026303A908F10408039300F07EFB8E
:1080B0004645E8D1A9F120092034CCE710233B63E1
:1080C00000F0B0FCC2E7BB6B43F00063BB6388E722
:1080D000BB6B43F00073BB6383E73B682E4A9A6334
:1080E000BB6B012103430022BB6387F834103A6362
:1080F00077E7D9050CD5019B012B09D97B6C032BA4
:1081000006D000F0A9FC3A6810B1234B9363E7E76F
:10811000536B1B0722D4536B13F400731ED1516BA6
:1081200011F0020126D1506B10F010002DD01A4B27
:108130009363BB6B012243F01003BB6387F83420C9
:1081400039634EE73B68144A9A63B96BB9630122FD
:10815000002387F8342003203B6343E70E4B9363EF
:10816000BB6B012143F008030022BB6387F8341086
:108170003A6336E708499163BA6B012142F0020283
:10818000BA6387F834103B632BE740F23A5101237E
:10819000916387F8343025E7FF05400010B4426E44
:1081A000920F0A70426E0346C2F383624A7093F8DC
:1081B000672002F003028A70B3F86620CA705A6E14
:1081C000120A0A715A6E4A719A6E120DCA80B3F879
:1081D0006A2002F00F020A729A6EC2F3C0324A722B
:1081E0009A6EC2F380328A729A6EC2F34032CA72B9
:1081F0009A6E0020C2F300320A7348735A6C002A48
:1082000040F089809C6ED86E40F6FC7202EA8402CF
:1082100042EA90720A61DA6EC2F3C2620A7593F89A
:108220006F2002F007024A75DA6EC2F342528A7575
:10823000DA6EC2F38242CA75DA6EC2F3C2320A76CD
:108240000A6901325A65087E00F007000230824058
:108250005A6591F808C001200CF00F0C00FA0CF0E0
:108260004FEA502C02FB0CF2C3E91602DA6E4FF40F
:108270000070C2F3803218664A76DA6EC2F3C61214
:108280008A76DA6E02F07F02CA761A6FD20F0A7708
:108290001A6FC2F341724A771A6FC2F382628A7709
:1082A0001A6FC2F38352CA771A6F0020C2F340528A
:1082B00081F8202081F82100B3F872204FF0010CE2
:1082C00002EA0C0281F822201A6FC2F3C03281F850
:1082D00023201A6FC2F3803281F824201A6FC2F370
:1082E000403281F825201A6FC2F3003281F826202F
:1082F0001A6FC2F3812281F827201A6FC2F301227C
:1083000081F828201B6FC3F3460381F8293081F8D8
:108310002AC010BC7047012A10D19A6EB3F86E00C3
:10832000120402F47C1202430A610A6901329202C9
:108330004FF40070C3E916025A6597E71A680649B8
:1083400091639A6B012142F080529A6383F8341052
:10835000084610BC704700BFFF054000F0B5002282
:1083600099B07623CDE90A230024099409AB054688
:1083700093E807008DE80700CDE906440894824E93
:10838000286806AB0ECB00F0F1F9C6F8A0402868CB
:10839000012700F011FA0220C6F8A070FCF7F8FDE2
:1083A0002868059400F02AFA044648B1012385F8AC
:1083B0003430AB6B2343AB630124204619B0F0BDCE
:1083C000286800F06BFC002840F0C580AF64286886
:1083D000002100F05FFB002840F0D280059B4FF6A3
:1083E000FE76B3421AD80021286800F053FB674993
:1083F00004460028DAD1286800F024FA002840F06A
:10840000BF802146286800F0DFF9059B0133059302
:10841000059BB342044601D80028E4DA059A4FF6DA
:10842000FE739A4200F2A980C4F380740123286885
:108430006C64ADF8123000F0C3F9002800F09580AC
:108440006B6C2868032B1CD1042100F0BDF9000DD2
:10845000E8640DA92846FFF7A1FE0446002840F075
:1084600087802A6D28681204234600F005FB014628
:10847000002853D0012385F83430AB6B0B43AB633A
:108480009AE700F06BFB01460028F3D1286800F062
:108490009BF9034604216B67286800F095F90346B1
:1084A0000821AB67286800F08FF90346EB6728685E
:1084B0000C2100F089F96B6CC5F88000032B28684B
:1084C000C2D00DF1120100F0ADFB01460028D1D160
:1084D0006B6C2868032BB7D0BDF81210296509040E
:1084E00000F048FB01460028C4D1286800F06CF970
:1084F000034604216B66286800F066F903460821EC
:10850000AB66286800F060F90346EB6628680C212A
:1085100000F05AF903462B67286895E72A462B1D79
:1085200052F8106B07CA8DE8070030460ECB00F0FA
:108530001DF928684FF4007100F04CFA00283FF450
:108540003CAF2B68124A9A63AB6B01220343AB63C7
:1085500085F8342030E72868AC6400F04FF950B952
:10856000AB6C012B7FF43AAF31E74FF0806181E7CC
:108570004FF080517EE7044618E74FF0807415E70E
:108580004FF0805412E700BF00802542000010C168
:10859000FF054000C8B110B590F83430044603F030
:1085A000FF0273B1032384F834302046FFF7D6FE70
:1085B00028B90123A063206384F8343010BD012062
:1085C00010BD0277FFF7F6FBECE70120704700BF14
:1085D000436C0B60836C4B60C36C8B60036DCB6032
:1085E000436D0B61836D4B61C36D8B61036ECB611A
:1085F0000020704730B5426C0323032A8DB0044637
:1086000080F834300B4625D0B1F5805F22D0B1F52B
:10861000006F66D0002940D0826B42F00062826316
:10862000A56BD4F800C0F5B90993D4E90523CDE9C9
:108630000A23A3680793E3686268069208930CAA6A
:1086400012E907008DE8070006AB0ECB604600F08C
:108650008DF80FE0A26B42F08052A263A56BD4F8B4
:1086600000C0002DE0D00123354ACCF838201D464B
:1086700084F8343020684FF4007100F0ABF930B169
:1086800023682F4A9A63A36B03430125A363012345
:10869000284684F834300DB030BD0068059107914C
:1086A00000F092F810F0007F059B3DD106A920460E
:1086B000FFF712FB059B014678B9079AD20338D51C
:1086C000216D2068090400F0E5F9059B014620B9F9
:1086D000206800F0EDF9059B0146A26B0A43A263F6
:1086E000BCE7006805910021079100F06DF810F0DB
:1086F000007F059B1BD106A92046FFF7EDFA059BDD
:1087000070B9079A510317D5216D2068090400F04C
:10871000C1F9059B20B92068022100F0C9F9059B29
:10872000A26B0243A26399E74FF40061D5E71846B4
:10873000F6E74FF08061D0E74FF08060F0E700BFD0
:10874000FF05400010B5016D04460904006800F003
:10875000CDF9014620B1A36B0B43A363002010BDEC
:10876000206800F031F8C0F3432010BD84B010B48D
:108770000DF1080C8CE80E0041EA020304994268EE
:108780000B43DDE9054123430B43079922F4FD42E6
:108790000B4322F07F021343436010BC002004B05F
:1087A000704700BFD0F88000704700BF0B68C0F86A
:1087B00080300020704700BF032303600020704713
:1087C000006800F00300704714304058704700BF45
:1087D00010B40B6843624B688362CC688B68D1F835
:1087E00010C0C26A4969234343EA0C030B4322F0D9
:1087F000F7021343C36210BC0020704700220F4BE6
:108800008260C2680E491B686FF30B02A1FB031361
:1088100042F480625B0A41F28831C26001FB03F3DB
:1088200043B1426B120603F1FF33F9D5C5238363CD
:10883000002070474FF00040704700BF1C00002030
:10884000D34D621041F0004141F48011164B81601C
:10885000C26816491B686FF30B02A1FB03135B0A86
:1088600041F2883142F48D6242F0010201FB03F3D0
:108870008446C26043B1DCF8342012F0450F01D0C9
:10888000120504D5013BF6D14FF000407047DCF8EB
:10889000340010F0040015BF0420C523CCF83800C4
:1088A000CCF83830704700BF1C000020D34D621058
:1088B000454BDFF81CC11B68ACFB03C35B0A03FB21
:1088C00002F252B1013A436B13F0450F02F1FF324D
:1088D00001D01B0504D5531CF5D14FF00040704763
:1088E000436B5A073ED4436BDB0707D4C52383632E
:1088F0000369DBB2994204D00120704701238363EE
:10890000FAE743693148184058B3002B2EDB590071
:108910002FD49A002FD4D9002FD41A0130D4590162
:1089200031D4DA0132D4190233D45A0234D4990240
:108930003ED4DA0239D4590334D49A032FD4D9035C
:108940003FD41A043AD4590435D49A0407D413F006
:10895000080F0CBF4FF480304FF4000070474FF405
:108960008000704704238363184670474FF00070FF
:10897000704740207047802070474FF480707047E8
:108980004FF4007070474FF4806070474FF4006000
:1089900070474FF4805070474FF4005070474FF4C9
:1089A000802070474FF4003070474FF4004070470C
:1089B0004FF4804070474FF4001070474FF4801020
:1089C00070474FF4002070471C00002008E0FFFDB6
:1089D000D34D62108160C1686FF30B0141F48A616D
:1089E000C16041F288321021FFF762BF8160C36825
:1089F0006FF30B0343F48A6343F0010341F28832BF
:108A0000C3601121FFF754BF8160C3686FF30B038C
:108A100043F48A6343F0020341F28832C3601221B7
:108A2000FFF746BF8160C1686FF30B0141F48B61B2
:108A3000C16041F288321821FFF73ABF8160C368F4
:108A40006FF30B0343F48B6343F0010341F288326D
:108A5000C3601921FFF72CBF00238360C368054A58
:108A60006FF30B0343F4896343F00403C3600C21E9
:108A7000FFF71EBF00E1F5058260C3686FF30B03CB
:108A800043F4886343F0070341F28832C36007214F
:108A9000FFF70EBF8160C3686FF30B0343F48E636F
:108AA00043F0070341F28832C3603721FFF700BF6C
:108AB0008160C3686FF30B0343F4886343F00603DC
:108AC00041F28832C3600621FFF7F2BE00238360C3
:108AD000C3686FF30B0343F48E6343F0030341F267
:108AE0008832C3603321FFF7E3BE00BF8160C368F3
:108AF0006FF30B0343F4896343F0050341F28832BB
:108B0000C3600D21FFF7D4BE124B134A1B68A2FBB2
:108B1000032341F288315B0A01FB03F301463BB1B9
:108B20004A6B12F0450F01D0120504D5013BF7D175
:108B30004FF0004070474B6B5B0707D4486B10F059
:108B4000010014BF0123C5238B6370470420886391
:108B5000704700BF1C000020D34D621000238360CB
:108B6000C3686FF30B0343F4986343F00203C360DD
:108B7000FFF7CABF8160C3686FF30B0343F49963C7
:108B800043F00103C360FFF7BFBF00BF234BDFF813
:108B900090C01B68ACFB03C35B0A41F2883C0CFB32
:108BA00003F3844643B1DCF8340010F0450F01D0E4
:108BB000000504D5013BF6D14FF000407047DCF8CA
:108BC00034305B0720D4DCF83430D80706D4DCF826
:108BD0001030DBB2994205D0012070470123CCF858
:108BE0003830F9E7C523CCF83830DCF8143013F40A
:108BF000604010D05A040BD413F4004F0CBF4FF454
:108C000080304FF4805070470420CCF83800704713
:108C10004FF4005070471B0C138070471C0000205D
:108C2000D34D621000238360C3686FF30B0343F4DA
:108C3000886343F003030A46C3600321FFF7A6BF1E
:108C4000144B154A1B68A2FB032341F288315B0ACF
:108C500001FB03F301463BB14A6B12F0450F01D013
:108C6000100504D5013BF7D14FF0004070474B6B26
:108C70005A070CD4486B10F0010005D14B6B5B0612
:108C8000F4D540238B63704701238B637047042026
:108C9000886370471C000020D34D62104FF4D572DA
:108CA0008260C2686FF30B0242F48962C260FFF710
:108CB000C7BF00BF82B00C4B002100915A6C42F438
:108CC00080425A645A6C02F480420092009A0191E8
:108CD0001A6C42F080521A641B6C03F080530193AB
:108CE000019B02B0704700BF003802400000000046
:108CF00000B5394903688BB000228B42CDE90422CC
:108D0000CDE90622089204D034498B422ED00BB014
:108D100000BD334B0092186C40F400301864186C9E
:108D200000F40030009000980192186B40F00100B0
:108D300018631B6B2B489FED247B03F001034FF05E
:108D4000030C019304A907238DED047BCDE907C330
:108D5000DDF804E0FCF772FC002202212620FCF77B
:108D60003BF92620FCF76AF90BB000BD1C4B0292C0
:108D7000586C40F010005864586C00F010000290DD
:108D800002980392186B40F0010018631B6B1548A2
:108D90009FED0F7B03F001034FF0030C039304A935
:108DA00007238DED047BCDE907C3DDF80CE0FCF76C
:108DB00045FC002202212520FCF70EF92520FCF7B6
:108DC0003DF90BB000BD00BF0C0000000200000028
:108DD00000060000020000000044004000100140B6
:108DE000003802400000024000B5274B016889B0FE
:108DF00000229942CDE90222CDE90422069201D057
:108E000009B000BD03F5F2330092186C40F4001075
:108E10001864186C00F40010009000980192186B10
:108E20009FED157B40F0020018631B6B17488DED1A
:108E3000027B9FED137B03F00203019302A904233D
:108E40008DED047BDDF804C00693FCF7F7FB0022F0
:108E500001211F20FCF7C0F81F20FCF7EFF80022CB
:108E600001212020FCF7B8F82020FCF7E7F809B032
:108E700000BD00BFAFF3008000030000120000003F
:108E80000100000003000000005400400004024004
:108E900000B50368B3F1804F83B004D0144A934205
:108EA00010D003B000BD03F50E33002200921A6CFF
:108EB00042F001021A641B6C03F001030093009B53
:108EC00003B000BD0B4B00220192196C41F002016E
:108ED00019641B6C03F00203019301211D20019B07
:108EE000FCF77AF81D2003B05DF804EBFCF7A6B898
:108EF0000004004000380240FEE700BFFEE700BF6C
:108F0000FEE700BFFEE700BFFEE700BF704700BFFF
:108F1000704700BF704700BFFCF728B80148FEF754
:108F20002FBD00BFE45F01200148FCF72DBF00BF4B
:108F3000C06001200148FCF727BF00BF7860012016
:108F40000148FDF777BE00BF086101200148FEF728
:108F50007DBB00BF08610120034AD2F8883043F48A
:108F60007003C2F88830704700ED00E0DFF834D0BD
:108F7000FFF7F2FF0C480D490D4A002302E0D458D8
:108F8000C4500433C4188C42F9D30A4A0A4C002353
:108F900001E013600432A242FBD301F047FAF8F774
:108FA000A5F870470000022000000020E801002022
:108FB000C4DD0008E80100206C720120FEE700001B
:108FC00000F0A8B808B52DED028BF0EE408A00F055
:108FD00043F9B0EE408AB0EE680A00F087F868B155
:108FE000DFED127AF4EEE78AF1EE10FA0BDCDFED3A
:108FF000107AF4EEE78AF1EE10FA0FD4B0EE480AD8
:10900000BDEC028B08BD9FED0B8A01F009FAB0EEB2
:10901000480ABDEC028B2223036008BD01F000FA70
:1090200022239FED058A0360E8E700BF1772B14273
:10903000B5F1CFC20000807F0000000008B52DED23
:10904000028BB0EE408A00F0FBF9B4EE488AF1EEF4
:1090500010FA0FD6B5EEC08AF1EE10FA0ADCB5EEC2
:10906000408AF1EE10FA08D101F0DAF922239FEDDF
:10907000090A0360BDEC028B08BD01F0D1F9BDEC1B
:10908000028B034621221A600348BDE8084000F025
:1090900037B800BF000080FF30CD000800B52DEDCF
:1090A000028BB0EE408A83B000F030F8B4EE488A0C
:1090B000F1EE10FA06D6DFED0C7AB4EEE78AF1EEA7
:1090C00010FA03D403B0BDEC028B00BDCDED017AE4
:1090D00001F0A6F9DDED017A87EEA70A21230360EE
:1090E00003B0BDEC028B00BD0000000010EE103A92
:1090F00023F00040B0F1FF4F2CBF0020012070474B
:109100009FED010A704700BF0000C07FB1EEC00AAA
:10911000704700BF10EE903A23F00041B1F1FF4FCD
:10912000F0EE407A33D810EE10CA2CF00040B0F1C7
:10913000FF4F2CD8B3F17E5F3DD09A1702F00202A8
:1091400042EADC7230B371B3B1F1FF4F3ED0B0F1FF
:10915000FF4F35D000B5401AB0F1F45F83B04FEA4D
:10916000E0512ADA002B3EDA3C313CDA9FED310A3D
:10917000012A41D0022A46D03AB19FED2F7ADFED85
:109180002F7A30EE070A30EE670A03B000BD30EEEA
:10919000A70A7047022A0BD09FED297A032A08BF3D
:1091A000B0EE470A70478C450DDB9FED260A7047ED
:1091B0009FED220A704700F03DBA9FED220AD7E7E3
:1091C000BCF1000FF1DA9FED200A7047B0F1FF4FBC
:1091D00002F1FF3220D0022A26D81C4B03EB820377
:1091E00093ED000A704787EEA00A019200F0FEFAA4
:1091F00000F020FA019ABBE710EE103A03F10043A9
:1092000000EE103AC1E79FED0C7ADFED0C7A30EEFC
:10921000070A37EEC00AB8E7022A08D80C4B03EB5E
:10922000820393ED000A70479FED020A70479FED9D
:10923000090A7047000000002EBDBB33DB0F494018
:10924000DB0F49C0DB0FC93FDB0FC9BFECD90008FA
:10925000F8D90008DB0F493F10EE103A23F0004226
:10926000B2F1FF4F56D84FEAD37100F095806248B3
:10927000834200F38780002BC0F287805F4B9A42C5
:109280004BD95F4B9A4200F29A805E4B5E4A03EBE9
:109290008103D3ED004A02EB810281F0010370EEFD
:1092A000644AD2ED007A5B1A34EEE70ADFED576AC2
:1092B0009FED575ADFED575A9FED576A20EE007A1F
:1092C000A7EE265ADFED556AE5EE075AE5EE876A06
:1092D000A6EE876AF0EE406AE6EE476A20EE266A5E
:1092E000002B42D0B0EE007A37EE667AB7EE000A75
:1092F000C6EE076A13F17D0F77EEE67A77EEE47A31
:1093000030EE670A4FDB10EE102A02EBC35300EE7B
:10931000103A704730EE000A7047B2F1505F0AD23F
:10932000DFED3F7A70EE277AB7EE007AF4EEC77A77
:10933000F1EE10FA5DDC60EE007A9FED347ADFED3D
:10934000345A9FED346ADFED356AE7EE875A9FEDB8
:10935000327AA7EEA56AE7EE866AA7EEA67AF0EE65
:10936000406AE7EEC76A20EE266AF0EE007A76EEF3
:10937000E76AB7EE007AC6EE267A77EEC07A37EE65
:10938000670A7047002000F05BBA264B9A427FF6CE
:1093900075AF002000F04EBADFED237A002918BF28
:1093A000B0EE670A704710EE102A643302EBC35325
:1093B000DFED1E7A00EE103A20EE270A70471C4BB4
:1093C0009FED1C7ADFED1C6A03EB8103D3ED007A7D
:1093D000E0EE077A9FED197AFDEEE77AF0EE404A6B
:1093E00017EE903AF8EEE77AE7EEE64A67EE877A0C
:1093F0005AE730EE070A70471772B1421872B13E51
:109400009115853F0CDA000804DA00084CBB3133B3
:109410000EEADDB555B38A38ABAA2A3E610B36BBDE
:10942000CAF24971B5F1CF42000000000000800D82
:1094300014DA00083BAAB83F8071313FD1F71737E3
:1094400010EE102A32F000432FD0002A134633DBEF
:10945000B2F1FF4F40DAB2F5000F34DB4FF0000CF1
:109460006448C3F31601081800F4000282F07E522B
:109470000A43DB1500EE102A7F3B5F4A634401F18B
:109480000F0CF7EE007A0CEA020230EE670A03EBEB
:10949000D05322BBB5EE400AF1EE10FA62D1002B98
:1094A00040F090809FED550A70479FED557ADFEDB3
:1094B000537A87EE270A704770EE407A9FED4F7A15
:1094C00087EE870A7047DFED4F7A60EE277A6FF0FC
:1094D000180C17EE903AC3E730EE000A7047F0EE32
:1094E000007A70EE277A07EE103A80EE274A464857
:1094F000C1F55712081802F522720243002A9FEDA7
:10950000433ADFED434ADFED435ADFED433A9FED47
:10951000435ADFED437ADFED436A24EE046AF8EE46
:10952000C72A26EE067AE7EE034AA7EE235AE4EEB0
:10953000875AE5EE076AE5EE877A67EE867AE6EE09
:10954000877A2ADDB6EE007A20EE077A27EE007AD7
:1095500077EE877A67EE847A3BBB37EE677A30EE38
:10956000470A7047DFED307AB6EE007AA0EE677AF0
:1095700060EE007A27EE277A002BF0D007EE903AC3
:109580009FED2A6ADFED2A6AF8EEE77AA7EEC67A3F
:1095900037EE400A97EEA60A704770EE677A67EEDC
:1095A000847AE3B930EE670A70479FED206ADFEDF9
:1095B000206AE2EE867A37EE677A37EE400A92EE5C
:1095C000A60A704707EE903A9FED180A9FED187AA9
:1095D000F8EEE77A27EE800AA7EE870A7047DFEDFC
:1095E000136A9FED137AE2EEE67A37EEC00A92EE46
:1095F000870A704720FB4A00F0FF7F000000000050
:10960000000000CC0000004C305CCFFF9788173E74
:1096100025333A3E2549923E4FD01C3E298E633E6B
:10962000ABAA2A3FCDCCCC3EABAAAA3ED1F7173786
:109630008071313F10EE102A22F00043B3F1A14FA8
:10964000F0EE407A07D3B3F1FF4F56D8002A7CDD05
:109650009FED530A704700B552498B4283B05BD8E7
:10966000B3F1445F4CD34FF0FF3327EEA76A9FED71
:109670004E5A9FED4E7ADFED4E5ADFED4E4A66EEC2
:10968000066A591CA6EE857AE6EEA54A9FED4A5A6F
:10969000DFED4A5AA7EE265AE4EEA65A9FED487A25
:1096A000DFED484AA5EE267AE5EEA64A9FED465A3A
:1096B000DFED465AA7EE265A9FED457AA4EEA67A2C
:1096C000E5EE265A27EE267AA5EE867A27EE277A49
:1096D00042D04048404900EB8300D0ED006A37EEAD
:1096E000667A01EB8303D3ED006A37EE677A002ACE
:1096F00036EEC70A2CDB03B000BD30EE000A70471F
:109700009FED367A30EE077AF7EE006AB4EEE67A2D
:10971000F1EE10FAA7DDEEE7CDE9003200F066F8D1
:109720002F49009B019A8B421AD8A1F5D0018B4298
:109730002BD8F0EE007ABFEE007AA0EE277A002355
:1097400030EE270AC7EE007A8FE79FED260A7047B2
:10975000B1EE400A03B000BD37EEC70A03B000BD4A
:1097600021498B420BD8F7EE087AB7EE007AA0EECB
:10977000277A022330EE670AC0EE077A75E7BFEE5C
:10978000007AC7EE007A03236FE7F7EE007A30EE37
:10979000677A30EE270A0123C7EE007A65E700BF3B
:1097A000DB0FC93FFFFFDF3ED769853C59DA4B3DF0
:1097B00021A215BD6BF16EBD356B883D95879DBDB2
:1097C0006E2EBA3D388EE3BD2549123EABAAAA3EA5
:1097D000CDCC4CBE1CDA00082CDA0008CAF2497164
:1097E000FFFF973FDB0FC9BFFFFF1B4010EE103A92
:1097F00023F0004300EE103A704700BF10B582B06E
:109800008DED010A044600F00BFE9DED010A046097
:1098100002B010BD30B1F1EE407A27EE800A22206E
:10982000FFF7ECBFF0EE407A27EE800A2220FFF728
:10983000E5BF00BF9FED010AFFF7ECBF000000107D
:109840009FED010AFFF7E6BF000000702DE9FF471A
:1098500057EC106B002F0C469146DDF830A01946EE
:109860004FF0000203DA07F100431F462D220D9D41
:109870000A7025F02005462D04D0452D00D1013475
:10988000022100E0032103AB019302AB009347ECFC
:10989000106B5346224600F087FE472D80461AD1B2
:1098A00019F0010F0ED000EB04090022002330460E
:1098B0003946F7F7E9F808B1CDF80C903022039B50
:1098C0004B451ED3039B0E9AA3EB0803404613603F
:1098D00004B0BDE8F087462D00EB0409E5D103781C
:1098E000302B0AD10022002330463946F7F7CCF856
:1098F00018B9C4F10104CAF80040DAF800309944FC
:10990000D3E7591C03911A70D9E7F7B50029BABFFC
:1099100049422D232B230929027043702ADD0DF1C2
:109920000704871CA6460A26A446B1FBF6F506FBEB
:1099300015123032632904F1FF340CF8012C29464A
:10994000F2DC3031ACF1020204F8011C411C144677
:1099500072450AD30DF10903A3EB0C03A64538BFEA
:1099600000233B44181A03B0F0BD12F8013B01F884
:10997000013FEDE7302330318370C170031DF1E703
:109980002DE9F04F8FB00C46DDF8608016461F467B
:10999000054600F0FBFC036807931846F6F748FC01
:1099A00000230C93D8F8003094F818A0D4F800B035
:1099B0000890073323F00703B3EC027B8DED047BA3
:1099C000C8F80030DDE9048323F0004984ED127B00
:1099D0009A4B4FF0FF3240464946F7F787F870BB85
:1099E000964B4FF0FF3240464946F7F761F830BBDF
:1099F000DDE9040100220023F7F750F810B12D2310
:109A000084F843308E4A8F4BBAF1470F8CBF904693
:109A10009846032323612BF0040323604FF00009D1
:109A2000009733460DAA2146284600F0CDF90130B3
:109A300040F08C804FF0FF300FB0BDE8F08FDDE9D3
:109A4000042310461946F7F751F840B1059B7E4AAA
:109A5000002BBCBF2D2384F843307C4BD4E76368D4
:109A60005A1C0AF0DF093BD1062363604BF4806285
:109A70000023226003930CABCDE901A30BAB009351
:109A800061689DED040B0DF12B032846FFF7DEFE08
:109A9000B9F1470F0B99804629D1C81C02DB6368D6
:109AA0008B4241DAAAF1020A5FFA8AFA0139524678
:109AB00004F150000B91FFF728FF0C9A1318012AAC
:109AC0008146236102DC2268D20701D5013323617C
:109AD0009DF82B30002BA3D02D2384F843309FE733
:109AE000B9F1470FC2D1002BC0D10123BDE7BAF1B4
:109AF000650FDBD9BAF1660F18D1002963680BDD59
:109B0000216113B92268D00702D501330B442361C8
:109B1000A1654FF00009DBE713B92268D20701D530
:109B20000233F4E70123F2E74FF0670A0C9B8B4204
:109B300005DC23682161D807EAD54B1CE7E700293B
:109B4000D4BFC1F1020201221344E0E723685A05A1
:109B500007D42369424631462846B847013028D108
:109B600068E7BAF1650F40F2DB80D4E91201002208
:109B70000023F6F789FF90B3354A01233146284682
:109B8000B84701303FF456AFDDE90B38434502DBFF
:109B90002368D8070DD5DDE9072331462846B847A5
:109BA00001303FF447AF4FF0000908F1FF38C845D6
:109BB00009DC23689B0700F10481E0680D9B984253
:109BC000B8BF184638E7012304F11A023146284687
:109BD000B84701303FF42EAF09F10109E7E70B9BCD
:109BE000834237DC1A4A012331462846B847013000
:109BF0003FF420AFDDE90B3959EA030302D12368B2
:109C0000D907D6D5DDE9072331462846B8470130C4
:109C10003FF410AF4FF0000A0B9B5B42534501DC51
:109C20004B4697E7012304F11A0231462846B8470C
:109C300001303FF4FFAE0AF1010AEDE7FFFFEF7FCD
:109C400040DA00083CDA000848DA000844DA000884
:109C50004CDA0008A36DDDF830B05B45A8BF5B4669
:109C6000002B049337DC4FF0000904F11A02049B27
:109C7000D4F858A0002BACBFAAEB030353464B45C6
:109C800031DC0B9B9B453ADC2368DA0737D40B9B0E
:109C9000ABEB0309ABEB0A039945A8BF9946B9F1B1
:109CA000000F34DC4FF000080B9BB9F1000FABEB59
:109CB0000303A8BFA3EB090343457FF77AAF012352
:109CC00004F11A0231462846B84701303FF4B2AEDB
:109CD00008F10108E8E7049B424631462846B847A8
:109CE0000130C0D1A6E60123314628460992B84783
:109CF00001303FF49FAE099A09F10109B7E7DDE9A8
:109D0000072331462846B8470130C0D192E64B467A
:109D100008EB0A0231462846B8470130C2D189E62D
:109D2000DDF830A0BAF1010F01DCDB0735D50123E6
:109D3000424631462846B84701303FF47BAEDDE964
:109D4000072331462846B84701303FF473AED4E9C3
:109D50001201002200230AF1FF3AF6F795FEC8B976
:109D6000534608F1010231462846B84701300DD16B
:109D700060E6012304F11A0231462846B847013053
:109D80003FF458AE08F10108D045F2DB4B4604F130
:109D90005002E0E64FF00008F6E701234246E2E712
:109DA000012304F1190231462846B84701303FF437
:109DB00041AE08F10108E3680D995B1A4345EFDCF9
:109DC000FBE64FF00008F6E72DE9F047914698468C
:109DD0008A680B69089E9342B8BF1346C9F80030E1
:109DE00091F8432007460C4612B10133C9F8003000
:109DF0002368990642BFD9F800300233C9F8003011
:109E0000256815F0060507D104F1190AE368D9F8A9
:109E100000209B1AAB4229DC94F843302268003BB7
:109E200018BF012392062ED404F14302414638465E
:109E3000B047013021D02368A168226903F00603EE
:109E4000042B01BFE568D9F80030ED1A25EAE57565
:109E500018BF00258B1A2B449142C8BF1D464FF0F6
:109E600000091A344D451AD1002008E0012352465A
:109E700041463846B047013003D14FF0FF30BDE8CE
:109E8000F0870135C2E7E1185A1C302081F8430001
:109E9000224494F8451082F843100233C4E70123AA
:109EA000224641463846B0470130E6D009F1010963
:109EB000D8E700002DE9F04398460B7E85B0782B5B
:109EC000174606460C9A0C4609D8622B01F143014D
:109ED00008D8002B00F0DC80582B00F0BD8004F186
:109EE000420539E0A3F163001528F8D801A555F81B
:109EF00020F000BF4D9F0008619F0008DF9E000812
:109F0000DF9E0008DF9E0008DF9E0008619F0008BA
:109F1000DF9E0008DF9E0008DF9E0008DF9E00082D
:109F200071A000088D9F00081FA00008DF9E000898
:109F3000DF9E000899A00008DF9E00088D9F0008A2
:109F4000DF9E0008DF9E000827A000081368191D87
:109F50001B68116004F1420584F842300123A8E037
:109F600013682568181D1060280601D51B6803E0DA
:109F70006A06FBD5B3F90030002B03DA2D225B42D1
:109F800084F84320DFF878C10A2213E025681068BE
:109F900015F0800F50F8043B02D16D0648BF9BB20C
:109FA0001060227EDFF858C16F2A5DD108220020A0
:109FB00084F843006568A560002D05DB20681D431B
:109FC00020F00400206051D00D46B3FBF2F002FBFC
:109FD000103E9A421CF80EE005F801ED0346F4D954
:109FE000082A0BD12368DA0708D5236962689A42E8
:109FF000DEBF302305F8013C05F1FF35491B216127
:10A00000CDF800803B4603AA21463046FFF7DCFE30
:10A01000013053D14FF0FF3005B0BDE8F083236825
:10A0200043F020032360DFF8DCC0782384F8453058
:10A030002068156810F0800F55F8043B03D110F02C
:10A04000400F18BF9BB21560C50744BF40F0200009
:10A05000206023B11022AAE7DFF8A4C0E6E7226857
:10A0600022F020022260F5E70A22A0E70D46B7E7BA
:10A070001368D4F800C060691D1D15601CF0800FC6
:10A080001B6801D0186003E01CF0400FFAD0188064
:10A09000002323610D46B3E71368191D11601D6885
:10A0A000626800212846F6F773F808B1401B60602B
:10A0B00063682361002384F84330A1E723692A46BB
:10A0C00039463046C0470130A4D023689B0714D4DA
:10A0D000E068039B9842B8BF18469DE7012304F14E
:10A0E000190239463046C047013093D00135E36844
:10A0F00003995B1AAB42F1DCEAE70025F7E700BF02
:10A100004EDA00085FDA0008002310B50446C0E903
:10A110000033C0E90433836081814366C281836177
:10A12000194608225C3000F029F90D4B63620D4B93
:10A13000A3620D4BE3620D4B23630D4B24629C42E3
:10A1400006D003F16802944202D0D0339C4205D17C
:10A1500004F15800BDE8104000F08CB910BD00BFFC
:10A16000F5A2000817A300084FA3000875A3000874
:10A170001C710120024A0349034800F06BB800BF7C
:10A180002000002031BE00083000002041680C4B48
:10A19000994210B5044601D001F04AFEA168094B6E
:10A1A000994202D0204601F043FEE168064B9942F5
:10A1B00004D02046BDE8104001F03ABE10BD00BFFB
:10A1C0001C71012084710120EC71012010B50A4B33
:10A1D0000A4A1A600A4800220421FFF795FF09483D
:10A1E00001220921FFF790FFBDE810400648022236
:10A1F0001221FFF789BF00BF5472012075A100082A
:10A200001C71012084710120EC710120014800F0D3
:10A2100032B900BF5D720120014800F02DB900BFC6
:10A220005D72012010B50446FFF7F0FF236A1BB1F1
:10A23000BDE81040FFF7F0BF044B2362044B1B68DE
:10A24000002BF5D1FFF7C2FFF2E700BF8DA1000898
:10A25000547201202DE9F8438046894614460026B1
:10A26000D4E90175013F05D52468002CF8D13046AA
:10A27000BDE8F883AB89012B07D9B5F90E3001335E
:10A2800003D029464046C84706436835EAE7000040
:10A290000CB430B5154B0C1E1D689DB008DA8B232D
:10A2A0002B604FF0FF301DB0BDE8304002B070476A
:10A2B0004FF000031B9318BF0123E31A0493079385
:10A2C0000B4B029006900593209A21AB02A92846D9
:10A2D000019301F035FC431CBCBF8B232B60002C89
:10A2E000E1D0029B00221A70DDE700BF2C000020A5
:10A2F0000802FFFF10B50C46B1F90E1000F06CF823
:10A300000028ABBF636DA3891B1823F48053ACBF37
:10A310006365A38110BD2DE9F0411F468B89DB05E4
:10A3200005460C46164605D5B1F90E10022300224B
:10A3300000F040F8A389B4F90E1023F48053A381F0
:10A3400032463B462846BDE8F04100F057B810B50C
:10A350000C46B1F90E1000F02DF8B4F90C30421C87
:10A360000BBF23F4805343F48053A381A38118BF10
:10A37000606510BDB1F90E1000F00CB80244034640
:10A38000934200D1704703F8011BF9E7004870477A
:10A390006C01002038B5064C0023054608462360B2
:10A3A00002F05AFA431C02D1236803B12B6038BD76
:10A3B0005872012038B5074C054608461146002260
:10A3C00022601A4602F070FA431C02D1236803B1DE
:10A3D0002B6038BD5872012038B5074C0546084639
:10A3E0001146002222601A4602F066FA431C02D18E
:10A3F000236803B12B6038BD5872012038B5074C73
:10A40000054608461146002222601A4602F06AFA02
:10A41000431C02D1236803B12B6038BD5872012060
:10A42000014B1868704700BF2C00002070B50D4B21
:10A430000D4C00261D1BB6EBA50F09D102F05CFAEE
:10A440000A4C0B4B00261D1BB6EBA50F05D170BDAA
:10A4500054F8043B98470136EDE754F8043B98471D
:10A460000136F1E7BCDD0008BCDD0008BCDD0008FA
:10A47000C0DD00087047704770470A44914200F100
:10A48000FF3300D1704710B511F8014B03F8014FAD
:10A490009142F9D110BD2DE9F74F03690C69A34230
:10A4A00080467EDB013C01F11407A30000F1140596
:10A4B000009305EB8403019357F8243055F82420CA
:10A4C00001339A4207EB8409B2FBF3F62ED34FF027
:10A4D000000ABC46AE46D3465CF8043B98B206FB85
:10A4E00000A0020C1B0C06FB0323DEF8002080B248
:10A4F00092B2121A5A44DEF800004FEA134A9BB295
:10A50000C3EB224303EB104392B242EA0342E1451C
:10A510004EF8042B4FEA234BDED2009BEB582BB9AD
:10A52000019B1A1F954230D3C8F81040404601F0F5
:10A530009BF9002825DB01362946002057F8042B1B
:10A54000D1F800C01FFA82FE1FFA8CF3A3EB0E03B2
:10A550000344120CC2EB234202EB1C429BB243EABF
:10A560000243B94541F8043B4FEA2240E6D255F890
:10A57000242005EB840322B9043B9D420BD3C8F889
:10A580001040304603B0BDE8F08F1368002BCBD1EC
:10A59000043A013CC6E71A68002AF0D1043B013CAA
:10A5A000EBE70020EEE700002DE9F04F99B08DEDCC
:10A5B0000E0B0C92C269229C0A9157EC106B8146DB
:10A5C000139382B9102000F011FE0246C9F81C0056
:10A5D00020B9A94BEF21A94801F07CFC0023C0E978
:10A5E00001330360C360116859B152684A600123A6
:10A5F00093408B60484600F0E9FED9F81C300022F9
:10A600001A60B7F10008B5BF01230023236023605F
:10A610009B4BBCBF28F00048CDF83C8033EA0803D0
:10A620001AD1139AC8F3130842F20F7358EA0608B6
:10A63000136000F06185239B53B9924B21E0924B4C
:10A6400000930833239A1360009819B0BDE8F08F87
:10A650008C4B00930333F5E79DED0E7B002251EC0C
:10A66000170B00238DED067BF6F70EFA824650B1EC
:10A67000139A01231360239B13B1239A834B136016
:10A68000834B0093E0E79DED060B16AA17A94846F9
:10A6900001F09EF95FEA1854169D019079D0079B4E
:10A6A000CDF850A0C3F31303DDE9060143F07F5357
:10A6B00043F44013A4F2FF3419460022754BF5F71A
:10A6C000C3FD67A3D3E90023F5F776FF66A3D3E9BB
:10A6D0000023F5F7BBFD064620460F46F5F702FFBF
:10A6E00063A3D3E90023F5F767FF02460B46304624
:10A6F0003946F5F7ABFD06460F46F6F70DFA002290
:10A700008046002330463946F6F7C8F948B140463E
:10A71000F5F7E8FE32463B46F6F7B6F908B908F118
:10A72000FF38B8F1160F51D85B4B03EBC803D3E9E0
:10A730000023DDE90601F6F7B1F9002848D008F159
:10A74000FF38002312932D1B6B1E089343BF002379
:10A75000C5F1010708930027B8F1000F3ADB089B09
:10A76000CDF8348043440893002309930A9B092BB6
:10A7700062D8052BC4BF043B0A930A9BA3F10203D2
:10A78000CCBF00240124032B62D8DFE803F051532F
:10A79000362B179C2C4404F23243202BC1BFC3F14B
:10A7A000400308FA03F804F2124326FA03F3D6BF73
:10A7B000C3F1200348EA030006FA03F0F5F782FE2E
:10A7C0000122A1F1F873013C149275E70123B9E766
:10A7D0001290B8E7C8F1000309930023A7EB08071C
:10A7E0000D93C3E701230B930C9B43440593013363
:10A7F000012B0493B8BF012306E001230B930C9BAC
:10A80000002B28DDCDE90433D9F81C0000210422F7
:10A8100002F114059D4243D94160484600F098FD7D
:10A82000009000283FD11D4B024640F2AF11D2E606
:10A830000023E3E70023D6E701240023CDE90A340F
:10A840004FF0FF330022CDE904330C921223DBE7F3
:10A8500001230B93F4E70123CDE904330C93D3E7F1
:10A8600061436F63A787D23FB3C8608B288AC63F16
:10A87000FB799F501344D33F7DDA000894DA000837
:10A880000000F07F79DA000870DA00084DDA00087D
:10A890004CDA00080000F83FE8DB0008EDDA0008B9
:10A8A00001315200B4E7D9F81C30009A1A60049BB9
:10A8B0000E2B75D8002C73D0B8F1000F40F3C48074
:10A8C0009F4B08F00F0203EBC20318F4807FD3E91B
:10A8D00000AB4FEA281500F0A3809A4BDDE9060192
:10A8E000D3E90823F5F792FFCDE9020105F00F0542
:10A8F0000324944E002D40F0998052465B46DDE9DA
:10A900000201F5F783FF82468B46129B002B00F075
:10A91000C3808D4B002250465946F6F7BFF80028F9
:10A9200000F0BA80049B002B00F0B680059B002B42
:10A9300036DD08F1FF33029350465946834B00221F
:10A94000F5F73AFE059E82468B4601342046F5F720
:10A95000C9FD52465B46F5F72FFE7D4B0022F5F709
:10A9600075FC0446A1F15075CDE91045002E40F06C
:10A970009780784B002250465946F5F765FC2246F1
:10A980002B4682468B46F6F7A7F8002840F0BD829A
:10A99000224605F1004350465946F6F77FF820BBA2
:10A9A000179B002BC0F28D81B8F10E0F00F3898147
:10A9B000634B03EBC803D3E900AB0C9B002B80F285
:10A9C0001B81049B002B00F317810ED1614B0022E9
:10A9D00050465946F5F7F0FD02460B46DDE9060103
:10A9E000F6F766F8002800F0938200252C460C9BB1
:10A9F000009EDB430293274600242946484600F088
:10AA0000E5FC002F00F0EE802CB1BC4203D02146C3
:10AA1000484600F0DBFC3946484600F0D7FCE1E050
:10AA20009DED067B02248DED027B62E7E90708D5E8
:10AA300050465946D6E90023F5F7BEFD013482465B
:10AA40008B466D10083655E722D0C8F100053C4B07
:10AA50003C4E05F00F0203EBC203D3E90023DDE90E
:10AA60000601F5F7A9FD2D1182468B460224002D23
:10AA70003FF44BAFEA0708D550465946D6E90023C4
:10AA8000F5F79AFD013482468B466D100836EEE7E5
:10AA9000DDE906AB022438E7049ECDF8088055E7CF
:10AAA000274B03EBC60353E902010B9B002B55D048
:10AAB00002460B4600202849F5F7A8FEDDE91023E1
:10AAC000F5F7C2FB009BCDE910019D191E465946C2
:10AAD0005046F6F721F800F13004F5F703FD024681
:10AAE0000B4650465946F5F7AFFBDDE9102306F853
:10AAF000014B82468B46F5F7D1FF002872D15246B2
:10AB00005B4611490020F5F79FFBDDE91023F5F7BF
:10AB1000C5FF002840F0B680AE423FF441AFDDE90A
:10AB200010010A4B0022F5F747FD084BCDE9100153
:10AB3000002250465946F5F73FFD82468B46C6E750
:10AB4000E8DB0008C0DB00080000F03F0000244004
:10AB500000001C40000014400000E03FDDE910232D
:10AB6000F5F72AFD009B009CCDE9100133441593B5
:10AB700059465046F5F7D0FF00F13005F5F7B2FC25
:10AB80000B46024659465046F5F75EFB04F8015B5A
:10AB9000159B9C4282468B4627D1009B0022DDE913
:10ABA00010011E44AA4BF5F751FB02460B465046D6
:10ABB0005946F5F791FF002864D1DDE91023A44937
:10ABC0000020F5F741FB02460B4650465946F5F783
:10ABD00065FF00283FF4E4AE334616F8012D302A15
:10ABE000FAD01E46DDF808803AE09A4B0022F5F7CD
:10ABF000E3FC82468B46BBE7009E52465B46DDE99E
:10AC00000601F5F703FEF5F787FF0746F5F76AFC3F
:10AC100052465B46F5F7D0FC02460B46DDE90601DD
:10AC2000F5F712FB07F1300C009C06F801CBA6EB00
:10AC3000040C049C644502460B4633D1F5F706FB31
:10AC400052465B4604460D46F5F746FFC0B95246EC
:10AC50005B4620462946F5F717FF08B1FB070FD4DE
:10AC60000199484600F0B2FB0023139A337008F1B3
:10AC700001031360239B002B3FF4E6AC1E60E3E46A
:10AC8000CDF8088033461E4613F8012D392A06D127
:10AC9000009A9A42F7D1029A01320292302201328E
:10ACA0001A709FE76B4B0022F5F786FC02460B46B5
:10ACB000CDE9062300220023F5F7E6FE00289CD00C
:10ACC000CEE70B9A002A00F0DF800A9A012A00F3EF
:10ACD000C380149A002A00F0B78003F23343099D21
:10ACE0003E46089A01211A4448461F44089200F043
:10ACF00021FC044656B1089B002B07DDB342089A9D
:10AD0000A8BF3346FF1AF61AD31A0893099B0BB350
:10AD10000B9B002B00F0BF80002D00F0B980214676
:10AD20002A46484600F0D2FC019A014604464846AD
:10AD300000F016FC01998246484600F047FB099B4B
:10AD40005B1B099300F0AA80099A5146484600F01F
:10AD5000BDFC01900121484600F0ECFB0D9B05462F
:10AD6000002B00F0D0811A460146484600F0AEFCA8
:10AD70000A9B012B054600F399800E9B002B40F0A7
:10AD800090800F9BC3F31303002B40F08A800F9B2E
:10AD900023F000431B0D1B05002B00F08580089B52
:10ADA0000133013708934FF0010A0D9B002B00F08F
:10ADB000B0812B6905EB8303186900F06FFBC0F1CC
:10ADC0002000089B184410F01F0076D01B2870DC70
:10ADD000C0F11C000744064403440893002F05DD1E
:10ADE00001993A46484600F0CDFC0190089B002BA3
:10ADF00005DD29461A46484600F0C4FC0546129B6C
:10AE0000002B5FD00198294600F02EFD002859DA6A
:10AE100008F1FF330293019900230A22484600F00B
:10AE2000F7FA0B9B0190002B00F07581002321465F
:10AE30000A22484600F0ECFA059B002B044671DC20
:10AE40000A9B022B47DC6DE0169BC3F1360346E7F5
:10AE50000000E03F00002440049B5D1E099BAB42C4
:10AE600008DB5D1B049B002BBFF63AAF049BFE1A68
:10AE7000002336E7099B0D9A0995EB1A1A440D92A7
:10AE8000049B3E4600252CE7099D0B9C3E4631E77E
:10AE9000DDF804A058E7099A019957E7CDF804A016
:10AEA00058E74FF0000A80E79A467EE74FF0000A25
:10AEB0007FE71C2892D0C0F120001C30089B07447B
:10AEC000064489E7049BCDF80880002B24DC059319
:10AED0000A9B022B22DD059B002B7FF488AD2946BF
:10AEE000059B0522484600F093FA01460546019865
:10AEF00000F0BAFC00287FF77AAD009E312306F8F7
:10AF0000013B029B0133029375E535462C46F4E77D
:10AF1000049DCDF80880F9E7049B05930B9B002B5B
:10AF200000F0FD80002E05DD21463246484600F047
:10AF300029FC0446BAF1000F58D06168484600F079
:10AF400007FA064628B9814B024640F2EF21FFF787
:10AF500042BB22690232920004F10C010C30FFF76F
:10AF60008CFA01223146484600F00CFC0746009B53
:10AF7000009A03F10108059B134406930E9B03F00E
:10AF80000103089329460198FFF785FA21460490AA
:10AF900000F1300B019800F067FC3A460590294615
:10AFA000484600F07DFCC26808F1FF3A0646FAB94F
:10AFB0000146019800F058FC024631464846099285
:10AFC00000F004FADDE9092342EA0301089B194372
:10AFD00046460FD1BBF1390F28D0059B002B02DD6F
:10AFE000049B03F1310B8AF800B006E52746BEE763
:10AFF0000122E2E7059B002B04DB0A990B43089929
:10B000000B4320D1002AEEDD01990122484600F0D1
:10B01000B9FB2946019000F027FC002803DCE2D1AF
:10B020001BF0010FDFD0BBF1390FD9D139238AF8DA
:10B03000003033461E46013B16F8012C392A52D007
:10B0400001321A70D9E4002A07DDBBF1390FEDD0C7
:10B050000BF101038AF80030CFE4069B08F801BC2D
:10B0600043452AD0019900230A22484600F0D0F92E
:10B07000BC4201904FF000034FF00A0221464846BF
:10B0800006D100F0C5F90446074608F1010879E742
:10B0900000F0BEF93946044600230A22484600F073
:10B0A000B7F90746F1E7059B5E1E002B009BD8BF52
:10B0B00000265A1C274616440024019901224846BE
:10B0C00000F060FB2946019000F0CEFB0028B0DCC8
:10B0D00002D11BF0010FACD133461E4613F8012DEF
:10B0E000302AFAD089E4009A9A42A3D1029B013314
:10B0F00002933123137080E4239B002B7FF49FAADB
:10B10000134BFFF7BEBA0A9B012B7FF736AEDDF873
:10B1100034A0012055E6059B002B7FF7D9AE009E99
:10B1200001982946FFF7B7F900F1300B009B06F8AC
:10B1300001BBF21A059B9342B5DD019900230A2257
:10B14000484600F065F90190EAE700BFEDDA000833
:10B1500070DA000837B5002944D051F8043C01905A
:10B16000002BA1F10404B8BFE41800F0E5F81E4A72
:10B170000198136833B96360146003B0BDE83040D0
:10B1800000F0E0B8A34208D9256861198B4201BFDD
:10B1900019685B6849192160EDE71A465B680BB1D5
:10B1A000A342FAD911685518A5420BD1246821444D
:10B1B0005418A3421160E0D11C685B6853600C44D2
:10B1C0001460DAE702D90C230360D6E72568611919
:10B1D0008B4204BF19685B68636004BF4919216032
:10B1E0005460CAE703B030BD64720120024B0146CF
:10B1F000186800F025B800BF2C00002070B50F4C77
:10B200000E462168054611B900F054FE2060314613
:10B21000284600F04FFE431C03D14FF0FF34204678
:10B2200070BDC41C24F00304A042F8D0211A2846A3
:10B2300000F040FE0130F2D1EFE700BF6072012064
:10B240002DE9F843CD1C25F0030508350C2D38BF3A
:10B250000C25002D064601DBA94204D90C233360DE
:10B260000020BDE8F883334F00F066F83B681C46C9
:10B270003CBB29463046FFF7C1FF431C044656D16C
:10B280003C68A046B8F1000F40D1002C49D023689B
:10B290004146304604EB030900F00CFE814540D1E5
:10B2A00021686D1A29463046FFF7A8FF013038D0D3
:10B2B00023682B4423603B685A685ABBC7F8008058
:10B2C0000EE02268521B1ED40B2A16D96119A34224
:10B2D000256018BF5960636808BF396062514B60D0
:10B2E000304600F02FF804F10B00231D20F007007A
:10B2F000C21A1CBF1B1AA350B3E76268A3420CBF5B
:10B300003A605A60ECE723466468B1E74446D8F8EF
:10B310000480B7E71A465B68A342FBD10023536061
:10B32000DEE70C233360304600F00CF898E7056048
:10B33000D6E700BF647201200148FFF79CB800BF48
:10B340005C7201200148FFF797B800BF5C720120D2
:10B3500070B5C46905460E4684B91020FFF746FF54
:10B360000446E86128B90246164B17486B2100F0E5
:10B37000B1FD0023C0E901330360C360E36853B942
:10B3800021220421284600F0C3FDEB69E060DB6860
:10B390000BB9002070BD53F8260030B1026843F8A5
:10B3A00026200023C0E90333F4E7012101FA06F463
:10B3B000621D9200284600F0ABFD0028E9D0C0E9EC
:10B3C0000164EEE77DDA0008FEDA000870B5C469B2
:10B3D00006460D4674B91020FFF708FF0246F061DB
:10B3E00020B9094B09488F2100F074FDC0E90144E0
:10B3F0000460C4603DB1F3696A68DB6853F82210E9
:10B40000296043F8225070BD7DDA0008FEDA00089A
:10B410002DE9F0410D6907460C461E4601F1140C5A
:10B420000020DCF8003099B202FB01611E0C0B0C0D
:10B4300002FB063389B2013001EB034185424CF82F
:10B44000041B4FEA1346ECDC0EB3A368AB4219DCD5
:10B45000616838460131FFF77BFF804628B9024614
:10B460000C4B0D48BA2100F035FD2269023204F17F
:10B470000C0192000C30FFF700F821463846FFF728
:10B48000A5FF444604EB850301355E612561204636
:10B49000BDE8F081EDDA0008FEDA0008B0F5803F83
:10B4A000034636BF030400201020B3F1807F3CBF69
:10B4B0001B020830B3F1805F3CBF1B010430B3F1C5
:10B4C000804F3CBF9B000230002B04DB5B0001D5AA
:10B4D0000130704720207047036813F007020146CF
:10B4E0000BD0DA0722D4980749BF5B089B080120DC
:10B4F0000B605CBF0B600220704798B2A0B91B0CB8
:10B500001020DAB20AB908301B0A1A0704BF1B0957
:10B5100004309A0704BF9B080230DA0702D45B08A4
:10B5200006D001300B6070471046EAE700207047F4
:10B530002020704710B50C460121FFF709FF024695
:10B5400028B9054B054840F2451100F0C3FC012322
:10B550004461036110BD00BFEDDA0008FEDA0008A7
:10B560002DE9F04FD1F81080D2F81090C84585B081
:10B570000E46144604DB4B460C46C146164698461A
:10B58000A368616809EB0807BB42B8BF0131FFF748
:10B59000DFFE30B902464B4B4B484FF4B17100F01F
:10B5A00099FC00F1140505EB870B2B4600225B4547
:10B5B00022D306F1140101EB880304F1140C0CEB07
:10B5C000890C029304F1150363458CBF002301230A
:10B5D0000093ACEB0403153B9B080193029B039182
:10B5E0008B420CD8002F03DD5BF8043D002B67D0A5
:10B5F000076105B0BDE8F08F43F8042BD7E7B1F839
:10B6000000A0BAF1000F28D004F11408A9464FF0A9
:10B61000000E58F8042BD9F8003096B29BB20AFB02
:10B620000633D9F80060120C360C73440AFB02662C
:10B6300006EB13469BB243EA0643C44549F8043B74
:10B640004FEA164EE5D8009A019B002A4FEA830381
:10B6500008BF00232B44C3F804E0039BB3F802E0C7
:10B660000431BEF1000F29D02B6804F1140698466E
:10B67000A9464FF0000A32880EFB02A202EB1842E4
:10B680009BB243EA024349F8043B56F8043BD9F81D
:10B6900000804FEA134A1FFA88F30EFB0A3303EBCC
:10B6A0001243B4454FEA134AE5D8009E019A002E92
:10B6B0004FEA820208BF00222A44536004358DE716
:10B6C000013F8FE7EDDA0008FEDA00082DE9F843C4
:10B6D000174612F0030280460D4607D0264C013A69
:10B6E000002354F82220FFF793FE0546BF103FD0F9
:10B6F000D8F81C4094B91020FFF778FD0446C8F82C
:10B700001C0030B902461D4B1D4840F2B31100F039
:10B71000E1FB0023C0E901330360C360A66846B9BA
:10B7200040F271214046FFF705FF0023A060064666
:10B7300003602C464FF0000907F001037F1053B15E
:10B74000294632464046FFF70BFF21460546404654
:10B75000FFF73CFE67B1306838B9324631464046A3
:10B76000FFF7FEFE3060C0F8009006462C46E3E787
:10B770002846BDE8F88300BFB0DB00087DDA00088A
:10B78000FEDA00082DE9F84F0C4649682669A368DF
:10B7900006EB6216074691464FEA621A06F1010867
:10B7A00043450BDB3846FFF7D3FD054648B9024653
:10B7B0002B4B2C484FF4EF7100F08CFB01315B00F8
:10B7C000EEE700F1140100230A461846534539DB21
:10B7D00020692AEAEA7A01EB8A0104F1140319F0DC
:10B7E0001F098C4603EB800030D0C9F1200A4FF0CE
:10B7F000000E1A68E34602FA09F242EA0E02CBF89A
:10B80000002053F8042B98420CF1040C22FA0AFE93
:10B81000EFD8031B153B23F0030304F115029042FC
:10B8200038BF00231944C1F804E0BEF1000F00D175
:10B83000B0463846C5F810802146FFF7C7FD2846B8
:10B84000BDE8F88F42F8040B0133BFE753F8041B3F
:10B85000CCF8001098420CF1040CF7D8E8E700BFD0
:10B86000EDDA0008FEDA000803690A699B1A30B5B0
:10B870000ED11430143100EB820401EB820154F834
:10B88000045D51F8042D954204D006D24FF0FF33E9
:10B89000184630BDA042F2D3FAE70123F8E70000D2
:10B8A0002DE9F74F8A460646114650461446FFF7E3
:10B8B000DBFF051E12D129463046FFF749FD02463F
:10B8C00028B9414B40F23721404800F003FB0123E7
:10B8D000C0E90435104603B0BDE8F08FBCBF534645
:10B8E000A2463046DAF80410BABF1C4601250025EE
:10B8F000FFF72EFD024618B9334B40F24521E3E72E
:10B90000DAF810702669C5600AF1140904F1140E02
:10B9100000F114050AF1100309EB87080EEB860607
:10B920000193AB464FF0000C019B5EF8040B53F8FB
:10B9300004AF01931FFA8AF183B2CB1A000C63445F
:10B94000C0EB1A4000EB23409BB243EA004376452C
:10B950004BF8043B4FEA204CE6D8331B153B15341B
:10B9600023F00303A64238BF0023E8184B441C1DF4
:10B9700004302646A5EB090546450ED308F1030120
:10B98000091B21F003010133984538BF0021014410
:10B9900051F8043DABB117619CE706EB050E56F874
:10B9A000041BE2464FEA11491CFA81FC514409EBA1
:10B9B0002C4989B241EA09414FEA294CCEF80010DE
:10B9C000DAE7013FE4E700BFEDDA0008FEDA00083D
:10B9D0002DE9F7430F46012159EC108B1646FFF76E
:10B9E000B7FC054630B90246234B244840F20F31DC
:10B9F00000F070FAC9F30A54C9F313030CB143F40D
:10BA000080130193B8F1000323D068460093FFF739
:10BA100063FD0099D8B1019AC0F1200302FA03F343
:10BA20000B43C2406B610192019BAB61002B0CBFC9
:10BA3000012202222A61A4B1A4F2334404443C60EE
:10BA4000C0F135003060284603B0BDE8F08369617D
:10BA5000EAE701A8FFF740FD019B6B61203001225E
:10BA6000E8E705EB8203A0F2324038601869FFF77F
:10BA700015FDC0EB4210E5E7EDDA0008FEDA00083C
:10BA80002DE9F0478E681F46BE4282460C4690461E
:10BA9000334653D8B1F90C0010F4906F2BD0656980
:10BAA0002368096905EB4505A3EB010905EBD5758D
:10BAB0007B1C6D104B44AB422A4684BF1D462A4670
:10BAC000430527D511465046FFF7BAFB064658B343
:10BAD00021694A46FEF7D1FCA38923F4906343F021
:10BAE0008003A381266165614E44A5EB09052660AC
:10BAF000A5603E463B461F4620683A46414600F058
:10BB0000BFF9A3689B1BA36023683B44236000200C
:10BB1000BDE8F087504600F021FA06460028E1D142
:10BB200021695046FFF716FB0C23CAF80030A389A1
:10BB300043F04003A3814FF0FF30E9E73E46DBE7E7
:10BB40002DE9F0471F468B891B069CB006460D4623
:10BB5000144610D50B6973B94021FFF771FB2860BB
:10BB6000286130B90C2333604FF0FF301CB0BDE8C2
:10BB7000F08740236B610023099320238DF829303F
:10BB800003973023654F8DF82A304FF00108234684
:10BB90001A7899461AB1252A03F10103F8D1B9EBB5
:10BBA000040A0BD05346224629463046FFF768FF69
:10BBB000013000F0A380099A5244099299F80030AC
:10BBC000002B00F09B8000224FF0FF33CDE90532BF
:10BBD00009F10109049207928DF853201A924C46FC
:10BBE000052214F8011B4D48F4F7D2FA049AD0B993
:10BBF000D00644BF20238DF85330110744BF2B23B8
:10BC00008DF8533099F800302A2B13D007994B4602
:10BC100000204FF00A0C1A78303A092A1C464AD9FB
:10BC2000A8B1079113E0C01B08FA00F0104304907C
:10BC3000A146D4E7039B191D1B680391002BBBBFD2
:10BC40005B4242F0020207930793B8BF0492237845
:10BC50002E2B0AD163782A2B32D1039B1A1D1B6825
:10BC6000039243EAE37302340593DFF8C09021782E
:10BC700003224846F4F78CFA38B1049BA0EB090084
:10BC800040228240134301340493217824488DF8E4
:10BC900028100622F4F77CFA002835D0214818BB7A
:10BCA000039B073323F0070308330393099B0344E3
:10BCB000013409936BE701330CFB01210120AAE752
:10BCC00000230593611C18464FF00A0C0A78303A9D
:10BCD000092A0C4603D9002BC7D00590C5E70131CE
:10BCE0000CFB00200123F1E703AB00932A460E4B27
:10BCF00004A93046FDF744FE421CD7D1AB895B0650
:10BD00003FF532AF099831E703AB00932A46064B63
:10BD100004A93046FEF7CEF8EEE700BF58DB000876
:10BD200062DB00088199000881BA00085EDB000828
:10BD3000B1F90C202DE9F041160705460C4651D407
:10BD40004B68002B02DC0B6C002B49DDE66A002EF1
:10BD500046D0002312F480522F682B6031D0626DE0
:10BD6000A389590705D56368D21A636B0BB1236C9D
:10BD7000D21A0023E66A216A2846B047421CB4F969
:10BD80000C3006D129681D2945D8284ACA40D60753
:10BD900041D500226260D9042269226004D5421C88
:10BDA00001D12B6803B96065616B2F60C1B104F1EB
:10BDB0004403994202D02846FFF7CCF9002363637D
:10BDC0000EE0216A01232846B0470246501CC7D125
:10BDD0002B68002BC4D01D2B01D0162B1AD12F603D
:10BDE00000201DE00F69002FFAD093070E6808BFEE
:10BDF0004B690F6018BF0023A6EB07088B60B8F1F2
:10BE0000000FEDDD216AA66A43463A462846B04750
:10BE1000002807DCA38943F04003A3814FF0FF30E3
:10BE2000BDE8F0810744A8EB0008E8E701004020E6
:10BE300038B50B6905460C4613B91D46284638BD72
:10BE400018B1036A0BB9FEF7EDF9B4F90C30002B09
:10BE5000F3D0626ED00704D4990502D4A06DFEF72A
:10BE60000AFB28462146FFF763FF636EDA070546A3
:10BE7000E4D4A3899B05E1D4A06DFEF7FDFADDE7CC
:10BE8000884210B501EB020402D98442234607D848
:10BE9000431EA14207D011F8012B03F8012FF8E748
:10BEA0000244824200D110BD13F8011D02F8011DA9
:10BEB000F7E7000038B5064C002305460846236026
:10BEC00000F002FD431C02D1236803B12B6038BD92
:10BED000587201201FB51D46094B1B680646D868DD
:10BEE00052B1084C0091CDE90142074933462A4638
:10BEF00000F070F800F080F8044C2246F2E700BF32
:10BF00002C00002073DB000880DB0008AEDB00089B
:10BF100070B5A1FB026535B93146FFF791F90446CA
:10BF200028B9204670BD0C2303600024F9E732468F
:10BF30002946FEF723FAF4E782B001B901A942B11C
:10BF40004BB113780B601278101E18BF012002B09D
:10BF500070471046FBE76FF00100F8E72DE9F0416C
:10BF6000074615460C4621B9BDE8F0411146FFF7DA
:10BF700067B92AB9FFF7EEF82C462046BDE8F081F4
:10BF800000F041F88542064602D8B5EB500FF4D8D0
:10BF900029463846FFF754F9804608B94446ECE78D
:10BFA000B5422A46214628BF3246FEF766FA2146A8
:10BFB0003846FFF7CFF8F1E749B1FF2A85BF8A235A
:10BFC00003600A704FF0FF3098BF012070470846A9
:10BFD000704700000EB403B5014603AB054853F8A3
:10BFE000042B0068019300F03DF802B05DF804EB0B
:10BFF00003B070472C00002008B5062000F000FABE
:10C00000012000F077FC51F8043C181F002BBCBF46
:10C010000B58C01870479368013B002B10B4936015
:10C0200007DA9469A34201DB0A2902D110BC00F0AF
:10C030002DB91368581C10601970084610BC704761
:10C04000F8B506460F461446D518AC4201D100207B
:10C0500007E014F8011B3A463046FFF7DCFF431CAB
:10C06000F3D1F8BD2DE9F04706469CB00D461446C5
:10C070001F4618B1036A0BB9FEF7D4F86B6ED907E7
:10C0800005D4AB899A0502D4A86DFEF7F4F9AB8903
:10C090001B0701D52B699BB92946304600F034F9BE
:10C0A00070B16B6EDE0704D54FF0FF301CB0BDE8F9
:10C0B000F087AB899C05F7D4A86DFEF7DDF9F3E7AF
:10C0C0000023099320238DF82930039730236A4FEA
:10C0D0008DF82A304FF0010823461A7899461AB194
:10C0E000252A03F10103F8D1B9EB040A0BD053461A
:10C0F000224629463046FFF7A3FF013000F0A38017
:10C10000099A5244099299F80030002B00F09B8064
:10C1100000224FF0FF33CDE9053209F10109049205
:10C1200007928DF853201A924C46052214F8011BF1
:10C130005148F4F72DF8049AD0B9D00644BF202313
:10C140008DF85330110744BF2B238DF8533099F8E5
:10C1500000302A2B13D007994B4600204FF00A0CD1
:10C160001A78303A092A1C464AD9A8B1079113E037
:10C17000C01B08FA00F010430490A146D4E7039BCB
:10C18000191D1B680391002BBBBF5B4242F00202EA
:10C1900007930793B8BF049223782E2B0AD16378B4
:10C1A0002A2B32D1039B1A1D1B68039243EAE373C7
:10C1B00002340593DFF8D090217803224846F3F744
:10C1C000E7FF38B1049BA0EB0900402282401343F3
:10C1D00001340493217829488DF828100622F3F7BA
:10C1E000D7FF00283ED0264818BB039B073323F017
:10C1F000070308330393099B0344013409936BE756
:10C2000001330CFB01210120AAE700230593611CE7
:10C2100018464FF00A0C0A78303A092A0C4603D91E
:10C22000002BC7D00590C5E701310CFB002001238E
:10C23000F1E703AB00932A46124B04A93046FDF701
:10C240009FFB431CD7D16B6ED90705D4AB899A05E8
:10C2500002D4A86DFEF710F9AB895B063FF524AF59
:10C26000099823E703AB00932A46064B04A93046FE
:10C27000FDF720FEE5E700BF58DB000862DB0008A1
:10C280008199000841C000085EDB0008F8B505464A
:10C290000F46144618B1036A0BB9FDF7C3FFA36933
:10C2A000A360A3891A0701D5236943B9214628460B
:10C2B00000F02AF818B14FF0FF363046F8BD236978
:10C2C0002068C01A6369834205DC21462846FFF7CF
:10C2D000AFFD0028EFD1A368013BA36023685A1C7F
:10C2E00022601F70636901308342FEB204D0A389CB
:10C2F000DB07E2D50A2EE0D121462846FFF798FD5C
:10C300000028DAD0D7E7000038B5284B0546186872
:10C310000C4618B1036A0BB9FDF784FFB4F90C3071
:10C32000190720D4DA0607D409222A6043F0400313
:10C33000A3814FF0FF3031E0580711D5616B41B157
:10C3400004F14403994202D02846FEF703FF00237C
:10C3500063630022A38962602269226023F02403C0
:10C3600043F00803A38123694BB9A38903F4207325
:10C37000B3F5007F03D02146284600F081F8B4F9D8
:10C380000C3013F001020AD00022A260626952420E
:10C39000A261226942B913F08000C7D138BD990764
:10C3A00058BF6269A260F4E70020F7E72C00002084
:10C3B0001F2938B505460C4604D9162303604FF0F3
:10C3C000FF3038BDC26B12B152F821304BB928464C
:10C3D00000F030F8224601462846BDE8384000F01B
:10C3E00017B8012B0AD0591C03D116230360012072
:10C3F000E7E7002142F82410204698470020E0E7B4
:10C40000024B01461868FFF7D3BF00BF2C00002085
:10C4100038B5074C0023054608461146236000F056
:10C420003BFA431C02D1236803B12B6038BD00BF27
:10C430005872012000F020BA70B50E46B1F90E1006
:10C44000002996B014461D460ADAB28912F080021D
:10C4500013D14FF4806100202A60216016B070BDB6
:10C460006A4600F047F80028EFDB019A02F47042B8
:10C47000A2F500535A425A41EBE700224021EAE775
:10C480008B8973B59E0705460C4607D504F1470313
:10C49000236023610123636102B070BD01AB6A4672
:10C4A000FFF7CAFF009E28463146FEF7C9FEB4F9E1
:10C4B0000C3038B99A05EFD423F0030343F002039C
:10C4C000A381E3E743F08003A381019B2060C4E9DB
:10C4D0000406002BE0D0B4F90E10284600F01CF83A
:10C4E0000028D9D0A38923F0030343F00103A381DB
:10C4F000D2E7000038B5074C002305460846114630
:10C50000236000F0B1F9431C02D1236803B12B6012
:10C5100038BD00BF5872012038B5064C00230546CF
:10C520000846236000F0B0F9431C02D1236803B130
:10C530002B6038BD587201202DE9F04782B00646C5
:10C54000DDF828E00846B4460D46002B4ED18A425D
:10C5500014466DD9B2FA82F242B1C2F1200395407D
:10C5600026FA03F394401D4306FA02FC260CA7B2F8
:10C57000B5FBF6F14FEA1C4306FB115543EA0543B0
:10C5800001FB07F0984209D9E31801F1FF3580F06B
:10C590000381984240F20081023923441B1A1FFA9A
:10C5A0008CFCB3FBF6F006FB10334CEA034C00FBAB
:10C5B00007F363450AD914EB0C0C00F1FF3580F04A
:10C5C000ED80634540F2EA80A444023840EA01402D
:10C5D000ACEB030C0021BEF1000F04D02CFA02F3E7
:10C5E0000022CEE9003202B0BDE8F0878B4209D9C3
:10C5F000BEF1000F01D0CEE900610021084602B073
:10C60000BDE8F087B3FA83F1174600294DD1834284
:10C6100002D3B24200F20F81B6EB070C60EB0303CA
:10C6200001201D46BEF1000FDDD0CEE900C5DAE7DE
:10C63000002A00F098801A46B4FA84F3002B40F0E8
:10C64000AF800B1B270CA6B20121B3FBF7F54FEA15
:10C650001C4007FB153340EA034306FB05F89845E9
:10C6600007D9E31805F1FF3002D2984500F2E880BF
:10C670000546A3EB08031FFA8CFCB3FBF7F007FB9E
:10C6800010334CEA034C06FB00F3634508D914EB66
:10C690000C0C00F1FF3602D2634500F2CE8030462A
:10C6A000ACEB030C40EA054095E7C1F120058B4057
:10C6B00022FA05FC4CEA030C00FA01F426FA05F311
:10C6C000E84002FA01F943EA04084FEA1C4206FA7C
:10C6D00001FAB0FBF2F71FFA8CF602FB17004FEAE3
:10C6E000184444EA004407FB06F0A0420AD91CEBB8
:10C6F000040407F1FF3380F09C80A04240F299804F
:10C70000023F6444241A1FFA88F3B4FBF2F002FBE0
:10C71000104443EA044300FB06F69E4209D91CEB91
:10C72000030300F1FF3480F082809E427FD90238FB
:10C73000634440EA0740A0FB09749B1BA3423E46AA
:10C74000A04664D361D0BEF1000F0AD0BAEB060256
:10C7500063EB080303FA05F5CA401543CB40CEE965
:10C76000005300213FE7730843EAC1734A08190CDC
:10C7700041EA02414FEAC67C9BB2B2FBF4F0264686
:10C78000A04627461F2243EA0143B1FBF4F1A3EB85
:10C79000080341EA004158E72946FFE6284615E725
:10C7A0001A46C3F120019C4026FA01F320FA01F158
:10C7B00090400343270C06FA02FCB1FBF7F0A6B247
:10C7C00007FB1015190C41EA054100FB06F58D42E7
:10C7D0003BD9611801D28D4220D8491B0138B1FBE9
:10C7E000F7F5019505FB06F8019D9BB207FB1511B6
:10C7F00043EA0143434526D2E31805F1FF31C6D28F
:10C800004345C4D2A91E2344C1E7BA459BD2B7EB26
:10C81000090664EB0C040138A04694E7651B294423
:10C820000238B1FBF7F5019505FB06F8DCE7204679
:10C830007FE71F4666E70846F4E6A44402382FE780
:10C84000023D234415E70199A1E7491BB1FBF7F528
:10C85000019505FB06F8C7E7024B58221A604FF016
:10C86000FF30704758720120024B58221A604FF077
:10C87000FF30704758720120024B58221A604FF067
:10C88000FF30704758720120024B58221A60002076
:10C89000704700BF58720120024B58221A604FF0B7
:10C8A000FF30704758720120024B58221A604FF037
:10C8B000FF30704758720120024B58221A604FF027
:10C8C000FF30704758720120044A05491368002B55
:10C8D00008BF0B4618441060184670476872012064
:10C8E00070720120024B58221A604FF0FF307047DF
:10C8F00058720120FEE700BFF8B500BFF8BC08BCC5
:10C900009E467047F8B500BFF8BC08BC9E4670470D
:10C910005B4552525D204665617475726520627593
:10C92000696C64206661696C65640D0A0000000032
:10C930005B494E465D2057696E646F772023256CF6
:10C9400075207C20507265643D2575205B4E3D2529
:10C950002E336620493D252E3366204C3D252E334F
:10C96000665D207C20666561743D256C7520C2B5CE
:10C970007320696E6665723D256C7520C2B5730DB6
:10C980000A0000005B494E465D20464C3A20737514
:10C99000626D69747465642077696E646F772023B3
:10C9A000256C752077697468206C6162656C3D2523
:10C9B00075202825752F2575206275666665726558
:10C9C00064290D0A000000005B494E465D204C6161
:10C9D00062656C2073657420E28692204E4F524D42
:10C9E000414C0D0A000000005B494E465D204C6141
:10C9F00062656C2073657420E2869220494D424145
:10CA00004C414E43450D0A005B494E465D204C614A
:10CA100062656C2073657420E28692204C4F4F5300
:10CA2000454E4553530D0A005B494E465D20534425
:10CA3000204C6F673A206D6F756E7465643D257587
:10CA4000207772697474656E3D256C752064726F11
:10CA5000707065643D256C752077726974655F65DB
:10CA600072723D256C752072656D6F756E74733DC5
:10CA7000256C750D0A0000005B494E465D2053444D
:10CA8000204C6F673A20666F7263656420666C7530
:10CA9000736820636F6D706C6574650D0A0000002B
:10CAA0005B4552525D20494D552072656164206698
:10CAB00061696C2061742077696E646F775F636E63
:10CAC000743D256C750D0A005B4552525D204D503A
:10CAD000553630353020696E6974204641494C45E1
:10CAE000442028636F64652025752920E280942006
:10CAF000636865636B2049324320776972696E67AA
:10CB00000D0A00005B494E465D204D5055363035CC
:10CB1000302063616C6962726174696F6E20736B3F
:10CB20006970706564202874656D706F72617279C8
:10CB3000290D0A005B494E465D204170705F496EC9
:10CB4000697420636F6D706C6574652E2057616920
:10CB500074696E6720666F7220494D552064617458
:10CB6000612E2E2E0D0A00000D0A5B544553545DB4
:10CB700020554152542054455354204D4553534160
:10CB800047450D0A000000005B494E465D203D3DD3
:10CB90003D20466564566962726F53656E73652009
:10CBA00053544D33324634303520464C20436C6963
:10CBB000656E742053746172746564203D3D3D0D53
:10CBC0000A0000005B494E465D20464541545552DF
:10CBD000455F564543544F525F53495A453D25756D
:10CBE0002C204E4E3D25757825757825752C2046D0
:10CBF0004C5F4C4F43414C5F45504F4348533D259C
:10CC0000750D0A005B494E465D204170703A202543
:10CC100075206D6F64756C657320726567697374D8
:10CC2000657265642C20656E746572696E67206D2F
:10CC300061696E206C6F6F700D0A0000554152548F
:10CC4000436F6D6D616E6400464C436C69656E7434
:10CC5000000000004665617475726557696E646F07
:10CC600077000000494D5553616D706C6500000000
:10CC70005B4552525D204D5055363035302062753F
:10CC80007273742072656164206661696C65642CDE
:10CC90002048414C3D25640D0A0000005B4552527E
:10CCA0005D204D50553630353020526561645265F7
:10CCB0006720307825303258206661696C65642CB5
:10CCC0002048414C3D25640D0A0000005B4552524E
:10CCD0005D204D5055363035302057484F5F414D1F
:10CCE0005F49206D69736D617463683A20676F7482
:10CCF000203078253032582C206578706563746553
:10CD000064203078253032580D0A00005B494E46C9
:10CD10005D204D5055363035302057484F5F414DDE
:10CD20005F49204F4B2028307825303258290D0A92
:10CD3000000000005B494E465D204D5055363035B1
:10CD40003020696E6974204F4B2028636F6E6669CE
:10CD50006720736B697070656420666F7220646908
:10CD600061676E6F7374696373290D0A00000000B8
:10CD70005B494E465D204E4E20696E69743A2049EB
:10CD80003D257520483D2575204F3D25752C2057A4
:10CD9000315F6C696D69743D252E34662C205732E5
:10CDA0005F6C696D69743D252E34660D0A000000C4
:10CDB0005B494E465D204E4E205765696768745347
:10CDC000746174732057313A206D696E3D252E349D
:10CDD00066206D61783D252E3466206D65616E3D5F
:10CDE000252E34660D0A00005B494E465D204E4EEE
:10CDF00020737465703D256C752C206C6173745FB5
:10CE00006C6F73733D252E34662C206176675F6CE2
:10CE10006F73733D252E34660D0A00005B494E4644
:10CE20005D204E4E206F75747075743A2050286ED8
:10CE30006F726D616C293D252E3366205028696D17
:10CE400062616C293D252E33662050286C6F6F730C
:10CE500065293D252E33660D0A000000554E4B4EC8
:10CE60004F574E005B494E465D20464C20636C692F
:10CE7000656E7420696E697469616C697A65642095
:10CE8000E28094205354414E44414C4F4E45204D36
:10CE90004F444520286E6F2073657276657220724C
:10CEA00065717569726564290D0A00005B494E461B
:10CEB0005D202020547261696E696E67206C6F631B
:10CEC000616C6C792C20464C5F4C4F43414C5F4564
:10CED000504F4348533D25750D0A00005B455252A3
:10CEE0005D20464C3A20747261696E2062756666F8
:10CEF00065722066756C6C2C2069676E6F72696E46
:10CF0000672073616D706C650D0A00005B494E46C9
:10CF10005D20464C3A2049444C4520E2869220430D
:10CF20004F4C4C454354494E470D0A005B494E4611
:10CF30005D20464C3A2062756666657265642073B2
:10CF4000616D706C652025752F25752C206C6162D4
:10CF5000656C3D25750D0A005B494E465D20464CCB
:10CF60003A20434F4C4C454354494E4720E2869269
:10CF700020545241494E494E47202825752073615F
:10CF80006D706C6573207265616479290D0A00000B
:10CF90005B494E465D20464C3A203D3D3D204C4F7E
:10CFA00043414C20545241494E494E47205354412D
:10CFB00052542028726F756E6420256C7529203DAF
:10CFC0003D3D0D0A000000005B494E465D20464C89
:10CFD0003A20747261696E20737465702025752F14
:10CFE0002575206C6162656C3D2575206C6F7373CF
:10CFF0003D252E34660D0A005B494E465D20464CA9
:10D000003A20747261696E696E6720646F6E652C78
:10D01000206D65616E5F6C6F73733D252E34662CD9
:10D0200020746F74616C5F73616D706C65733D2506
:10D030006C750D0A000000005B494E465D20464CB1
:10D040003A20545241494E494E4720E2869220559B
:10D05000504C4F4144494E4720287374616E6461BF
:10D060006C6F6E653A2077696C6C20736B69702900
:10D070000D0A00005B494E465D20464C3A206D612A
:10D080006E75616C2075706C6F6164207472696775
:10D0900067657265640D0A005B494E465D20464C2B
:10D0A0003A20726573657420746F2049444C450DB5
:10D0B0000A0000005B494E465D20464C20537461D7
:10D0C0007475733A2073746174653D257320726FB3
:10D0D000756E643D256C752073616D706C65733D74
:10D0E000256C75206C6F73733D252E346620736537
:10D0F000727665723D2575206661696C733D257594
:10D100000D0A00005B494E465D20464C3A205B53B9
:10D1100054414E44414C4F4E455D20736B697070D5
:10D12000696E672075706C6F61642C20636F6E741C
:10D13000696E75696E67206C6F63616C6C790D0A3E
:10D14000000000005B4552525D20464C3A2065725B
:10D15000726F7220636F646520257520E2809420D1
:10D16000726573657474696E6720746F2049444CEE
:10D17000450D0A005B4552525D20464C3A20756EC3
:10D180006B6E6F776E2073746174652025750D0A60
:10D190000000000049444C4500000000434F4C4C47
:10D1A000454354494E470000545241494E494E4769
:10D1B0000000000055504C4F4144494E47000000CC
:10D1C000444F574E4C4F4144494E47004552524FF1
:10D1D000520000005B494E465D2054494D32206D9F
:10D1E0006963726F7365636F6E642074696D6572D5
:10D1F00020737461727465640D0A00005B494E46C9
:10D200005D202D2D2D204D656D6F72792053746139
:10D210007473202D2D2D0D0A000000005B494E4631
:10D220005D202020537461636B20746F703A20205E
:10D230002030782530386C580D0A00005B494E4686
:10D240005D20202043757272656E742053503A2021
:10D250002030782530386C580D0A00005B494E4666
:10D260005D202020486561702073746172743A20DB
:10D270002030782530386C580D0A00005B494E4646
:10D280005D202020537461636B20757365643A20C0
:10D2900020256C752062797465730D0A000000000A
:10D2A0005B494E465D2020204672656520676170AF
:10D2B0003A20202020256C752062797465730D0A50
:10D2C000000000005B494E465D2020204E4E205756
:10D2D000312073697A653A2020257520627974655A
:10D2E000730D0A005B494E465D202D2D2D2D2D2DF1
:10D2F0002D2D2D2D2D2D2D2D2D2D2D2D2D2D0D0AA1
:10D30000000000003F0000005B4552525D2041706C
:10D31000704D6F64756C653A207461626C6520664F
:10D32000756C6C20282575292C2063616E6E6F74D6
:10D33000207265676973746572202725732720E260
:10D340008094207261697365204150505F4D41584F
:10D350005F4D4F44554C455320696E20436F6E66B8
:10D3600069672E680D0A00005B494E465D204170DA
:10D37000704D6F64756C653A20726567697374658A
:10D380007265642027257327202825752F25752988
:10D390000D0A00005B4552525D2053443A207265ED
:10D3A0006164206661696C656420617420626C6FE1
:10D3B000636B20256C752028256C7520626C6F636B
:10D3C0006B73290D0A0000005B4552525D205344E7
:10D3D0003A207772697465206661696C65642061C2
:10D3E0007420626C6F636B20256C752028256C752A
:10D3F00020626C6F636B73290D0A00005344534322
:10D4000000000000534448432F5344584300000099
:10D410005B4552525D2053443A2048414C5F53448F
:10D420005F47657443617264496E666F2066616927
:10D430006C65640D0A0000005B494E465D20534454
:10D440003A20747970653D257320626C6F636B734D
:10D450003D256C7520626C6F636B5F73697A653D07
:10D46000256C752063617061636974793D256C7505
:10D47000204D420D0A0000005B494E465D2043618D
:10D480007264547970652020202020203D20256C76
:10D49000750D0A005B494E465D204C6F67426C6F0C
:10D4A000636B4E62722020203D20256C750D0A00B2
:10D4B0005B494E465D204C6F67426C6F636B5369EE
:10D4C0007A6520203D20256C750D0A005B4552527F
:10D4D0005D2053443A2048414C5F53445F496E6994
:10D4E00074206661696C65640D0A00005B455252E8
:10D4F0005D2053443A206361726420646964206E45
:10D500006F74207265616368205452414E534645E2
:10D510005220737461746520616674657220696E4F
:10D5200069740D0A000000005B4552525D204461A1
:10D5300074614C6F676765723A206E6F2046415484
:10D540002066696C6573797374656D20666F756E9E
:10D5500064206F6E206361726420E2809420666FA5
:10D56000726D617474696E670D0A00005B455252FA
:10D570005D20446174614C6F676765723A20665F35
:10D580006D6B6673206661696C6564202846524540
:10D5900053554C543D25642920E2809420636172E8
:10D5A00064206D6179206265206661756C74792FE5
:10D5B00077726974652D70726F7465637465640D3C
:10D5C0000A0000005B494E465D20446174614C6F67
:10D5D000676765723A20666F726D617420636F6D64
:10D5E000706C6574652C2072656D6F756E74696EF4
:10D5F000670D0A005B4552525D20446174614C6FB7
:10D60000676765723A20665F6D6F756E742066613C
:10D61000696C6564202846524553554C543D256439
:10D62000290D0A004C4F4753000000005B45525241
:10D630005D20446174614C6F676765723A20665F74
:10D640006D6B64697228257329206661696C656455
:10D65000202846524553554C543D2564290D0A0057
:10D6600025732F25735F2530356C752E4353560077
:10D67000534E58005B4552525D20446174614C6FBB
:10D68000676765723A20665F6F70656E282573293B
:10D69000206661696C6564202846524553554C5498
:10D6A0003D2564290D0A00005B494E465D2044611A
:10D6B00074614C6F676765723A2073657373696F45
:10D6C0006E2066696C65202573206F70656E6564D9
:10D6D0000D0A00005B4552525D20446174614C6F3D
:10D6E000676765723A206E6F2066726565207365A4
:10D6F0007373696F6E2066696C656E616D65206914
:10D700006E202573202839393939392065786861C8
:10D710007573746564290D0A000000005B45525260
:10D720005D20446174614C6F676765723A206D6F6C
:10D73000756E742F6F70656E20617474656D707492
:10D740002025752F2575206661696C65642C207213
:10D7500065747279696E672E2E2E0D0A0000000026
:10D760005B4552525D20446174614C6F676765721E
:10D770003A20676976696E67207570206166746506
:10D780007220257520617474656D70747320E28059
:10D7900094206C6F6767696E672064697361626C5F
:10D7A000656420666F72207468697320626F6F749D
:10D7B0000D0A00005B4552525D20446174614C6F5C
:10D7C000676765723A20665F777269746520666183
:10D7D000696C6564202846524553554C543D256478
:10D7E000290D0A00572C256C752C256C752C252EBF
:10D7F00034662C252E34662C25752C252E34662C6B
:10D80000252E34662C252E34662C25750D0A000035
:10D81000464C2C256C752C256C752C252E36662CCB
:10D82000256C752C25752C2C2C2C0D0A0000000065
:10D83000446174614C6F676765720000222A2B2C6B
:10D840003A3B3C3D3E3F5B5D7C7F0000EBFE904DF4
:10D8500053444F53352E30004E4F204E414D4520FE
:10D860002020204641543332202020004E4F204EAD
:10D87000414D4520202020464154202020202000DA
:10D880003CCC0008000000000D0E000848CC000849
:10D89000000000000D10000854CC0008000000003B
:10D8A000750C000864CC000800000000711000082E
:10D8B00094D100089CD10008A8D10008B4D1000878
:10D8C000C0D10008CCD10008747970652C736571E3
:10D8D0005F6F725F726F756E642C6D696C6C6973CB
:10D8E0002C70697463685F6F725F6C6F73732C72F6
:10D8F0006F6C6C5F6F725F73616D706C65732C70B1
:10D900007265645F6F725F7372762C705F6E6F7298
:10D910006D616C2C705F696D62616C616E63652C0A
:10D92000705F6C6F6F73656E6573732C6C6162658D
:10D930006C0D0A000100040010004000000100020C
:10D940000000000001000200040008001000200098
:10D95000000000004355454141414143454545498B
:10D96000494941414592924F4F4F5555594F554F57
:10D970009C4F9E9F41494F55A5A5A6A7A8A9AAAB14
:10D98000ACADAEAFB0B1B2B3B4414141B8B9BABBBE
:10D99000BCBDBEBFC0C1C2C3C4C54141C8C9CACB5A
:10D9A000CCCDCECFD1D145454549494949D9DADB1E
:10D9B000DCDD49DF4FE14F4F4F4FE6E8E855555565
:10D9C0005959EEEFF0F1F2F3F4F5F6F7F8F9FAFB46
:10D9D000FCFDFEFF00000000010203040000000047
:10D9E000000000000102030406070809000000808F
:10D9F000DB0F4940DB0F49C0DB0F49BFE4CB1640CA
:10DA0000E4CB16C0D1F71737D1F717B78071313F84
:10DA1000807131BF0000003F000000BF6937AC31AA
:10DA200068212233B40F14336821A2333863ED3EEA
:10DA3000DA0F493F5E987B3FDA0FC93F494E4600F7
:10DA4000696E66004E414E006E616E0030003031EE
:10DA50003233343536373839414243444546003055
:10DA60003132333435363738396162636465660084
:10DA7000496E66696E697479004E614E0052454583
:10DA80004E54206D616C6C6F6320737563636565C4
:10DA9000646564002F646174612F6A656E6B696EE2
:10DAA000732F776F726B73706163652F474E552DBF
:10DAB000746F6F6C636861696E2F61726D2D3135A3
:10DAC0002F7372632F6E65776C69622D6379677748
:10DAD000696E2F6E65776C69622F6C6962632F7354
:10DAE00074646C69622F64746F612E630042616CB0
:10DAF0006C6F6320737563636565646564002F6490
:10DB00006174612F6A656E6B696E732F776F726BCC
:10DB100073706163652F474E552D746F6F6C63682A
:10DB200061696E2F61726D2D31352F7372632F6EA7
:10DB300065776C69622D63796777696E2F6E65779B
:10DB40006C69622F6C6962632F7374646C69622FF5
:10DB50006D707265632E6300232D302B2000686C7E
:10DB60004C00656667454647004300504F5349588F
:10DB7000002E002C2066756E6374696F6E3A20006B
:10DB8000617373657274696F6E202225732220663B
:10DB900061696C65643A2066696C65202225732290
:10DBA0002C206C696E65202564257325730A00009E
:10DBB00005000000190000007D00000000000000CA
:10DBC0000080E03779C34143176E05B5B5B8934679
:10DBD000F5F93FE9034F384D321D30F94877825A45
:10DBE0003CBF737FDD4F1575000000000000F03F63
:10DBF0000000000000002440000000000000594028
:10DC00000000000000408F40000000000088C3407A
:10DC100000000000006AF8400000000080842E41EF
:10DC200000000000D01263410000000084D797413B
:10DC30000000000065CDCD41000000205FA0024241
:10DC4000000000E876483742000000A2941A6D42B6
:10DC5000000040E59C30A2420000901EC4BCD642A9
:10DC600000003426F56B0C430080E03779C3414354
:10DC700000A0D8855734764300C84E676DC1AB43CA
:10DC8000003D9160E458E143408CB5781DAF1544E8
:10DC900050EFE2D6E41A4B4492D54D06CFF08044C3
:10DCA000F64AE1C7022DB544B49DD9794378EA44D8
:10DCB000002020202020202020202828282828205C
:10DCC0002020202020202020202020202020202054
:10DCD00020881010101010101010101010101010BC
:10DCE00010040404040404040404041010101010AC
:10DCF0001010414141414141010101010101010176
:10DD000001010101010101010101010110101010C7
:10DD10001010424242424242020202020202020247
:10DD2000020202020202020202020202101010109B
:10DD300020000000000000000000000000000000C3
:10DD400000000000000000000000000000000000D3
:10DD500000000000000000000000000000000000C3
:10DD600000000000000000000000000000000000B3
:10DD700000000000000000000000000000000000A3
:10DD80000000000000000000000000000000000093
:10DD90000000000000000000000000000000000083
:10DDA0000000000000000000000000000000000073
:04DDB000000000006F
:08DDB400DC23FF7F01000000E9
:04DDBC00050C00084A
:04DDC000DD0B00086F
:10DDC400785634120100000030D80008152F0008DE
:10DDD4008531000801000000100000000024F40058
:10DDE40000000000030000001C710120300000202E
:10DDF400000000001C71012084710120EC710120DD
:10DE0400000000000000000000000000000000000E
:10DE140000000000000000000000000000000000FE
:10DE240000000000000000000000000000000000EE
:10DE3400000000000000000000000000430000009B
:10DE440000000000000000000000000000000000CE
:10DE5400000000000000000000000000430000007B
:10DE640000000000000000000000000000000000AE
:10DE7400000000000000000000000000430000005B
:10DE8400000000000000000000000000000000008E
:10DE9400000000000000000000000000430000003B
:10DEA400000000000000000000000000000000006E
:10DEB400000000000000000000000000430000001B
:10DEC400000000000000000000000000000000004E
:10DED40000000000000000000000000043000000FB
:10DEE400000000000000000000000000000000002E
:10DEF40000000000000000000000000043000000DB
:10DF0400000000000000000000000000000000000D
:10DF1400000000000000000000000000B9BF00087D
:10DF240039BF000800000000B0DC000871DB000805
:10DF3400AEDB0008AEDB0008AEDB0008AEDB000899
:10DF4400AEDB0008AEDB0008AEDB0008AEDB000889
:10DF5400AEDB0008FFFFFFFFFFFFFFFFFFFFFFFF38
:10DF6400FFFF000001004153434949000000000045
:10DF7400000000000000000000000000000000009D
:10DF84000000000000004153434949000000000024
:10DF9400000000000000000000000000000000007D
:08DFA400000000000000000075
:0400000508008F6DF3
:00000001FF
