:020000040800F2
:1000000000000220999D0008E59C0008E99C00087A
:10001000FD9C0008119D0008259D000800000000BF
:10002000000000000000000000000000399D0008F2
:100030003D9D000800000000419D0008459D00080E
:10004000E99D0008E99D0008E99D0008E99D000878
:10005000E99D0008E99D0008E99D0008E99D000868
:10006000E99D0008E99D0008E99D0008E99D000858
:10007000E99D0008E99D0008E99D0008E99D000848
:10008000E99D0008E99D0008E99D0008E99D000838
:10009000E99D0008E99D0008E99D0008E99D000828
:1000A000E99D0008E99D0008E99D0008E99D000818
:1000B000E99D0008499D0008E99D00086D9D000824
:1000C000799D0008E99D0008E99D0008E99D000868
:1000D000E99D0008559D0008619D0008E99D000804
:1000E000E99D0008E99D0008E99D0008E99D0008D8
:1000F000E99D0008E99D0008E99D0008E99D0008C8
:10010000E99D0008E99D0008E99D0008E99D0008B7
:10011000E99D0008E99D0008E99D0008E99D0008A7
:10012000E99D0008E99D0008E99D0008E99D000897
:10013000E99D00080000000000000000E99D0008A3
:10014000E99D0008E99D0008E99D0008E99D000877
:10015000E99D0008E99D0008E99D0008E99D000867
:10016000E99D0008E99D0008E99D0008E99D000857
:10017000E99D0008E99D0008000000000000000063
:08018000E99D0008E99D00085B
:1001900001F0FF01102A2BDB10F0070F08D010F838
:1001A000013B013A8B422DD010F0070F42B3F6D13C
:1001B000F0B441EA012141EA014122F007047FF055
:1001C00000070023F0E80256083C85EA010586EAAC
:1001D000010685FA47F5A3FA87F586FA47F6A5FAE8
:1001E00087F68EB9EED1F0BC01F0FF0102F00702F4
:1001F00032B110F8013B013A83EA010313B1F8D19F
:100200000020704701387047002D06BF354603387F
:10021000073815F0010F07D1013015F4807F02BFB8
:10022000013015F4C03F0130F0BC0138704700BF09
:10023000034613F8012B002AFBD1181A0138704726
:1002400081F0004102E000BF83F0004330B54FEA87
:1002500041044FEA430594EA050F08BF90EA020FF4
:100260001FBF54EA000C55EA020C7FEA645C7FEA87
:10027000655C00F0E2804FEA5454D4EB5555B8BFAA
:100280006D420CDD2C4480EA020281EA030382EA1B
:10029000000083EA010180EA020281EA0303362DAD
:1002A00088BF30BD11F0004F4FEA01314FF4801C80
:1002B0004CEA113102D0404261EB410113F0004F92
:1002C0004FEA03334CEA133302D0524263EB430349
:1002D00094EA050F00F0A780A4F10104D5F1200EE7
:1002E0000DDB02FA0EFC22FA05F2801841F1000142
:1002F00003FA0EF2801843FA05F359410EE0A5F116
:1003000020050EF1200E012A03FA0EFC28BF4CF046
:10031000020C43FA05F3C01851EBE37101F00045FC
:1003200007D54FF0000EDCF1000C7EEB00006EEB09
:100330000101B1F5801F1BD3B1F5001F0CD3490893
:100340005FEA30004FEA3C0C04F101044FEA4452EA
:1003500012F5800F80F09A80BCF1004F08BF5FEA71
:10036000500C50F1000041EB045141EA050130BD51
:100370005FEA4C0C404141EB0101013C28BFB1F563
:10038000801FE9D291F0000F04BF01460020B1FAAE
:1003900081F308BF2033A3F10B03B3F120020CDA81
:1003A0000C3208DD02F1140CC2F10C0201FA0CF05F
:1003B00021FA02F10CE002F11402D8BFC2F1200CC4
:1003C00001FA02F120FA0CFCDCBF41EA0C0190407A
:1003D000E41AA2BF01EB0451294330BD6FEA0404C3
:1003E0001F3C1CDA0C340EDC04F11404C4F12002AE
:1003F00020FA04F001FA02F340EA030021FA04F3C0
:1004000045EA030130BDC4F10C04C4F1200220FA16
:1004100002F001FA04F340EA0300294630BD21FA54
:1004200004F0294630BD94F0000F83F4801306BF1A
:1004300081F480110134013D4EE77FEA645C18BF0E
:100440007FEA655C29D094EA050F08BF90EA020FA5
:1004500005D054EA000C04BF1946104630BD91EA9D
:10046000030F1EBF0021002030BD5FEA545C05D1A0
:100470004000494128BF41F0004130BD14F58004DF
:100480003CBF01F5801130BD01F0004545F0FE4153
:1004900041F470014FF0000030BD7FEA645C1ABF88
:1004A000194610467FEA655C1CBF0B46024650EABF
:1004B000013406BF52EA033591EA030F41F40021EB
:1004C00030BD00BF90F0000F04BF0021704730B571
:1004D0004FF4806404F132044FF000054FF0000146
:1004E00050E700BF90F0000F04BF0021704730B507
:1004F0004FF4806404F1320410F0004548BF4042DC
:100500004FF000013EE700BF42004FEAE2014FEA30
:1005100031014FEA02701FBF12F07F4393F07F4F0B
:1005200081F06051704732F07F4208BF704793F00E
:100530007F4F04BF41F40021704730B54FF4607421
:1005400001F0004521F000411CE700BF50EA010224
:1005500008BF704730B54FF000050AE050EA0102CD
:1005600008BF704730B511F0004502D5404261EB3D
:1005700041014FF4806404F132045FEA915C3FF47E
:10058000D8AE4FF003025FEADC0C18BF03325FEA1B
:10059000DC0C18BF033202EBDC02C2F1200300FACC
:1005A00003FC20FA02F001FA03FE40EA0E0021FAF1
:1005B00002F11444BDE600BF70B54FF0FF0C4CF4DF
:1005C000E06C1CEA11541DBF1CEA135594EA0C0F91
:1005D00095EA0C0F00F0DEF82C4481EA030621EACC
:1005E0004C5123EA4C5350EA013518BF52EA033507
:1005F00041F4801143F4801338D0A0FB02CE4FF0B9
:100600000005E1FB02E506F00042E0FB03E54FF0E8
:100610000006E1FB03569CF0000F18BF4EF0010EE0
:10062000A4F1FF04B6F5007F64F5407404D25FEADC
:100630004E0E6D4146EB060642EAC62141EA55518F
:100640004FEAC52040EA5E504FEACE2EB4F1FD0CD1
:1006500088BFBCF5E06F1ED8BEF1004F08BF5FEA4F
:10066000500E50F1000041EB045170BD06F0004601
:1006700046EA010140EA020081EA0301B4EB5C04AE
:10068000C2BFD4EB0C0541EA045170BD41F48011A6
:100690004FF0000E013C00F3AB8014F1360FDEBFCB
:1006A000002001F0004170BDC4F10004203C35DAA7
:1006B0000C341BDC04F11404C4F1200500FA05F32A
:1006C00020FA04F001FA05F240EA020001F00042CB
:1006D00021F0004110EBD37021FA04F642EB060141
:1006E0005EEA430E08BF20EAD37070BDC4F10C046B
:1006F000C4F1200500FA04F320FA05F001FA04F22F
:1007000040EA020001F0004110EBD37041F100011A
:100710005EEA430E08BF20EAD37070BDC4F1200525
:1007200000FA05F24EEA020E20FA04F301FA05F28D
:1007300043EA020321FA04F001F0004121FA04F235
:1007400020EA020000EBD3705EEA430E08BF20EA05
:10075000D37070BD94F0000F0FD101F0004640003F
:1007600041EB010111F4801F08BF013CF7D041EAC1
:10077000060195F0000F18BF704703F000465200C5
:1007800043EB030313F4801F08BF013DF7D043EA96
:100790000603704794EA0C0F0CEA135518BF95EA4C
:1007A0000C0F0CD050EA410618BF52EA4306D1D1D3
:1007B00081EA030101F000414FF0000070BD50EAF2
:1007C000410606BF1046194652EA430619D094EA7C
:1007D0000C0F02D150EA013613D195EA0C0F05D166
:1007E00052EA03361CBF104619460AD181EA0301BA
:1007F00001F0004141F0FE4141F470014FF0000072
:1008000070BD41F0FE4141F4780170BD70B54FF00C
:10081000FF0C4CF4E06C1CEA11541DBF1CEA13558C
:1008200094EA0C0F95EA0C0F00F0A7F8A4EB05046E
:1008300081EA030E52EA03354FEA013100F0888065
:100840004FEA03334FF0805545EA131343EA12632E
:100850004FEA022245EA111545EA10654FEA0026E3
:100860000EF000419D4208BF964244F1FD0404F59C
:10087000407402D25B084FEA3202B61A65EB0305F8
:100880005B084FEA32024FF480104FF4002CB6EBB5
:10089000020E75EB030E22BFB61A754640EA0C0035
:1008A0005B084FEA3202B6EB020E75EB030E22BF75
:1008B000B61A754640EA5C005B084FEA3202B6EBB6
:1008C000020E75EB030E22BFB61A754640EA9C0075
:1008D0005B084FEA3202B6EB020E75EB030E22BF45
:1008E000B61A754640EADC0055EA060E18D04FEA03
:1008F000051545EA16754FEA06164FEAC30343EAA3
:1009000052734FEAC2025FEA1C1CC0D111F4801F6F
:100910000BD141EA00014FF000004FF0004CB6E768
:1009200011F4801F04BF01430020B4F1FD0C88BF07
:10093000BCF5E06F3FF6AFAEB5EB030C04BFB6EB12
:10094000020C5FEA500C50F1000041EB045170BD05
:100950000EF0004E4EEA113114EB5C04C2BFD4EB32
:100960000C0541EA045170BD41F480114FF0000EB6
:10097000013C90E645EA060E8DE60CEA135594EA32
:100980000C0F08BF95EA0C0F3FF43BAF94EA0C0F35
:100990000AD150EA01347FF434AF95EA0C0F7FF4AA
:1009A00025AF104619462CE795EA0C0F06D152EAFE
:1009B00003353FF4FDAE1046194622E750EA4106E2
:1009C00018BF52EA43067FF4C5AE50EA41047FF4F3
:1009D0000DAF52EA43057FF4EBAE12E74FF0FF3C58
:1009E00006E000BF4FF0010C02E000BF4FF0010C29
:1009F0004DF804CD4FEA410C7FEA6C5C4FEA430CA2
:100A000018BF7FEA6C5C1BD001B050EA410C0CBFF0
:100A100052EA430C91EA030F02BF90EA020F002052
:100A2000704710F1000F91EA030F58BF994208BFB9
:100A300090422CBFD8176FEAE37040F00100704776
:100A40004FEA410C7FEA6C5C02D150EA013C07D1CD
:100A50004FEA430C7FEA6C5CD6D152EA033CD3D018
:100A60005DF8040B704700BF8446104662468C4612
:100A70001946634600E000BF01B5FFF7B7FF002845
:100A800048BF10F1000F01BD4DF808EDFFF7F4FF6E
:100A90000CBF012000205DF808FB00BF4DF808EDF9
:100AA000FFF7EAFF34BF012000205DF808FB00BF1C
:100AB0004DF808EDFFF7E0FF94BF012000205DF83E
:100AC00008FB00BF4DF808EDFFF7CEFF94BF0120F3
:100AD00000205DF808FB00BF4DF808EDFFF7C4FFEC
:100AE00034BF012000205DF808FB00BF4FEA410C35
:100AF0007FEA6C5C02D150EA013C0AD14FEA430C18
:100B00007FEA6C5C02D152EA033C02D14FF0000054
:100B100070474FF0010070474FEA410212F5001292
:100B200015D211D56FF47873B3EB625212D94FEA34
:100B3000C12343F0004343EA505311F0004F23FA1E
:100B400002F018BF404270474FF00000704750EA73
:100B5000013005D111F0004008BF6FF00040704730
:100B60004FF00000704700BF53B94AB9002908BFD1
:100B700000281CBF4FF0FF314FF0FF3000F00CB8E1
:100B8000ADF1080C6DE904CE0CF0EEFBDDF804E0ED
:100B9000DDE9022304B07047704700BF0348044BEF
:100BA000834202D0034B03B11847704778020020FC
:100BB00078020020000000000548064B1B1AD90FE0
:100BC00001EBA301491002D0034B03B11847704752
:100BD00078020020780200200000000010B5064CCA
:100BE000237843B9FFF7DAFF044B13B10448AFF39E
:100BF00000800123237010BD780200200000000057
:100C000028D7000808B5054B1BB105490548AFF3C7
:100C10000080BDE80840FFF7CFBF00BF0000000024
:100C20007C02002028D70008B0FA80F238B55209BB
:100C300004460D460E48102105F0FCFAA4F101020D
:100C4000B2FA82F20A482021520905F0F3FAA4F11F
:100C50000202B2FA82F206484021520905F0EAFA8D
:100C60002A460348BDE83840802105F0E3BA00BFBA
:100C7000000002402DE9F0418EB004F0C7FD0446AB
:100C80005E4890F8083A2BB15D4A1368E31AB3F551
:100C90007A7F02D20EB0BDE8F0815A4B1460196819
:100CA0004B6A59491D4601F0BDF8564B002800F02B
:100CB0008880196855484A6A554F521B4D6A5249F7
:100CC0000B9201F05FF9514801F04AFB4D4B0B9A32
:100CD0001B685B6A08925B1B09934E4D4E4B187064
:100CE0002B68013306462B6038680D93FFF70CFC28
:100CF000CDE906013B46B04653F8040D0C93FFF7CF
:100D000003FCCDE904013A4652F8080D0B92FFF7B7
:100D1000FBFB0D9B414A0096CDE902018021404832
:100D20000AF0CCF981B23E4801F06AFE304600215B
:100D3000FFF77AFF3B4B0C9E0B9AD3ED010A93ED24
:100D4000000A394B92ED001A97ED002AD6ED001AF1
:100D50001B7828682146424602F0E4FC0B9997ED87
:100D6000001A91ED000AD6ED000A274900914FF4D0
:100D7000FA7201922C4A2868127821462B4C43467D
:100D800002F0C8FD2378012B84D8274B1E491A781E
:100D9000204601F0D3FB00283FF47CAF04F58044EB
:100DA000214B94F8360E1978214A2B6800910A24B9
:100DB000CDE9010480211A480AF080F981B218486F
:100DC00017E01C4CDFF858C00FCCCCF80000CCF872
:100DD0000410CCF8082007CCCCF80C302378CCF8E1
:100DE0001000CCF8141060461C21CCF818208CF8A8
:100DF0001C300EB0BDE8F04101F002BE3C560120AF
:100E000094020020C4600120A8020020F0580020B5
:100E100044D70020A0020020980200206CD70008D0
:100E2000F4610120780A0020A4020020A80A002012
:100E3000C0D700084CD70008944B1A7802B9704705
:100E400010B5934A00218EB019701378303B472BB0
:100E50004CD8DFE813F05700790099004B004B00A5
:100E60004B004B004B004B004B004B004B004B002A
:100E70004B004B004B004B004B004B004B004B001A
:100E80004B004B004B004B004B004B004B004B000A
:100E90004B004B004B004B004B004B004B004B00FA
:100EA0004B004B004B004B004B004B004B004B00EA
:100EB0004B004B004B004B004B004B004B004B00DA
:100EC0004B00B9004B004B004B004B004B00DB00CC
:100ED0004B004B004B004B004B00120148004B00F5
:100EE00016014B0053006B4801F0C0FC68496A488A
:100EF00001220EB0BDE8104005F0F2BA674801F0DB
:100F00004FFAF3E7DFF8B4C1DFF8A0E1BCE80F0067
:100F1000CEF80820624ACEF804100021CEF8000076
:100F20001170BCE80700CEF80C30CEF810009CF829
:100F30000030CEF8141070461C21CEF818208EF820
:100F40001C3001F05DFDD1E7DFF874C1DFF85CE132
:100F5000BCE80F00CEF80000CEF80410CEF8082050
:100F6000CEF80C30BCE80F00CEF818204C4ACEF872
:100F70001000CEF81410CEF81C30704601231F214B
:100F8000137001F03DFDB1E7DFF838C1DFF81CE177
:100F9000BCE80F00CEF80000CEF80410CEF8082010
:100FA000CEF80C30BCE80F00CEF818203C4ACEF842
:100FB0001000CEF81410CEF81C30704602231F210A
:100FC000137001F01DFD91E702F08CFD354CDFF848
:100FD000DCE0A446BCE80F00CEF80C30324BCEF873
:100FE00000009C450EF1100E04F110044EF80C1C8C
:100FF0004EF8082CEDD12068A388CEF800002521FA
:101000002A48AEF8043001F0FBFC6FE704A802F0B8
:10101000D9FDDDE90413069C254A0091CDE9013490
:1010200080219DF8343021480AF048F881B21F48E9
:1010300001F0E6FC0799089C9DF835301D4A1B48D5
:10104000CDE9001480210AF039F881B2174801F087
:10105000D7FCDDE90B310A9C174A1448CDE902316F
:1010600009999DF83630CDE9001480210AF026F860
:1010700081B20E4801F0C4FC38E7064801F0C6FB17
:1010800034E7044801F092FB30E700BFA5020020DE
:10109000A6020020A80A002010610120F0580020BC
:1010A000A402002030D9000850D90008F4610120C2
:1010B00064D80008A8D80008E0D8000804D80008C0
:1010C00024D8000844D80008164A1378023B032BA2
:1010D00000D9704770B5144B02F580441878D4F8E5
:1010E000386E0121FFF7A0FDA4F5804001F0F8FB68
:1010F0000D4B00211878FFF797FDD4F8385EAE420B
:101100000FD004F083FB04F5646393ED000AD4F878
:101110003C2E94F8443E01462846BDE8704002F05B
:101120005DBB70BDA80A0020A4020020204A1378ED
:1011300003B9704710B51F491F480C680021117092
:10114000636A1E491C4600F0E7FC20BB1C4A1B4991
:101150001C4800F00FFD1A491B4800F037FE1B4ADF
:10116000164B1068D3ED052A93ED042AD3ED031A2C
:1011700093ED021AD3ED010A93ED000A144B0130EE
:101180001060144A1B781278214602F061FB094B6B
:101190001B685B6A10BD104B104A1B681048802109
:1011A00009F08CFFBDE8104081B20D4801F028BC69
:1011B000A7020020C46001205C6001208C0A00208E
:1011C000780A0020486001203C5601209C02002043
:1011D00098020020A4020020A002002058D9000894
:1011E000F461012070B5A2B00024AD4B05941A6BD8
:1011F00042F008021A631B6B10944FF470400121F7
:1012000003F00803CDE90C010593A648059B0CA942
:10121000CDE90E4404F056FE0122A2484FF470417D
:1012200005F008F80694A04A069B934205DC069B4D
:1012300001330693069B9342F9DD00224FF470417F
:101240009848974D002404F0F5FF04F0B9FA002106
:10125000302216A809F0A8FFCDE91144CDE91344C6
:101260000A9415942A6C914B42F080522A642A6C9D
:1012700002F080520A920A9A0B941A6842F4804251
:101280001A601B6803F480430B930B9B01224FF4FD
:1012900080330226CDE916234FF48003CDE91C6389
:1012A00008224FF4A873CDE91E2316A802220723B3
:1012B000CDE9202304F02AFB0F234FF4A05C119307
:1012C00005214FF4805311A8CDE914C3CDE9126470
:1012D00004F03AFDCDE9184407941A942B6B714839
:1012E00043F001032B632B6B03F001030793079B70
:1012F00008942B6B33432B632B6B33400893089B71
:1013000009942B6B43F004032B632B6B03F0040352
:101310000993099B11942B6B43F008032B632B6BF0
:1013200003F0080311934FF47042012316A9CDE98D
:101330001623119B04F0C6FD5A4822464FF4704113
:1013400004F078FF01254FF4041301225848189542
:1013500016A9CDE9162304F0B5FD31462246062034
:1013600004F07EFA062004F0ADFA4FF404134FF4B3
:1013700000525048189416A9CDE9162304F0A2FD96
:1013800022460321282004F06BFA282004F09AFA60
:1013900049494A4A4A4B0C62C1E9002308464FF4C6
:1013A0008043C1E90434C1E90244C1E9064405F0BF
:1013B0008FFD444A444B13600C264FF4E133104632
:1013C000C2E904465360C2E90244C2E9064404F09B
:1013D000D7FF3E4BDFF824E15E611846C3E90244C3
:1013E0001C619C61DC614FF46123C0E900E304F0FF
:1013F000C7FF374A4FF080415323C2E9001310461C
:101400004FF0FF33D36094601461946107F06EF97C
:10141000304A3148946040F24733C2E900038026E5
:1014200040F2E7331046D3601461966107F05EF92D
:10143000224629461D2004F013FA1D2004F042FA2A
:1014400001F0E6FA234806F0F7FF244801F0A6FB76
:10145000234800F021FD1D4A2149224801F048F8A7
:10146000214800F077FB214800F0AAFC12492048EF
:1014700000F0C6F90346002842D031461D4A1E48F6
:1014800009F01CFE81B21C4801F0BAFA05484FF47D
:10149000804104F0D3FE642004F0BEF9F6E700BFFB
:1014A00000380240000C02403F420F000070004034
:1014B0000000024000080240A061012000540040EA
:1014C000801A06001061012000440040586101208C
:1014D000C46001207C600120000400403412CDABC8
:1014E000F0580020A80A0020486001203C56012046
:1014F0005C60012080D90008F461012000100140E7
:10150000574E584D06F1300C34460FCC644505F16A
:10151000100506F1100645F8100C45F80C1C45F8AE
:10152000082C45F8043CEFD12F214E484E4E4D4D2E
:1015300001F066FA4D4801F051FB4D4801F04EFBB9
:101540004C4801F04BFB4C4801F048FB4B4801F084
:1015500045FB01F08DFB06F1300C34460FCC6445A1
:1015600005F1100506F1100645F8100C45F80C1CA5
:1015700045F8082C45F8043CEFD1B3783288AB70BD
:1015800038482A80322101F03BFA3D493D4801228A
:1015900004F0A6FF01224FF480513B4804F04AFEBC
:1015A000642004F039F900224FF48051364804F0E9
:1015B00041FE642004F030F9344932484FF4FA73A4
:1015C0001C2204F011FF00283FD1314E254C06F1BA
:1015D000300C35460FCD654504F1100406F11006B8
:1015E00044F8100C44F80C1C44F8082C44F8043C53
:1015F000EFD103CE338820606160238119483921FF
:1016000001F0FEF90A244FF4FA7303201021CDE90A
:101610000031204ACDE902048021124809F04EFD34
:101620004021104801F0ECF901F038FA01F04CFBD0
:1016300080210346184A0B4809F040FD81B2094851
:1016400001F0DEF901F02AFBFCE7322004F0E4F8B7
:101650000E490C484FF4FA731C2204F0C5FEB4E79F
:10166000BCD90008F4610120ECD9000864EE000840
:1016700058EE00084CEE00080800002040EE00087C
:10168000A602002010610120000C024020DA0008B0
:1016900040DA00087CDA0008BCDA0008044B026873
:1016A0009A4200D07047034B01221A70704700BF66
:1016B00000040040A7020020044B02689A4200D0B8
:1016C0007047034B01221A70704700BF004400406E
:1016D000A502002010B54FF00A0C88B00E23CDE90A
:1016E000013C04AB0093144601233B2205F054FD5A
:1016F000034638BBBDF810C0BDF81210BDF8140089
:101700001A469CFA9CFC6CF30F0249BA61F31F4223
:101710002260BDF81A20BDF8181052BA6281BDF8D7
:101720001C2049BA218152BABDF81610A28140BAD4
:101730001A4649BA60F30F0261F31F42184662600D
:1017400008B010BD064A0748802109F0B7FC81B2F5
:10175000044801F055F90123184608B010BD00BF38
:1017600028DB0008F461012030B587B00A2302931A
:1017700001240DF11703CDE900340D468DF8172033
:1017800023460A460179006805F068FC08B907B0ED
:1017900030BD074A00902B468021064809F08EFC98
:1017A00081B2044801F02CF9204607B030BD00BFDB
:1017B00054DB0008F461012030B50A2385B0012410
:1017C000CDE9014300920D460A462346017900689F
:1017D00005F0E2FC08B905B030BD074A00902B4681
:1017E0008021064809F06AFC81B2044801F008F93A
:1017F000204605B030BD00BF84DB0008F461012045
:1018000030B5002385B000224FF0D00C01608283F8
:1018100080F804C08360C3600361436183610DF19C
:101820000F0275210446FFF7C7FFD8B99DF80F30A6
:10183000682B1BD1714A7248802109F03FFC704827
:10184000222101F0DDF880226B212046FFF78CFF7A
:1018500040B9642003F0E0FF01226B212046FFF72E
:1018600083FF90B10125284605B030BD6821654A47
:1018700000916348802109F021FC6148392101F081
:10188000BFF80225284605B030BD0A2003F0C4FF8A
:10189000092219212046FFF767FF0028E2D1032221
:1018A0001A212046FFF760FF0028DBD108221B2108
:1018B0002046FFF759FF0028D4D102461C212046BC
:1018C000FFF752FF0028CDD1012238212046FFF733
:1018D0004BFF0028C6D1022237212046FFF744FFE4
:1018E00005460028BED10DF10F026B212046FFF7FF
:1018F00063FF9DF80F30444A4148802109F0DEFB28
:101900003F481B2101F07CF80DF10F021921204600
:10191000FFF752FF9DF80F303C4A3948802109F00B
:10192000CDFB37481B2101F06BF80DF10F021A2196
:101930002046FFF741FF9DF80F30354A304880219F
:1019400009F0BCFB2E481B2101F05AF80DF10F02E3
:101950001B212046FFF730FF9DF80F302D4A284805
:10196000802109F0ABFB26481B2101F049F80DF15D
:101970000F021C212046FFF71FFF9DF80F30264A5B
:101980001F48802109F09AFB1D481B2101F038F8FF
:101990000DF10F0238212046FFF70EFF9DF80F30A2
:1019A0001E4A1748802109F089FB15481B2101F0C8
:1019B00027F80123DFF86CE0DFF844C02377744692
:1019C0000FCCCCF80C30164BCCF800009C420CF13C
:1019D000100C0EF1100E4CF80C1C4CF8082CEED12B
:1019E000DEF80000BEF80430CCF8000035210448D1
:1019F000ACF8043001F004F835E700BFF4DB000870
:101A0000F4610120B4DB00081CDC00083CDC0008A9
:101A10005CDC00087CDC00089CDC0008BCDC000806
:101A20000CDD0008DCDC0008B1F900309FED356A00
:101A3000DFED356A90ED057A9FED345ADFED345ACB
:101A400007EE903AF8EEE77A67EE867A67EEA67AC6
:101A500077EEC77A9FED2F7AC2ED007AB1F90230A6
:101A6000D0ED064A07EE903AF8EEE77A67EE867A0E
:101A700067EEA67A77EEE47AC2ED017AB1F9043026
:101A800007EE903AF8EEE77A67EE867A67EEA67A86
:101A9000C2ED027AB1F9083090ED026A06EE903A92
:101AA000F8EEE66AC6EE877A77EEC67AC2ED037A7A
:101AB000B1F90A3090ED036A06EE903AF8EEE66A64
:101AC000C6EE877A77EEC67AC2ED047AB1F90C30A9
:101AD00090ED046A06EE903AF8EEE66AC6EE877A72
:101AE00077EEC67AC2ED057AB1F9063007EE103A04
:101AF000B8EEC77AC7EE057A77EEA57AC2ED067A18
:101B0000704700BF000080380AE81C410000AA436B
:101B1000B81E12420000034330B5037F87B0A3B163
:101B200003460D4602AA017900680193FFF7D2FD32
:101B3000044610B1204607B030BD01982A4602A9DC
:101B4000FFF772FF204607B030BD0424204607B0DF
:101B500030BD00BF0023DFF818C004490360002235
:101B60004360C0F808C0C160027470470AD7233CC4
:101B700048E17A3F00B52DED068BD1ED009AD1ED0D
:101B8000028A9FED4D9A91ED018A9FED4CAA68EE75
:101B9000A88A69EEA97A85B077EEA87AB0EE480AED
:101BA000F1EEE70ACDE901200391B4EEE09AF1EEFF
:101BB00010FAC8BFF0EE490A08F018F928EE088AB2
:101BC000F0EE407A38EE288AB0EE690AF1EEC80AE3
:101BD00067EE8A8AB4EEE09AF1EE10FAC8BFF0EE32
:101BE000490A08F003F90298019A037C039920EE50
:101BF0000A0ADBBB0123037480ED010AC0ED008AF1
:101C0000D1ED046A91ED037AD1ED055AD1ED007A58
:101C100091ED016A26EEA65A27EE077AD1ED026A07
:101C2000C2ED008A37EE057A65EEA55A26EE066A01
:101C300067EEA77A37EE257A77EE867A66EEA66AA1
:101C4000B1EEC76A4368536077EEA67A92ED027AE6
:101C500082ED026AF1EEE76A76EE477AC2ED036A38
:101C6000C2ED047A05B0BDEC068B00BDD0ED037A61
:101C7000D1ED046A91ED037A90ED026A90ED005A7D
:101C8000D0ED015A27EE877A67EEA67AF7EE006A62
:101C900076EEC66A37EE057A77EEA57A27EE067AF3
:101CA00066EEA88A67EE867A26EE800A77EE288AA4
:101CB00037EE800AA0E700BFBD378635E02E6542CB
:101CC000002961D000B5DFED3C7A85B003468A007B
:101CD00000EB810E8446BCEC017AE64577EE877A0C
:101CE000F9D106EE901AB8EEE66A9FED337AC7EEA8
:101CF000866AF3EC017A77EEE67A9E4567EEA77A7C
:101D000037EE277AF5D10129034629D0013907EEAC
:101D1000901AF8EEE77A87EE270AB5EE400AF1EE60
:101D200010FA35D4F1EEC07A9FED247AF4EEC77A3A
:101D3000F1EE10FA22D49FED217A77EE877AB7EE92
:101D4000006A86EE277A1A44D3ED007A77EEE67AB7
:101D500067EE877AE3EC017A9A42F5D105B000BDCF
:101D6000B5EE407AF1EE10FA1FD4F1EEC77A9FED8E
:101D7000137AF4EEC77AF1EE10FADCD5002105B043
:101D80005DF804EB09F010BA0A46002109F00CBA1C
:101D9000CDE90220CDED016A08F096F8DDE90223D5
:101DA000DDED016AF0EE407AC5E7CDE90220CDED28
:101DB000016AB0EE470AEFE70000000095BFD63396
:101DC00040F60C22002109F0EFB900BFD0F8002A3C
:101DD000D1F800C002F07F0303EB830300EB830321
:101DE0000132C3F800C0D1F804C0C3F804C0D1F870
:101DF00008C0C3F808C0D1F80CC0C3F80CC009690A
:101E00001961D0F8043AC0F8002A7F2B03D90123C6
:101E100080F8083A70470133632BC0F8043AF6D8CB
:101E2000704700BF38B590F8083A93B3D0F8003A3D
:101E30000D460C4601F5966EA3F1640C01F5C871D0
:101E40002A460CF07F0303EB830300EB8303D3EDFF
:101E5000007AE2EC017AD3ED017AC2ED637AD3ED38
:101E6000027AC2EDC77AD3ED037AEEEC017A1B69F0
:101E7000CEF88C318A420CF1010CE2D105F5FA65FD
:101E80002046642104F5C874FFF71AFFA542F7D174
:101E90000123184638BD00BF2DE9F04100F570431D
:101EA0002DED028B03F6FC42054631489FED318A49
:101EB00086B0106005F57D424FF00008002105F561
:101EC0007D40116005F5FC474022C3F8048D83F87E
:101ED000488D4146083005F5FA4609F065F940227B
:101EE0004146304609F060F92C46C7F80080C7F833
:101EF0000480C7F8088000F05BFE20EE080AA4EC1E
:101F0000010AB442F7D105F5FA459FED1B8A403529
:101F100000F04EFE20EE080AA5EC010ABD42F7D102
:101F20000FA3D3E9002310A5D5E90045CDE904238B
:101F300003211023CDE90031CDE902450F4A1048B5
:101F40004FF4FA73802109F0B9F881B20C4806B059
:101F5000BDEC028BBDE8F04100F052BDAFF3008054
:101F6000000000A081FBE13F000000C0ED9ABB3FF4
:101F70000AD7233C6ED7DC3D0DDC0F3F14DD000893
:101F8000F461012070B52DED028B00F5FA449FED50
:101F90004D6A0D4600F5FA4E00F5FA6C40340146E4
:101FA000BEEC017A2A460B46F3EC017AF2EC016AA8
:101FB00067EEA67A634537EE277AF5D1B5EEC07A9B
:101FC000F1EE10FAD4BFF0EE467AF0EE477AA6456D
:101FD0008EED557ACEED427A01F5FA6103F5FA6C91
:101FE000DED100F5FC4500F5FC4400F5FB410C3565
:101FF000B4EC017AA1F140032A46F3EC017AF2EC49
:10200000016A67EEA67A994237EE277AF5D1A542A2
:1020100084ED257A84ED127A01F14001E8D100F5D2
:10202000E04606F5656306F64C62D3ED007A92ED64
:10203000007A9FED248AF4EEC77A06F65463F1EE37
:1020400010FAD3ED008AD8BFF0EE477AF4EEE78AB3
:10205000F1EE10FA00F5FC4400F5FC45D8BFF0EEB7
:10206000678A4C34583594ED000A30EE680A07F060
:10207000BFFEA4EC010AA54238EE008AF3D19FED21
:10208000127A38EE078AF7EE007A87EE887A06F63B
:102090004C6206F5656306F65466D2ED007A67EE8B
:1020A000877AC2ED007AD3ED007A67EE877AC3EDC6
:1020B000007AD6ED007A67EE877AC6ED007ABDEC3D
:1020C000028B70BD0000000095BFD6332DE9F041B2
:1020D00000EB820300F5E04200F570450C4602F685
:1020E0004C6105F54B660968316002F5656102F6E1
:1020F0000C670E6805F6B44103F57C430E6002F6EA
:10210000546105F6B84209681160D3ED2C7AB7EE38
:10211000007A77EEC77A00F57B4600F57C4C00F537
:102120007C4100F5FC4800F5FC4EC3ED2C7AE83606
:102130000CF1B00CBC3108F110080EF14C0EBCECE7
:10214000017A0CED047AD7ED007A67EE877A434680
:10215000324646ED017AB3EC017A5CED017A67EE26
:10216000877A7345E2EC017AF5D18C4506F1400699
:10217000E5D100F5FA4305F54B6705F6B4469FED4A
:102180002D6A403300F5FB4C05F6B8451BE0D2ED57
:10219000007AD7ED006A93ED0F7A96ED005AD5EDEF
:1021A000005A66EEA76A27EE057AD3ED1F7A76EE1F
:1021B000866A67EEA57A37EE267A634577EE877AE8
:1021C000E1EC017A0FD0D3ED467AF5EEC07AF1EE6C
:1021D00010FA1A4603F10403D9DCF0EE467A63459F
:1021E000E1EC017AEFD100F5FD4500F57B4E243599
:1021F0000EF1E40029460EF1A40E04F5FA6C9EEDF2
:10220000467A2346AEEC017A0A46F3EC017A67EE91
:10221000277A6345E2EC017AF7D1864501F5FA6148
:10222000EDD12846B1EE040ABDE8F0414FF4FA5171
:1022300000F018BC0000000000F5704C0CF6FC43E8
:1022400000F5FD42D3ED006A243200F5FA41034661
:10225000B2EC017AD3ED007A27EE267A77EEC77AD0
:10226000E3EC017A8B42F3D100F57B4200F5FA43AF
:10227000A4324033B2EC017AD1ED007A27EE267A0F
:1022800077EEC77AE1EC017A9942F3D100F57B420F
:10229000E43200F5FC41B2EC017AD3ED007A27EE8E
:1022A000267A77EEC77AE3EC017A8B42F3D100F518
:1022B0007C4300F5FC40A4330C30B3EC017AD1ED43
:1022C000007A27EE267A77EEC77AE1EC017A884227
:1022D000F3D1DCF8043D0133CCF8043D704700BF76
:1022E00030B583B0154604460191FFF74BFE05F566
:1022F000FC53123304EB8303D3ED017A9FED170AED
:10230000B4EEE70AF1EE10FAD8BFB0EE670A07F0B4
:10231000ABFD04F5704CB1EE400A9CF8483D0199C4
:102320008DED010A03F57D500230013304EB80008E
:1023300003F00F0380ED000A8CF8483D04F57D435F
:1023400083ED000A2A462046FFF7C0FE2046FFF72D
:1023500073FF9DED010A03B030BD00BF95BFD633BA
:1023600000F5E04303F64C6103F5656291ED007AF8
:10237000D2ED007AB4EEE77AF1EE10FA0DD4F0EE79
:10238000477A002003F6546393ED007AB4EEE77ABF
:10239000F1EE10FAC8BF022070470120F2E700BF3B
:1023A000F0B52DED028B90ED008A9FED4A7A87B053
:1023B0000446F0EE488A00F5FA420346F3EC017A4F
:1023C000B4EEE78AF1EE10FAF4EEE87AC8BFB0EEA8
:1023D000678AF1EE10FAC8BFF0EE678A934237EED3
:1023E000277AEBD1DFED3C7AC7EE277A17EE900A19
:1023F000FEF78AF802460B4618EE900ACDE9042350
:10240000FEF782F80B46024618EE100ACDE90223C9
:10241000FEF77AF8314ACDE900018021304808F012
:102420004DFE81B22E4800F0EBFA04F5704304F53E
:102430007D42D3F8043D10681D46FEF765F804F5AB
:102440007D4304F57D42DFED237A06460F460833CF
:102450004832B3EC017A934277EE877AF9D19FED57
:10246000217A67EE877A04F5E04417EE900AFEF7CA
:102470004BF81D4ACDE902012B46CDE900678021CA
:10248000174808F01BFE81B2154800F0B9FA04F6AF
:1024900054631868FEF738F8CDE9040104F5656364
:1024A00004F64C641868FEF72FF8CDE902012068A5
:1024B000FEF72AF80D4ACDE900018021084808F00E
:1024C000FDFD81B2064807B0BDEC028BBDE8F040CF
:1024D00000F096BA000000000000FA4554DD000844
:1024E000F46101200000803D8CDD0008C0DD0008A3
:1024F00038B50D461446002144F6486208F054FEF3
:102500004722C0E901540A490A4808F0CCFE0948AC
:10251000462100F075FA0A238021074A054808F091
:10252000CDFDBDE8384003482E2100F069BA00BF58
:1025300008DE0008F461012050DE000890F800C0B9
:10254000BCF1010F57D8F0B500F5804585B095F87E
:10255000363E092B17460E46044629D8BCF1000F1B
:1025600058D04FF4FA6202FB034031460C3003931B
:1025700008F099FE039B384844F62C6223448021DE
:102580009F5495F8363E01970133DBB20A2285F855
:10259000363E0092314A08F091FD81B22E4800F09B
:1025A0002FFA95F8363E092B27D8012005B0F0BD4B
:1025B0002B4D294C05F1200EAC46BCE80F00F4452C
:1025C00004F1100405F1100544F8100C44F80C1C3B
:1025D00044F8082C44F8043CEED107CD2B88A381A5
:1025E000AB78206061601C48A2602E21A37300F0CC
:1025F00007FA0020DAE70020704702232370194A07
:1026000015480A23802108F059FD1348362100F0AF
:10261000F7F9CAE7DFF850C0DFF83CE001230370A8
:10262000BCE80F00CEF80000CEF80410CEF8082069
:10263000CEF80C30BCE80F00CEF81000CEF8141025
:1026400070461F21CEF81C30CEF8182000F0D8F9C3
:1026500095F8363E85E700BFF4610120D0DE000822
:1026600080DE0008FCDE0008B0DE00082DE9F04D39
:1026700000F580472DED028BD7F8383E454A0133EF
:1026800084B080218046444808F018FD81B2424859
:1026900000F0B6F997F8363E002B75D008F59C454A
:1026A0009FED3E8A2B3508F10C06002415F8012F0A
:1026B000D8F804003146FFF713FE10EE100A38EE8A
:1026C000008AFDF721FF2A7897F8363E01348246CA
:1026D0008B46CDE900328021314A2F482346CDE98F
:1026E00002AB08F0EBFC81B22B4800F089F997F8B7
:1026F000363EE2B2934206F5FA66D7D807EE903A34
:10270000B8EE677AC8EE077A07F56462254E224C68
:10271000C2ED007AD7F83C2E1344C7F83C3E17EEC2
:10272000900A0293FDF7F0FE1F4ACDE900018021D7
:10273000194808F0C3FC81B2174800F061F906F1AE
:10274000300735460FCDBD4204F1100406F11006E6
:1027500044F8100C44F80C1C44F8082C44F8043CD1
:10276000EFD103CE33882381B37820606160A372F8
:1027700009483A2100F044F9032388F8003004B0F6
:10278000BDEC028BBDE8F08D9FED047AB0EE478A78
:10279000B8E700BF34DF0008F4610120000000004A
:1027A0006CDF0008DCDF00089CDF00080378012BE9
:1027B00000D9704730B5124DDFF84CE083B0844645
:1027C0002C460FCCCEF80C300E4BCEF800009C42BD
:1027D0000EF1100E05F110054EF80C1C4EF8082CE9
:1027E000EED12868CDF804C02321CEF800000648B9
:1027F00000F006F9019B03221A7003B030BD00BF40
:1028000018E0000838E00008F461012010B544F633
:102810002C62044600210C3008F0C6FC0023237013
:10282000DFF840C0DFF840E004F58044A4F8453EFE
:10283000BCE80F00CEF80000CEF80410BCE803009E
:10284000CEF80C30BCF80030CEF81000CEF81410E2
:10285000CEF80820AEF8183070461921BDE81040B7
:1028600000F0CEB83CE00008F461012030B50378F8
:10287000052B00F5804496BF154A164B52F82330BD
:1028800094F8462E89B004F56461054608680592FF
:1028900094F8442E07930492FDF736FECDE9020129
:1028A000D4F83C0ED4F8381E079B0B4ACDE9001033
:1028B00080210A4808F002FC011E03DD074889B2A6
:1028C00000F09EF8686809B0BDE83040FFF768BDC9
:1028D00070EE000800DE000858E00008F4610120F6
:1028E00038B503780446052B72D8DFE803F00505F8
:1028F000343803060023037038BD00F580453A4A9A
:1029000095F8453E3948802108F0D8FB81B2374818
:1029100000F076F844F62C62002104F10C0008F077
:1029200043FCDFF8D8C000232370A5F8453EBCE87F
:102930000F002E4C20606160BCE80300E360BCF82F
:10294000003020616161A260238320461921BDE827
:10295000384000F055B8BDE83840FFF787BE244D39
:10296000DFF888C0AE46BEE80F00CCF80C30214B33
:10297000CCF800009E450CF1100C05F110054CF848
:102980000C1C4CF8082CEDD12B4607CB1B78CCF84F
:102990000000CCF80410CCF808208CF80C30134858
:1029A0003C2100F02DF804F5804044F62C62D0F86C
:1029B000383E0133C0F8383E002104F10C0008F025
:1029C000F3FB002323702046BDE83840FFF74EBFDD
:1029D000094A0648802108F071FB81B2034800F0E3
:1029E0000FF80523237038BDE8E00008F4610120EA
:1029F000A8E00008D8E0000818E100083CE0000862
:102A00000A4664230146014803F0EEBC1061012030
:102A100010B5104805F0DAFCDFF844E0DFF83CC000
:102A2000BEE80F00ACE80F00BEE80F00ACE80F00F6
:102A30009EE803004CF8040B2CF8021B4FEA114EE1
:102A40008CF800E0BDE810400348044964232622C6
:102A500003F0CABCC460012010610120F4610120B0
:102A600078E10008C1B100EB8101B1EE407A03E0EA
:102A700000ED010A81420FD0F0EC017AF4EEC07A49
:102A8000F1EE10FAF4DCF4EEC77AF1EE10FAF1D5BB
:102A9000814200ED017AEFD1704700BFF0B583B0FD
:102AA000EFF30884324EDFF8F0E0DFF8D4C0314DA8
:102AB000331B0193BEE80F00ACE80F009EE80F0047
:102AC000ACE807001C228CF80030ACF11C01642338
:102AD000294803F089FC3346284A2948802108F018
:102AE000EDFA274924486423212203F07DFC234684
:102AF000244A2348802108F0E1FA21491E48642332
:102B0000212203F071FC2B461F4A1D48802108F04A
:102B1000D5FA1B4918486423212203F065FC019B68
:102B20001A4A1748802108F0C9FA671B82B2144973
:102B30001148642303F058FC3B46154A1048802195
:102B400008F0BCFA0E4982B264230B4803F04CFC37
:102B5000104A0B484FF4FA43802108F0AFFA0849B5
:102B600005486423222203B0BDE8F04003F03CBCDA
:102B7000000002203C9B012010610120C0E1000800
:102B8000F4610120E0E1000800E2000820E2000812
:102B900044E2000868E20008A0E1000800B9024829
:102BA000024B1860704700BFEFBEADDE0000002092
:102BB000074A08481168084B00FB013300EE103A41
:102BC000BBEEE00AF7EE007A30EE670A136070475A
:102BD000000000200D6619005FF36E3C00B5DFF8C1
:102BE00088C003689CF80020072A83B01ED8511CB7
:102BF000C9B28CF80010DFF874C04CF82200DFF87E
:102C000060C0154A0820CDE90010002B08BF6346BC
:102C10008021124808F052FA011E02DC012003B0A4
:102C200000BD0E4889B2FFF7EBFEF7E70C490D4AED
:102C30000A48002B08BF0B4600938021082308F0A8
:102C40003DFA011E02DC002003B000BD034889B23A
:102C5000FFF7D6FE0020F7E7ECE20008F461012060
:102C600088E200088CE2000874620120786201208A
:102C700070B5084E33785BB1074D002455F8043F1A
:102C80005B6803B1984732780134E3B29A42F5D8D1
:102C900070BD00BF746201207462012070B5084EDF
:102CA00033785BB1074D002455F8043F9B6803B1AE
:102CB000984732780134E3B29A42F5D870BD00BF2C
:102CC0007462012074620120014B1878704700BFC4
:102CD000746201200120704730B51B4B1B7885B012
:102CE0001BB90125284605B030BD13460C464FF4EC
:102CF000FA620146009215480393224605F012FE3F
:102D0000039B054688B902F081FD04460F4806F092
:102D1000CFFA0428E6D002F079FD001BB0F5FA6F77
:102D2000F4D90225284605B030BD094A0093802118
:102D30002346084808F0C2F981B20648FFF760FE52
:102D40000325284605B030BD986201209C62012011
:102D500018E30008F461012030B51B4B1B7885B0E7
:102D60001BB90125284605B030BD13460C464FF46B
:102D7000FA620146009215480393224605F0D4FEFC
:102D8000039B054688B902F041FD04460F4806F052
:102D90008FFA0428E6D002F039FD001BB0F5FA6F77
:102DA000F4D90225284605B030BD094A0093802198
:102DB0002346084808F082F981B20648FFF720FE52
:102DC0000425284605B030BD986201209C62012090
:102DD0004CE30008F461012000B589B0054869465C
:102DE00006F0ACF910B9069809B000BD002009B092
:102DF00000BD00BF9C62012010B58CB0314804A911
:102E000006F09CF900283AD1049B002B33D12E4BBD
:102E1000DDE90A010191A0FB0112090D41EA02312D
:102E200002912A4A00908021294808F047F981B28E
:102E30002748FFF7E5FD274A049B2548802108F035
:102E40003DF981B22248FFF7DBFD234A0A9B204867
:102E5000802108F033F981B21D48FFF7D1FD8021B0
:102E60001E4A1B480B9B08F029F981B21848FFF74E
:102E7000C7FD0CB010BD012B21D0194BC8E7194C70
:102E8000DFF84CE0A446BCE80F00CEF80C30164B3F
:102E9000CEF800009C450EF1100E04F110044EF81F
:102EA0000C1C4EF8082CEDD12068A388CEF8000049
:102EB00025210748AEF80430FFF7A2FDD9E70B4BF8
:102EC000A6E700BF9C62012080E30008BCE3000885
:102ED000F4610120FCE3000818E4000834E4000871
:102EE00000DE000894E30008B4E3000888E300086B
:102EF000F0B55F4E33788BB0002B40F085805D4C91
:102F00005D4800250195236B43F004032363236B85
:102F100003F004030193019B0295236B43F0080324
:102F20002363236B03F008030293029B0395636CF6
:102F300043F400636364636C03F4006303934FF42E
:102F4000F8520223CDE9042301220323CDE906230D
:102F500004A90C230893039A042702F0B3FF4748FF
:102F6000049704A902F0AEFF29468022444808F0E5
:102F70001BF9434A434B42F8043C101F762353612C
:102F800006F0BEF80546D8B93F484FF400618561A8
:102F900006F0E6F802F03AFC044605E002F036FCE2
:102FA000001BB0F5FA6F43D8374806F081F90428C2
:102FB000F4D101233370FFF71FFF28460BB0F0BD9B
:102FC000324D334E0FCD30607160B26007CDF3608B
:102FD0002B8830617161B3833046AB78B3771E21A3
:102FE000B261FFF70DFD24484FF4F85103F07EF86D
:102FF0002248394603F07AF8636C012523F4006314
:10300000284663640BB0F0BD1F4805F077FC1A48F2
:103010004FF4F85103F06AF80421184803F066F8F9
:10302000144A536C002123F400635364317066E743
:10303000184E174D06F1300734460FCCBC4205F14F
:10304000100506F1100645F8100C45F80C1C45F863
:10305000082C45F8043CEFD103CE33782860696032
:103060002B720B483821FFF7CBFC0225A5E700BFE8
:10307000986201200038024000080240000C024023
:10308000A0620120002C01409C62012050E4000855
:10309000F461012070E4000808B10120704708B510
:1030A000FFF718FE28B9084B03221A701878C0B22F
:1030B00008BDFFF71DFF044B003818BF0120187032
:1030C0001878C0B208BD00BF0400002008B101207C
:1030D000704708B5FFF7FEFD044B18B91A7842F0A7
:1030E00002021A701878C0B208BD00BF04000020A8
:1030F00078B909480078C00709D408B508461146D0
:103100001A46FFF7E9FD003818BF012008BD03206B
:1031100070470420704700BF0400002078B90948B8
:103120000078C00709D408B5084611461A46FFF7CB
:1031300013FE003818BF012008BD0320704704208B
:10314000704700BF0400002050B9134B187810F0EE
:1031500001031DD1032903D8DFE801F00309150598
:10316000042318467047012111601846704700B5C6
:1031700083B0CDE90023FFF72FFE009A019B10607A
:10318000184603B000BD4FF4007111801846704717
:1031900003231846704700BF0400002090F8283031
:1031A000002B36D010B590F8333086B0044613B9F2
:1031B000002006B010BD90F83230C16A03EB8302E4
:1031C00003EB421319444FF0000C91F8A020CDF806
:1031D00014C005AB039101F033FD28B90399059B99
:1031E00091F8A0209A4216D0D4E91031144ACDE9C2
:1031F00000108021134807F061FF011E03DD114814
:1032000089B2FFF7FDFBE36B01200344E36306B0E3
:1032100010BD0020704794F8323094F8302001330C
:10322000B3FBF2F102FB113384F83230626B94F895
:1032300033300132013B626384F83330B8E700BFBA
:10324000ACE40008F46101202DE9F041244F94B072
:1032500005460E469046012401E0BC4232D0CDE93D
:103260000064204A2B46302108A807F027FF02A956
:1032700008A801F059FE042804F10104EDD106224A
:1032800008A9404601F0E6FB70B100908021164A83
:10329000164808AB07F012FF81B21448FFF7B0FBE5
:1032A000002014B0BDE8F081114A104808AB80211D
:1032B00007F004FF81B20D48FFF7A2FB012014B014
:1032C000BDE8F08180210B4A08482B4607F0F6FE46
:1032D000011EE5DD054889B2FFF792FBE0E700BF7C
:1032E000A0860100E0E40008F0E40008F461012099
:1032F00024E5000850E500082DE9F047454FB2B03D
:10330000012545494548012201F07CFB0D2840D0AC
:10331000002873D197E807000DF1280888E8070016
:1033200044460DF1340A2668304601F025FE10F0BF
:10333000F70904F1040400F085800090384A394808
:103340003346802107F0BAFE00285DDC03242B46BB
:10335000354A34480094802107F0B0FE31483E21C0
:10336000FFF74EFB314A13683220013301351360F9
:1033700002F052FA042DC4D12D4A2A482346802156
:1033800007F09CFE2748512132B0BDE8F047FFF717
:1033900037BB43222749234807F085FF21484221B4
:1033A000FFF72EFB4FF4007300931B48224B0022C3
:1033B000012101F0DDFE002840F04881DFF880C0E7
:1033C000184E0CF1300E64460FCC744506F1100611
:1033D0000CF1100C46F8100C46F80C1C46F8082CA2
:1033E00046F8043CEFD10F482F21FFF709FB0A49AB
:1033F0000A48012201F006FB00288BD00F4A034641
:103400000848802107F05AFE81B20648FFF7F8FA13
:103410009CE700BF40D7000818DC00086065012069
:1034200094E60008F46101207CE900082065012091
:10343000C0E9000898E500082063012064E6000860
:1034400034E6000854457FF46EAF854B8549864AC3
:10345000864801241C70FFF7F7FE00283FF476AF82
:10346000834A84498448FFF7EFFE00283FF46EAF9B
:103470008249834A0846FFF7E7FE00283FF466AF1B
:103480007F4B804E83F82840774BCDF8189083F817
:1034900028407D4B1C700FCE45460FC50FCE0FC583
:1034A00096E8070003C506AB2A70414628226E48FD
:1034B000764D01F0C5FB10230322CDE90032A02197
:1034C000734A4FF4FA73404607F0F8FD06AB292221
:1034D0004146654801F0B4FB64236E4A01940093B1
:1034E000A0214FF4FA73404607F0E8FD06AB4122F5
:1034F00041465D4801F0A4FB0A23029356A3D3E999
:1035000000230394CDE90023A021634A404607F03D
:10351000D5FD06AB02464146534801F091FB5F4999
:103520006C22404607F0BFFE06AB6B2241464E4878
:1035300001F086FB4C4801F083FC0FCD44460FC4DC
:103540000FCD0FC40FCD0FC495E8030044F8040B52
:1035500024F8021B090C21704548CDF8149005ABE6
:103560003622414601F06CFB4B464D4A102106A81D
:1035700007F0A4FD09F10109024605AB3C4806A984
:1035800001F05EFBB9F5FA7FEED105AB454938484D
:10359000454D464E022201F053FB354801F050FCE8
:1035A00000210691424A6423A021404607F086FD8F
:1035B00006AB41462622324801F042FB0FCD44467D
:1035C0000FC40FCD0FC40FCD0FC495E80F0007C473
:1035D00024F8023B1A0C374D227006AB41463E22BE
:1035E000274801F02DFB0FCD44460FC40FCD0FC46B
:1035F00095E8070003C406AB227041462822204804
:1036000001F01EFB2C494F22404607F04CFE06AB52
:1036100041464E221A4801F013FB0FCE45460FC516
:103620000FCE0FC596E8070006AB03C541462280C2
:103630001348292201F004FB114801F001FC02F0BB
:10364000E5F81E4B186032B0BDE8F0871C4A03460F
:10365000D6E600BFAFF3008000000040E17A843F6F
:103660005C650120C8E600085C000020CCE600088C
:1036700030650120D4E60008D8E60008E0E600083E
:1036800014000020E4E600082C6501202CE8000866
:1036900010E700083CE7000880E70008C0E70008E2
:1036A00064E8000820E5000894E8000850E90008F4
:1036B0006CE80008D4E8000800E90008586501201B
:1036C000DCE5000870B5151E044627DB9F2D2A4651
:1036D00020D82E4694F83100E36A00EB800C00EB12
:1036E0004C10181807F0DFFD0022425580F8A0604A
:1036F00094F8313094F830200133B3FBF2F102FB3F
:10370000113384F8313094F833300120034484F8C5
:10371000333070BD9F2632463546DBE70026324601
:103720003546D7E72DE9F047294C2478BAB02CB1BB
:10373000284C94F828C0BCF1000F03D101203AB006
:10374000BDE8F087814612EE100A11EE908A11EE64
:10375000107A10EE906A10EE105A0E9311928A466B
:10376000FCF7D2FECDE90C014046FCF7CDFECDE9D9
:103770000A013846FCF7C8FE119A0692CDE9080105
:103780003046FCF7C1FECDE904012846FCF7BCFE3B
:103790004B46CDE90201104ACDF800A0A02112A8A5
:1037A00007F08CFC94F8333094F83010994208D923
:1037B000024612A92046FFF785FF00203AB0BDE877
:1037C000F087A36B04200133A3633AB0BDE8F08710
:1037D0005C6501205C00002014EA000870B5194CFB
:1037E0002478AEB02CB1184C94F828C0BCF1000F6E
:1037F00002D101202EB070BD054610EE100ACDE9B1
:1038000004230E46FCF780FE2B46CDE902010F4A49
:103810000096A02106A807F051FC94F8333094F8E4
:103820003010994207D9024606A92046FFF74AFF01
:1038300000202EB070BDA36B04200133A3632EB013
:1038400070BD00BF5C6501205C00002040EA0008FC
:103850002DE9F04F2C4C2478B9B02CB12B4C94F8B6
:1038600028C0BCF1000F03D1012039B0BDE8F08FB2
:10387000824612EE900ACDE90E2312EE109A11EE56
:10388000908A11EE107A10EE906A10EE105A8B4664
:10389000FCF73AFECDE90C014846FCF735FECDE9D0
:1038A0000A014046FCF730FECDE908013846FCF736
:1038B0002BFECDE906013046FCF726FECDE90401DA
:1038C0002846FCF721FE5346CDE90201104ACDF807
:1038D00000B0A02110A807F0F1FB94F8333094F861
:1038E0003010994208D9024610A92046FFF7EAFE97
:1038F000002039B0BDE8F08FA36B04200133A3632F
:1039000039B0BDE8F08F00BF5C65012014000020D5
:1039100060EA00082DE9F04FDFF8C0C191B09CF8D3
:1039200000C0BDF86CB0BCF1000F00F0AD80DFF856
:10393000B0C19CF800C0BCF1000F00F0A5801A9C3B
:10394000002C00F09C801646002203921F46584A25
:1039500003460D4604A8302111EE10AA10EE909AED
:1039600010EE108A07F0AAFB03AB024604A95148E7
:1039700001F066F90346002874D14D4A2B463021E8
:1039800004A807F09BFB03AB024604A9494801F0D9
:1039900057F90346002865D1474A0097334630213E
:1039A00004A807F08BFB03AB024604A9414801F0D1
:1039B00047F90346002855D14046FCF7A5FD3F4A8C
:1039C000CDE90001302104A807F078FB03AB0246E3
:1039D00004A9384801F034F90346002842D148468A
:1039E000FCF792FD354ACDE90001302104A807F02B
:1039F00065FB03AB024604A92E4801F021F90346FA
:103A000000282FD15046FCF77FFD2D4ACDE900015B
:103A1000302104A807F052FB03AB024604A9254855
:103A200001F00EF90346E8B9BBF1000F31D01A9A44
:103A300002EB8B0501E0AA422BD010681446FCF77C
:103A400063FD204ACDE90001302104A807F036FBD0
:103A500003AB024604A9174801F0F2F8221D034601
:103A60000028E8D0184A1948802107F027FB81B2C6
:103A70001648FEF7C5FF164A136801331360032387
:103A8000184611B0BDE8F08F0123184611B0BDE80B
:103A9000F08F03AB0F490748022201F0D1F803462B
:103AA0000028DFD10C490A6801320A60EDE700BF47
:103AB00090EA00083065012098EA0008A0EA0008B2
:103AC000A8EA0008B0EA0008B8EA0008F46101209A
:103AD0002465012020E50008286501205C6501209F
:103AE0002C65012008B5114890F828303BB91048E2
:103AF00090F8283073B90F4B1B788BB908BD01F0D3
:103B00009FF901F083FE0C4B1860094890F82830AB
:103B1000002BF0D001F094F9064B1B78002BEDD070
:103B2000BDE80840054801F08BB900BF5C000020EB
:103B3000140000202C65012058650120306501200B
:103B40001A4B93F8282002B9704710B51846FFF7B2
:103B500025FB04461648FFF721FB2043C0B248B9B5
:103B600001F054FE134A126841F28733801A9842DA
:103B700018D810BD0D4B1049002283F82820184694
:103B80000B4B0A7083F828200C4B1A7001F0B8F91F
:103B9000074801F0B5F90A4801F0B2F9BDE8104054
:103BA000FFF7AABBBDE81040FFF79CBF5C000020F8
:103BB00014000020586501205C6501202C6501205F
:103BC0003065012000283FD010B42049204A4B6BBB
:103BD00003608B6B4360CB6B8360536B4361946B6F
:103BE000DFF878C08461D46BC461DCF80040DFF892
:103BF00070C0184BC460DCF80040DFF868C01B7868
:103C00000461DCF8004004623BB910BC80F8243049
:103C100080F8263080F82530704791F828300E491A
:103C2000003B18BF012380F8243092F828200B783D
:103C3000003A18BF0122003B18BF012310BC80F8D6
:103C4000262080F825307047704700BF5C000020B8
:103C5000140000205C6501202C65012028650120EE
:103C60002465012020650120016881B191F800C020
:103C7000BCF1200F13D90A46634603E012F8013F56
:103C8000202B0CD93A2BF9D1BCF1300F02D04FF0D8
:103C9000FF30704701318A42F9D1013202600020C1
:103CA000704700BF48B10268034632B1107820B1B6
:103CB000B3F804C0D088844503D0002309200B60EA
:103CC000704700B583B05078CDE90013FFF7FEF9D7
:103CD00010F00100009904D1019B1B680B6003B038
:103CE00000BD092000230B6003B000BDC3780BB9F1
:103CF0000020704770B582B0C26A019200F13001B5
:103D00000446012340780E46FFF708FAC8B9216A35
:103D1000019AA369E070511A99420FD2A578012D3A
:103D200002D80BE0A369019A60781A443146012356
:103D3000013D0192FFF7F2F9012DF3D1002002B00D
:103D400070BD012002B070BD70B582B00546FFF7AE
:103D5000CDFF50B92B78032B09D00022687811468B
:103D6000FFF7F2F9003818BF012002B070BD2B79BF
:103D7000012BF2D104464FF4007205F130002146C8
:103D80000193064607F010FA4AF65522A5F82E22AE
:103D90000C4A2A6302F1FF5202F500522032C5F8A4
:103DA0001422EA68C5F81C22EA692869C5F81802D5
:103DB0000132019B6878EA623146FFF7AFF92C7156
:103DC000CBE700BF525261410A46C16A914201D11C
:103DD0000020704710B582B004460192FFF786FFBD
:103DE000019A08B102B010BD6078012304F13001DE
:103DF000FFF77EF9019A10B101204FF0FF32E26225
:103E000002B010BD4FF0000C30B563462E25C469DA
:103E10005A1CE35C202B01EB0C0E08D0052B08BFCD
:103E2000E523092A18D08EF809300CF1010C0B2A71
:103E300001D01346EBE78C4400238CF80930C369AA
:103E4000DB7A0B72C369DB690B60C369D3F8163088
:103E5000CB801B0C8B8030BDE64601EB0C048E44FE
:103E600065720CF1020C8EF80A301346CFE700BFE2
:103E700030B54FF0FF350023A94283B00446C3702C
:103E8000C56222D1B4F82E224AF655239A422AD18D
:103E900094F83030E92B08D0EB2B02D0022003B08D
:103EA00030BD94F83230902BF8D1D4F86630114AF6
:103EB00023F07F4393421BD0D4F882000E4BC01AEC
:103EC00018BF0120400003B030BD0A460191407880
:103ED000012304F13001FFF70BF9019A30B10420FE
:103EE000E56203B030BD032003B030BDE262C9E734
:103EF0000020E8E746415400464154332DE9F041A3
:103F0000002386B00B6001911546FFF7ADFE01302E
:103F100000F0B9808D4B1C68002C00F0BC8001992A
:103F20000C60237805F0FE0563B16078FFF7CEF8EA
:103F3000C60707D415B1410700F1A980002006B0DB
:103F4000BDE8F08100202080FFF7A6F8C20700F14D
:103F50008E8015B1430700F19A8000212046FFF7BB
:103F600087FF022868D0042800F09780012898BFB6
:103F7000002178D8B4F83B30B3F5007F73D1B4F8A2
:103F8000460000B9606D94F84020A061531E012BDB
:103F9000A27068D894F83D306381002B63D05D1E19
:103FA0001D4260D1B4F841E0A4F808E01EF00F0F04
:103FB00059D1B4F8435005B9256DE68F002E52D083
:103FC00000FB02F206EB1E1C944465454BD3A5EBA7
:103FD0000C059D4247D3B5FBF3F54FF6F577731803
:103FE000BD420CEB0106B04605F1020C57D9236225
:103FF000B4F85A30A6625EEA0303C4F814C0E16163
:1040000031D14FEA8C0303F2FF13E26D6262B0EB31
:10401000532F28D3B4F860204FF0FF338020012ABB
:10402000C4E90333207170D00323494A23701388F5
:1040300001331380E38081E702AD04F5F77304F2E6
:104040002E2029461A7902B19A6841F8042B1033C0
:104050009842F7D12968032069B9043506AB9D421F
:10406000F8D1042819D00D2006B0BDE8F081032056
:1040700006B0BDE8F08120460191FFF7F9FE012866
:104080000199EAD876E70B2006B0BDE8F0810A2056
:1040900006B0BDE8F0810C20E6E70120E4E740F639
:1040A000F576B542E161C4F82880C4F814C02362F3
:1040B00013D9BEF1000FD6D04FEA4C011A4401F2D9
:1040C000FF13B0EB532F6262CDD34FF0FF3380224A
:1040D000C4E9033322710223A7E7BEF1000FC2D067
:1040E00013440CF0010202F2FF120CEB4C0C02EB39
:1040F0005C02B0EB522F6362B5D34FF0FF338022E6
:10410000C4E90333227101238FE701312046FFF711
:104110005BFE002888D1B4F82E2220714AF6552380
:104120009A4281D1226B0B4B9A427FF47DAF03F10F
:10413000FF53D4F8142203F5005320339A427FF43E
:1041400073AFD4F8183223616EE700BFE499012001
:10415000E0990120525261412DE9F0410378022B90
:1041600082B004460D4616463ED0032B2AD0012BC2
:104170004FD1026A01EB510102EB51220F46C16A95
:104180008A424AD100F13001781C15F00102C7F3D0
:1041900008039046074673D0CA5C02F00F0242EA59
:1041A0000612CA540123256AE370E36A05EB502521
:1041B0009D426ED1C0F308031944330901220B70EC
:1041C000E27022E0026AC36A02EBD1129A4244D141
:1041D00000F13001AD0005F4FE7501224B5966F384
:1041E0001B034B51E27010E0026AC36A02EB11221A
:1041F0009A421ED100F130016D0005F4FF754A1995
:104200004E550123310A5170E370002002B0BDE821
:10421000F081022002B0BDE8F081CDE90032FFF765
:1042200065FDDDE90032002858D0012002B0BDE86C
:10423000F0810092FFF75AFD009A0028F5D104F1B1
:10424000300160780123CDE90012FEF751FF00280C
:1042500040D1019A0099E262CEE70092FFF746FD55
:10426000009A0028E1D104F1300160780123CDE902
:104270000012FEF73DFF68BB019A0099E262A9E7D0
:10428000CE540123256AE370E36A05EB5025AB4267
:1042900016D020460091FFF729FD00990028C4D1CF
:1042A000607801232A46FEF723FF98B90099E5625A
:1042B000C7F308031944B8F1000F7FF47EAF02E0A2
:1042C000C0F3080319440B78C6F3032223F00F034D
:1042D000134373E74FF0FF33E362A6E704F13001C5
:1042E00060780091FEF704FFDDE900120028F1D1AB
:1042F000E26249E701292DD9426991422AD22DE98A
:10430000F0410378022B82B005460E4632D0032BD3
:1043100022D0012B3AD101EB5104016AD0F82CC014
:1043200001EB5422624535D1C4F308032B44621CCF
:1043300093F83030174601EB5222624528469846E2
:1043400066D00092FFF7D2FC009A002857D04FF0B9
:10435000FF301CE001207047026AC36A02EBD112F1
:104360009A423CD1B10001F4FE716B18186B20F039
:1043700070400CE0026AC36A02EB11229A421ED11D
:10438000730003F4FF73EB18188E00E0012002B0F5
:10439000BDE8F081CDE90023FFF7A8FCDDE90023AB
:1043A0000028D4D16878009205F13001FEF7A0FE14
:1043B000009A002839D1296AEA629446B4E700924B
:1043C000FFF794FC009A0028C1D16878012305F119
:1043D0003001FEF78DFE40BB009AEA62D0E7009202
:1043E000FFF784FC009A0028B1D16878012305F119
:1043F0003001FEF77DFEC0B9009AEA62B2E7687844
:10440000012305F13001FEF773FE70B9009AEA62EC
:10441000C7F30803EB1893F8303048EA0320F3079A
:104420004CBF0009C0F30B00B1E74FF0FF33EB6264
:104430008DE700BF38B5816805680023036129B99D
:104440002B78022B19D96B6ABBB119466B8903BB58
:104450000446284605E001280DD96B6998420AD226
:104460002068FFF747FF431C0146F4D1012038BD07
:104470000023C0E90513022038BD2B89002BFAD098
:104480006B6AC0E90513002BF5D03035C5610020FB
:1044900038BD6A698C1E023A9442E9D2AA6A04FBCA
:1044A0000323EEE701293AD9F8B505686B698B4219
:1044B0000E4625D91146074622BB284611E0FFF7D4
:1044C0004BFEF0B9D5E90432911E8B4205D2297911
:1044D000013341F001012B612971A24221D93868D1
:1044E00026463146FFF706FF04460022314628469D
:1044F000BCB1012C04D0631C15D06B699E42DED385
:104500000220F8BD012AFBD09342F9D94FF0FF32C7
:104510002846FFF721FE0028F3D13868E1E70220A2
:1045200070470020F8BD0120F8BD00BF2DE9F04123
:1045300006460768884600293BD1FD687B69002D47
:1045400035D09D4228BF01252C4606E001284FD0DA
:10455000013051D0AC4239D07B6901349C4202D346
:10456000012D33D0022430682146FFF7C3FE002816
:10457000ECD1012C3CD97B699C4239D24FF0FF32FF
:1045800021463846FFF7E8FD80BBB8F1000F21D186
:10459000D7E90423023B9A42FC6001D8013A3A6110
:1045A0003B7943F001033B712046BDE8F0810125D2
:1045B000CAE73846FFF79EFE0128044618D9431C77
:1045C0001AD07B698342EFD84546BDE700242046D8
:1045D000BDE8F081414601290AD07B69984507D2A0
:1045E00022463846FFF7B8FD0028D1D0012803D075
:1045F00001242046BDE8F0814FF0FF34D4E700BF2E
:10460000826992B32DE9F04F04692034B4F5001F9C
:1046100083B026D20D4601680346C4F308008946DC
:10462000074648B101F1300808EB07021C61DA6166
:10463000002003B0BDE8F08F596901329A6149B199
:10464000B9F80A20013A12EA542292460FD009F131
:104650003008E9E7B9F80820B2EB541FF7D8002278
:104660009A61042003B0BDE8F08F042070474846EB
:104670000093FFF73FFE0128009B834619D9B0F154
:10468000FF3F5ED0D9F81420824214D9861E09F16A
:104690003008C3F814B0D9F81420023AB24205D950
:1046A000B9F80A10D9F8282006FB012AC3F818A087
:1046B000BAE70220BDE7002DD1D059690093184612
:1046C000FFF734FF0546834600283CD00128F0D090
:1046D000431C36D04846FFF709FB014688BB09F169
:1046E00030004FF400728046019106F05DFDD9F86C
:1046F0001420B9F80A00009B023AAE1E964236BF5B
:10470000D9F82820019A06FB0022C9F82C20E0B134
:1047100000210BE00099D9F82C20B9F80A00019B80
:10472000013101328842C9F82C200FD94FF0010223
:1047300089F803204846CDE90013FFF7D7FA00288F
:10474000E8D0012075E7072073E70146521AC9F83F
:104750002C209EE72DE9F04F036883B01A468A4665
:1047600011F8013B2F2BFAD05C2BF8D0002383608B
:104770009AF800301F2B40F2CC806E4F044600F1B7
:1047800020094FF020369046C9F80460C9F800604F
:10479000C9F807609AF80030202B0CD9D6460025BE
:1047A0004FF0080C01202F2B63D05C2B61D02E2BF7
:1047B00005D0654540D3062003B0BDE8F08FBCF1BD
:1047C0000B0FF8D008254FF00B0C1EF8013F202BE3
:1047D00000F10100E7D8824494F820202568E52AFA
:1047E00004BF052284F82020202B8CBF0023012346
:1047F0009B0084F82B302046FFF71CFE0028DBD1FD
:1048000005F130030193D4F818B0EB6A9B453FD013
:104810002846FFF76BFA0028CED10199687801236A
:104820005A46FEF765FC002830D04FF0FF330120D8
:10483000EB6203B0BDE8F08F190602D53E4A803B1B
:10484000D35C3E4A2221994210D012F8011FBA428D
:10485000F9D1A3F16101A3F12002C9B2D2B21929A1
:1048600098BF134609F805300135AEE7002BF0D0AC
:10487000A1E70AEB000211782F29924602F101020A
:10488000F9D05C29F7D0002DA6D194E7C5F82CB05B
:10489000E1690B78002B44D091F80BB00BF03F038B
:1048A000A371C87A10F008000AD000212046FFF753
:1048B000A7FE0028A7D0042894F82B3033D07BE73C
:1048C0004A1E04F11F0C0A3101E0002BEDD112F851
:1048D000013F1CF801EF8A42A3EB0E03F5D1002B38
:1048E000E3D194F82B305A073FF566AF1BF0100F59
:1048F0001BD0226998F80010C2F3080208F13003B7
:10490000134403295A8B04BF9B8A42EA0342A260E4
:104910003AE7802380F82B3003B0BDE8F04FFFF773
:1049200089BD94F82B305B0701D4052044E70420AF
:1049300042E700BF0AEB0008A8EE0008FCEA000806
:1049400070B582B006680446FFF774FD054698B955
:10495000A269F36A9A42304611D1E0690378E52BE7
:1049600015D001219BB12046FFF74AFE03460028DF
:10497000EED0042809D10725284602B070BD019267
:10498000FFF7B4F9019A034618B31D46F4E7A2698C
:10499000F36A9A4213D12022002106F005FCE26955
:1049A00004F12003013A2B3413F8011B02F8011F14
:1049B0009C42F9D101232846F37002B070BD304605
:1049C0000192FFF793F9019A68B10125284602B0D8
:1049D00070BD7078012306F13001FEF789FB019A62
:1049E00048B9F262B9E77078012306F13001FEF7A9
:1049F0007FFB019A18B14FF0FF33F362E5E7F262F3
:104A0000E069C8E710B584B01446019003A800918E
:104A10000391FFF729F9013016D00D490B680BB14E
:104A200000221A70019B6BB10022012C1A700B60DE
:104A300002D0002004B010BD01A96846FFF75EFA5D
:104A400004B010BD0B60F4E70B2004B010BD00BF34
:104A5000E49901202DE9F0478EB00191002800F083
:104A600094801546064602F03F0802A902F03F0274
:104A700001A8FFF743FA044628B10023336020461B
:104A80000EB0BDE8F087029B8DF812000A900199E4
:104A9000039303A81F46FFF75DFE05F01C030028E3
:104AA00035D19DF93720824274DB9DF81200DDF884
:104AB00028908BB310F0110F6ED169077FD42A07AD
:104AC00030D55E4BC9F80E30C9F81630202389F86E
:104AD0000B303B78B9F81A10032B04BFB9F8143027
:104AE00041EA03414FF00003A9F81A303A78032A4B
:104AF0004FF0000208BFA9F81430C9F81C200123A8
:104B0000FD6AFB7000295CD148F040080BE00BB156
:104B1000042845D00446B0E7C3063FD4AD0701D50D
:104B2000C10739D4FD6AC6E908593B78B9F81A10AB
:104B3000032B04BFB9F8143041EA0341B160D9F83E
:104B40001C50F5603760FB88B38018F0200F4FF0E1
:104B5000000386F810807374F36173618FD0002DA9
:104B60008DD075617B895B029D4242D9306800938C
:104B7000FFF7C0FB009B01280146A5EB03051BD9ED
:104B8000421CF1D1B061012477E7092420460EB020
:104B9000BDE8F087062470E707246EE704246CE77D
:104BA00003A8FFF7CDFE0028B4D19DF81200DDF870
:104BB000289048F0080884E7B06102245DE70824E3
:104BC0005BE78DF8120003A80091CDF82890FFF75D
:104BD00069FC009900289DD1FA6AAA4201F1FF3AC6
:104BE00038461CD0FFF782F80123D8B1C7F80CA0D3
:104BF000C9E7C5F30803B161002B3FF440AF7B69FF
:104C00000239023B9942D8D27A89BB6A01FB02334E
:104C1000002BD2D003EB5523F36130E7FD62C7F8D8
:104C20000CA071E778782A4607F13001FEF760FAA8
:104C30000028F3D04FF0FF33FB62D7E70000214A92
:104C40002DE9F04F984685B000230F46C8F8003094
:104C500003A904461546FFF725F8002854D1607CC7
:104C6000002852D1227C910740F1C1806369EB4258
:104C700028BFDD43002D00F0A1808346C3F3080A5E
:104C8000039EBAF1000F43D17289013A12EA532A06
:104C90000ED1002B40F08980A068002800F0A98088
:104CA000012871D0431C3DD0A368A06103B9A06066
:104CB000F26AE3699A4200F09380A3697269023B49
:104CC000023A934260D27189B26A01FB0322002A40
:104CD0005AD06B0A0AEB02095ED00AEB0300884245
:104CE00088BFA1EB0A03707801934A463946FEF764
:104CF00015FAB8B9F16A019BA1EB09029A42C0F01A
:104D00008F804FEA432A2CE0092005B0BDE8F08FE0
:104D1000D4F81C90F36A4B450CD03046FEF7E6FF02
:104D200000284FD04FF00109484684F8119005B093
:104D3000BDE8F08F534606F13001CAF5007AAA4566
:104D400001EB030228BFAA46013A07EB0A003B46E3
:104D500013F8011B02F8011F9842F9D14FF001032B
:104D6000F3706369E26853449A4238BF1A4663613C
:104D7000E260D8F80030B5EB0A055344C8F80030BB
:104D80001AD06369574479E74FF00209484684F81E
:104D9000119005B0BDE8F08F6369E1688B4230D2B5
:104DA000C4F81C90C3F3080AB4E7A1692046FFF7D2
:104DB000BDFB00287FF474AF227C584642F04002CD
:104DC0002274A2E706F130017078019101234A466E
:104DD000FEF78EF90199E8B14FF0FF33F362A1E7D6
:104DE0003046FEF783FF00283FF467AF9AE70720BD
:104DF0008BE751462046FFF799FB00287FF450AF20
:104E0000DAE73046FEF772FF00288BD1C6F82C9007
:104E10006369C5E7C6F82C906369C3F308038CE7A0
:104E200007EB422206F12F0102F5007C12F8010B7C
:104E300001F8010F6245F9D10022F27061E700BF6D
:104E400038B103682BB11A781AB18188DA88914297
:104E500001D00920704770B5044682B005465878E5
:104E6000FEF734F9C30705D4207C10F0400004D1CC
:104E700002B070BD092002B070BD2368226A1846D6
:104E80001E46DB6A9A421ED16B6ADA7A42F0200231
:104E9000DA72AA6829689A76100AD87609780329FE
:104EA00018D0E968154AD961C3F816204FF00001FF
:104EB000012259823046F270FEF746FF2B7C23F028
:104EC00040032B74D4E70192FEF710FF019A30B132
:104ED0000120CDE7120C110A1A755975E1E77078B7
:104EE000012306F13001FEF703F9019A18B14FF0E2
:104EF000FF33F362ECE7F262C6E700BF0000214A2D
:104F000010B582B00446FFF79BFF08B102B010BD98
:104F100001A92046FEF7C6FE10B9206002B010BD00
:104F2000092002B010BD00BF10B58EB00C46019034
:104F3000002203A901A8FEF7E1FF034610B11846BD
:104F40000EB010BD019903A8FFF704FC034600282A
:104F5000F5D19DF9372082420CDB2146002CEED0A2
:104F6000099A6072002AEAD0009003A8FEF74AFF6F
:104F7000009BE4E70623E2E72DE9F0438FB002222D
:104F8000019002A901A8FEF7B9FF029C0394034611
:104F900018B118460FB0BDE8F0830090019903A83E
:104FA000FFF7D8FB0346C0B10428F2D1009903A84B
:104FB000FFF7BCFA63895B020646069390B10128AD
:104FC00000F09F8001300FD101230022314603A859
:104FD0000093FFF767FA009BDBE7082318460FB042
:104FE000BDE8F0830723F0E72046FEF77FFE034687
:104FF0000028E9D162690093023AB11E91423EBF96
:105000006089A26A01FB00274FF400724FF0000193
:1050100004F1300028BF1F4606F0C6F84FF02032DA
:10502000217822636263C4F83720504AC4F84620CE
:10503000330A2E2210200329994684F84B3084F835
:105040004A60009B84F8302084F83B005BD0D4F8A1
:1050500038C0059B616BD4F83CE0206BC4F858C0A5
:10506000D4F848C02065C4F868C0206CC4F85CE07F
:105070006165D4F84CE0616C84F86A301B0AC4F8AE
:105080006CE02066616684F8512084F86B30638997
:105090001D46C3B13B46E36200934FF00103E3704A
:1050A0002046FEF723FE00288ED1009B01460133E7
:1050B0004FF4007204F13000009306F075F8009B85
:1050C000EA199342E7D103A8FFF73AFC0346002808
:1050D0007FF47BAF0A9B254AC3F816209E7683F89F
:1050E0001B902278032A03D1320C110A1A755975C4
:1050F00010210122D9722046E270FEF725FE0346F8
:1051000047E7022361E7310C84F84410090A206B59
:1051100084F84510E16B2065E16584F8512005991C
:10512000626AD4F834E0D4F838C0C4F854E08A4253
:1051300007BF002211460B460A0AD4F844E0C4F81F
:1051400064E0090C206CE56CC4F858C084F8641065
:10515000D4F848C0C4F868C0090AE566206684F837
:105160006B2084F86A3084F8651090E70000214ACB
:105170002DE9F04F8DB00D46099009A814461F4641
:10518000FEF772FD013000F09A80B64B1B680BB140
:1051900000221A700020FDF77FFFC60700F18B8008
:1051A00010F0040018D10AAA0321FDF7CDFF20B9A1
:1051B0000A9A531EB3F5004F7AD301230A937CB1A8
:1051C000A94BA4F500729A4202D8631E234207D06D
:1051D00013200DB0BDE8F08F0A200DB0BDE8F08FB0
:1051E000169B169A5B0A22F4FF7A99462AF0010A66
:1051F000002B59D00BAA01210020FDF7A5FF0028A4
:1052000040F0588115F008020B9B05925BD13E2BB4
:105210004AD93F3B4FF03F0856E06FF02000A0EB2B
:10522000080008F101040390019408F12100A3F1A2
:10523000210402900494180B0E46002A00F06B81A2
:10524000964640F6F574B3FBFEF1A14240F255815B
:10525000023149004FF0020B029C01F2FF1104EBF6
:105260005121C8EB0E1C8C44019C00949C451BD81A
:10527000039C294431402144049CBBF1020FA4EB60
:10528000010CBCFBFEFC40F06D814FF6F574A445AB
:1052900000F2258140F6F574A44500F28F811AB919
:1052A0004FEA4E02802AC8D90E200DB0BDE8F08F1B
:1052B0001A4284D081E703200DB0BDE8F08F0B20A7
:1052C0000DB0BDE8F08F80467F2B0B93ECD9B4F581
:1052D000813F4FEA5422BFF47BAF15F002000690E5
:1052E00040F0EA80E8077FF573AF02200A990328AF
:1052F00001F1FF35C1F100018FD1002A00F01C81BE
:1053000002929346029A08F1200C0E46B3FBF2F08B
:1053100056494FEA800EA0F57F40F63888420EF2DB
:10532000072EC1D80CEB5E214FEA5E2005EB010E83
:105330000EEA060E0190AEEB0100C8EB021E8E4491
:105340009E45B1D8019C00F12001A3EB040EAEEB09
:10535000010E04914FF6F571BEFBF2FE8E4540F250
:10536000B58002920CEB000200920022CDF818E00A
:1053700003924FF0030B4FF400720021384607935D
:1053800005F012FF3A49079B7A1E07F10A0C11F843
:10539000010B02F8010F6245F9D1029A7A73049A5F
:1053A000BA73120AFA73BBF1030218BF0122B3F5F4
:1053B000803F38BFFB744FEA42023ABF1B0A3B757D
:1053C0003B62BA7400234FF40072A7F80B207B777E
:1053D0000122BB77FB77274B3A74BB610022F8238D
:1053E000BBF1030F7A747B75CDF81C8087F81C80A5
:1053F00000F0ED800198204AC7F826204A221F4B72
:1054000087F82A20020AFA758022B87587F82420C6
:1054100003F1130007F12A0213F8011B02F8011F20
:105420008342F9D14AF655233946A7F8FE31424660
:1054300001230020FDF772FE014600283AD107F54E
:10544000FF7352463846049305F0AEFE4FF6F873EC
:105450003B80FF23BB70BBF1010318BF4FF0FF334C
:10546000FB7019E0E499012000FEFF00FFFFFE0F32
:105470000CEB00083F00FF00290000212CEB000886
:1054800001464FF40072384605F08EFE019BF2187B
:10549000E31A0092019374D0019C009EA1454B46F3
:1054A000324628BF2346394600200193FDF736FED9
:1054B0000028E5D0012090E605F0070102294FD031
:1054C00005F00100C0F10300C0B20FE7BBF1000F0F
:1054D0007FF4EAAE52083FF4E7AE934616E7A2B96E
:1054E0004FEA4E0EBEF1400F38D9069919BBBEF1F6
:1054F000800F3FF6D9AE7246A3E601EB41010131C0
:10550000490803314FF0010BA6E606983146002802
:105510003FF4CAAEF4E64FF0010EDFF84CC271461C
:1055200006E03CF8021F4FEA4E0E00293FF489AE18
:105530008142F6D985E6314601201E46DFF82CE28D
:105540005B0C844604E03EF8020F4FEA4C0C08B1B5
:105550009842F8D9CDF808C03346D2E672466CE6D8
:105560000320C3E640F6F5729445CDE9011ECDF85F
:1055700018C03FF699AE01222021CDE903129346CF
:10558000F9E6DDE90223BBF1030F08BF13460393DD
:10559000009A05E0DDE900231A44E31A03937FD063
:1055A000039C4C452346394628BF4B460020CDE995
:1055B0000023FDF7B3FD0028ECD07BE7CDE9011E09
:1055C00020220121CDE90321CDF818C0D3E6614A9C
:1055D0003A63614A019BC7F842204A227B6287F8FE
:1055E00046205E4B0222FA62802287F8402003F1B7
:1055F000130007F1460213F8011B02F8011F834252
:10560000F9D14AF65522A7F8FE2139460123424630
:105610000020FDF783FD089000287FF44BAF0123A5
:1056200008F10602394607F5FF760496FDF776FD88
:10563000089E4FF400723146384605F0B5FD4AF633
:105640005523A7F8FE31069B013BC7F8E831444BD0
:105650003B6003F1FF5303F500532033C7F8E431F7
:105660000223C7F8EC3108F107020123394630461E
:10567000FDF754FD012308EB030239463046FDF7E0
:105680004DFD52463146384605F08EFD6FF007035A
:105690003B604FF0FF337B606FF07043BB60FBE615
:1056A000BBF1030F53D00B9BB3F5803F4CD2BBF142
:1056B000020F14BF4FF001094FF00409059B002BA6
:1056C00039D1059E4FF400723146384605F06CFD25
:1056D0000B9B049D2348079C4AF6552CA5F800C057
:1056E00043F6C16108EB0302B2FBF1F2910887F8BF
:1056F000C5211A0A41F03F0187F8CA3187F8CB214A
:105700004FF0FE0C1A0C1B0EC7F8BE0187F8C4112F
:1057100087F8CC2187F8CD3187F8C291394687F8D0
:10572000C64101233246304687F8C3C1FDF7F6FC77
:1057300000287FF4BFAE002211461046FDF704FD9D
:10574000003818BF012048E54FF00609B6E74FF0D2
:105750000C09B3E7010006002900002118EB00083E
:10576000525261410001010088EE000898EE0008E5
:1057700010B5104B104A1B68127882B004464FF4E3
:105780007A70B0FBF2F0B3FBF0F000F0A9F808B9C2
:105790000F2C02D9012002B010BD02460190214613
:1057A0004FF0FF3000F05CF8044B01981C6002B031
:1057B00010BD00BFAC000020A4000020A800002005
:1057C00008B50B4B1A6842F400721A601A6842F46A
:1057D00080621A601A6842F480721A60032000F036
:1057E0002DF80F20FFF7C4FF04F01EF8002008BDBD
:1057F000003C0240034A044B11681B780B441360C1
:10580000704700BFE8990120A4000020014B1868F0
:10581000704700BFE899012038B50446FFF7F6FF4E
:10582000631C054602D0044B1B781C44FFF7EEFFB7
:10583000401BA042FAD338BDA40000200749CA6823
:1058400003024FF6FF0003F4E0630240134343F00A
:10585000BF6343F40033CB60704700BF00ED00E04E
:1058600000B5164BDB68C3F30223A3F1030CBCF1B4
:10587000040F19D84FF0FF3EC3F107030EFA03F3EC
:105880000EFA0CFE22EA0E02DB43194001FA0CF17B
:10589000114300284FEA01110ADB00F1604000F5D6
:1058A000614080F8001300BD00220F239446ECE70E
:1058B000034B00F00F00C318197600BD00ED00E0A7
:1058C000FCEC00E0002807DB044A4109012300F05A
:1058D0001F00834042F82130704700BF00E100E024
:1058E0000138B0F1807F01D3012070474FF0E023F1
:1058F0000022586104484FF0F00C072180F823C0C3
:105900009A6110461961704700ED00E0002800F030
:105910006F8170B50368DD0782B0044631D59E49BA
:105920008A6802F00C02042A00F0F2808A6802F011
:105930000C02082A00F0E8806368B3F5803F00F0AD
:10594000F180B3F5A02F944B1A6800F07E8122F409
:1059500080321A601A6822F480221A606368002B71
:1059600000F00881FFF752FF054605E0FFF74EFF04
:10597000401B642800F2FB80874B1B689B03F5D516
:105980002368990729D5844B9A6812F00C0F00F010
:1059900094809A6802F00C02082A00F08A80E3687A
:1059A000002B00F00E817D4B01221A60FFF72EFFC5
:1059B000054605E0FFF72AFF401B022800F2D780CA
:1059C000754B1B689E07F5D5734922690B6823F058
:1059D000F80343EAC2030B6023681A0754D45D0737
:1059E00032D56D4A136C13F0805300F0818000268D
:1059F0006B4B1B68D80540F1A880A368012B00F011
:105A0000F180052B644B1A6F00F02D8122F001020A
:105A10001A671A6F22F004021A67A368002B00F0BD
:105A2000B780FFF7F3FE054607E0FFF7EFFE41F210
:105A30008833401B984200F29A80574B1B6F9A079D
:105A4000F3D5002E40F00981A369D3B1524A926880
:105A500002F00C02082A00F0CD80022B4F4B4FF0D1
:105A600000021A6600F00781FFF7D0FE044604E04A
:105A7000FFF7CCFE001B022879D8474B1B689B011F
:105A8000F6D4002002B070BD636903B3434B01221A
:105A9000C3F8802EFFF7BAFE054604E0FFF7B6FE16
:105AA000401B022863D83C4B5B6F9B07F6D52368ED
:105AB00095E75B685A023FF572AF374B1B689B074F
:105AC00036D5E368012B33D0012002B070BD334AD4
:105AD000C2F8803EFFF79AFE054604E0FFF796FE07
:105AE000401B022843D82C4B5B6F9E07F6D4DEE7A1
:105AF0000193136C43F080531364136C03F08053D1
:105B00000193019B012673E74A6851027FF514AFA8
:105B1000214A126892037FF534AF6268002A7FF44D
:105B200030AFD1E71C4A136843F48033136015E7A4
:105B3000194A2169136823F0F80343EAC10313608B
:105B400023681A077FF54BAF9EE7154A136843F4A5
:105B500080731360FFF75AFE0546114B1B68D90589
:105B60003FF54BAFFFF752FE401B0228F5D903204B
:105B700002B070BDFFF74AFE054604E0FFF746FE9F
:105B8000401B6428F3D8044B1B689E03F6D4F7E649
:105B9000FFF73CFE05460CE000380240000047429B
:105BA00000700040FFF732FE41F28833401B9842FC
:105BB000DDD8494B1B6F9B07F4D4002E3FF444AF54
:105BC0004BE0464A1360FFF721FE054604E0FFF76D
:105BD0001DFE401B0228CAD83F4B1B689907F6D40C
:105BE0002368FAE63C4A136F43F00103136714E796
:105BF00001207047012B3FF467AF374BE2695B68C8
:105C000003F4800191427FF45FAF226A03F03F0109
:105C100091427FF459AF616A47F6C0721A40B2EB05
:105C2000811F7FF451AFA26A520803F44031013A58
:105C3000B1EB024F7FF448AFE26A03F07063B3EB5D
:105C4000026F14BF012000201CE742F480221A607A
:105C50001A6842F480321A6080E61F4A136C23F0FF
:105C600080531364F0E642F004021A671A6F42F0A0
:105C700001021A67D1E6FFF7C9FD054605E0FFF707
:105C8000C5FD401B02283FF672AF134B1B689901FC
:105C9000F5D4D4E90731626A0B4343EA8213D4E9AD
:105CA0000A2052080D490C4C43EA0063013A0A48A5
:105CB00043EA0243012243600A66FFF7A7FD054657
:105CC00005E0FFF7A3FD401B02283FF650AF236815
:105CD0009A01F6D5D5E600BF0038024000004742E1
:105CE00008B516498B6803F00C03042B1BD0082B56
:105CF00001D0134808BD4A684B68496813F4800313
:105D000002F03F0211D10E48C1F38811A1FB00013E
:105D1000FAF72AFF094B5B68C3F3014301335B00C9
:105D2000B0FBF3F008BD074808BD0648C1F3881171
:105D30000023A1FB0001FAF717FFEBE70038024050
:105D40000024F40000127A0058B1494A136803F0A5
:105D500007038B4207D21170136803F007038B42CD
:105D600001D0012070472DE9F04103689A0716D54C
:105D70005F0705D53F4A936843F4E0539360036897
:105D80001E0704D53B4A936843F460439360394A45
:105D90008468936823F0F003234393600368DD076E
:105DA0008846074621D54268012A59D0931E012B07
:105DB000304B1B6851D9990724D52E4CA36823F08A
:105DC00003031343A360FFF721FD41F28835064624
:105DD00004E0FFF71BFD801BA84246D8A3687A6841
:105DE00003F00C03B3EB820FF3D1214A136803F0E5
:105DF0000703434509D982F80080126802F00702C0
:105E0000424502D00120BDE8F0813B685A0707D522
:105E1000184AF968936823F4E0530B4393603B6896
:105E20001B0707D5134A3969936823F4604343EA93
:105E3000C1039360FFF754FF0E4A0F4C92680F495D
:105E4000C2F303120346A25C0D48D34000680B6006
:105E5000FFF78EFC0020BDE8F0819801ADD4D1E7BA
:105E6000044B1B689C03A8D4CCE70320CBE700BFFE
:105E7000003C02400038024030EF0008AC00002037
:105E8000A8000020044B05499B68054A0868C3F335
:105E90008223D35CD840704700380240AC00002019
:105EA00028EF0008044B05499B68054A0868C3F3BE
:105EB0004233D35CD840704700380240AC00002029
:105EC00028EF00082DE9F04F0023DFF808E283B047
:105ED00001264FF0030803E00133102B00F0CC80C3
:105EE0000C6806FA03F202EA040CA243F4D14A68F1
:105EF00002F0030202F1FF395C00B9F1010F08FA68
:105F000004F515D8826822EA0509CA68A24042EA67
:105F1000090282604A68D0F80490C2F300129A40E5
:105F200029EA0C0942EA090242604A6802F00302C7
:105F3000032A25D0C26822EA05098A68A24042EAFB
:105F40000902C2604A6802F00302022A18D14FEA2D
:105F5000D30A00EB8A0A0A69DAF820B003F00709CD
:105F60004FEA89090F2702FA09F207FA09F92BEA21
:105F7000090B42EA0B02CAF820204A6802F0030229
:105F8000A240046824EA0504224302604A6812F42D
:105F9000403FA1D04C4C00220192626C42F48042FE
:105FA0006264626C02F480420192019A23F003025F
:105FB00002F1804203F003050F2702F59C32AD0089
:105FC00007FA05F9414F9468B84224EA090421D040
:105FD00007F58067B84252D03D4FB84255D0DFF840
:105FE000F890484557D0DFF8F490484559D0DFF88D
:105FF000F09048455BD0DFF8EC9048455DD0DFF885
:10600000E89048450CBF4FF007094FF0080909FA1E
:1060100005F52C4394604C68DEF80820E40254BF78
:1060200022EA0C024CEA0202CEF808204C68DEF8A4
:106030000C20A70254BF22EA0C024CEA0202CEF85E
:106040000C204C68DEF80420A50354BF22EA0C02A1
:106050004CEA0202CEF804204C68DEF80020E4038B
:1060600003F1010354BF22EA0C024CEA0202102B96
:10607000CEF800207FF434AF03B0BDE8F08F4FF0CE
:10608000010909FA05F52C43C4E74FF0020909FAA2
:1060900005F52C43BEE74FF0030909FA05F52C433B
:1060A000B8E74FF0040909FA05F52C43B2E74FF0C1
:1060B000050909FA05F52C43ACE74FF0060909FA82
:1060C00005F52C43A6E700BF00380240000002405F
:1060D00000080240003C0140000C02400010024059
:1060E0000014024000180240001C02402DE9F04F4D
:1060F0000023DFF83CA101264FF00F094FF0030BFE
:1061000002E00133102B6FD006FA03F232EA0104E9
:1061100002EA010CF5D123F0030505F1804505F5F0
:106120009C3503F00304A400D5F808E009FA04F84C
:106130005045274608EA0E0E18D0354CA04255D0DF
:10614000344CA04255D0344CA04255D0334CA042E0
:1061500055D0334CA04255D0324CA04255D0324C91
:10616000A0420CBF07240824BC4000E00024A64540
:1061700015D12E4C2D4F246824EA0C043C607C6819
:1061800024EA0C047C60FC6824EA0C04FC60BC6813
:1061900024EA0C04BC60AC6824EA0804AC6005681E
:1061A0005C000BFA04F44FEAD30C25EA040500EB7B
:1061B0008C0C056003F00705DCF820E0AD0009FA5F
:1061C00005F52EEA0505CCF82050C56825EA04053A
:1061D000C560456825EA020242608268013322EA0E
:1061E0000402102B82608FD1BDE8F08F06FA07F40D
:1061F000BDE70224BC40BAE70324BC40B7E704244F
:10620000BC40B4E70524BC40B1E70624BC40AEE77F
:106210000004024000080240000C0240001002404E
:106220000014024000180240001C0240003C0140E3
:106230000000024002B9090481617047436901EA24
:10624000030221EA030141EA02418161704700BF74
:10625000026802F10C0353E8003F23F490730C3200
:1062600042E800310029F3D1026802F1140353E837
:10627000003F23F00103143242E800310029F3D13A
:10628000036B012B05D02022002380F842200363FA
:106290007047026802F10C0353E8003F23F010033B
:1062A0000C3242E800310029F3D1ECE738B502683E
:1062B000C168136923F440530B431361044601681A
:1062C00083680069CA68034360690343E06922F494
:1062D000164222F00C0203431343CB602268A069EC
:1062E0005369244923F440730343536123688B4269
:1062F00005D0214A934202D0FFF7C4FD01E0FFF729
:10630000D1FDE2691921B2F5004FD4E90053A0FB99
:10631000010113D09A009B0FFAF726FC174AA2FB43
:1063200000135B09642101FB130000013230A2FB62
:1063300000201B0103EB5013AB6038BDDA184FF09F
:1063400000035B41FAF710FC0C4AA2FB003149093B
:10635000642303FB1103DB003233A2FB0323C3F3EB
:1063600042121B0902EB011203F4F8731344AB60F1
:1063700038BD00BF00100140001401401F85EB51E3
:1063800078B310B590F84130044603F0FF021BB318
:106390002268242384F84130D36823F40053204634
:1063A000D360FFF783FF2268136923F490431361DE
:1063B00021684A6922F02A024A612068C2680023E3
:1063C000202142F40052C260636484F8411084F8D2
:1063D00042106363184610BD80F8402003F040FA75
:1063E000D6E70120704700BF2DE9F041044690F840
:1063F0004100202882B055D10D4601B11AB90120C3
:1064000002B0BDE8F08121211F460023636484F8B7
:1064100041100192FFF7FAF9019AA284E284A2687E
:10642000B2F5805F06464DD04FF00008E38C9BB27A
:106430009BB123681A68120604D4791C1DD11A680E
:106440001206FCD535B315F8012B5A60E28C013ADF
:10645000E284E28C92B2002AEBD1226813685806DB
:1064600004D47B1C22D113685906FCD520230020BC
:1064700084F8413002B0BDE8F081FFF7C7F9801B16
:10648000874225D327B32368DA681A681006F4D543
:10649000002DD8D1414631F8022BC2F308028846BC
:1064A0005A60D3E7022002B0BDE8F081FFF7AEF9F1
:1064B000831B9F420CD35FB12368DA681B685A06BE
:1064C000F4D5D3E72269002AAED1A8461546ADE738
:1064D0002023032084F8413002B0BDE8F08100BFE2
:1064E000034690F84200202803D101B11AB90120D7
:1064F000704702207047002018639A85DA851A6970
:1065000099622221586483F8421022B11968CA683E
:1065100042F48072CA6019684A6942F001024A6115
:106520001A68D36843F020030020D360704700BF8F
:10653000704700BF704700BF08B5806B0023C3855C
:10654000FFF7F8FF08BD00BF704700BF90F842306A
:10655000222B4AD183680168826AB3F5805F45D0F7
:10656000002B4DD10369002B4AD14B681370826A0E
:106570000132C38D8262013B9BB2C385002B34D1B3
:1065800000B50168CA6822F0200283B0CA600168C1
:10659000CA6822F48072CA6001684A694FF0200C10
:1065A00022F001024A6180F842C04363026B012A73
:1065B0002AD10363026802F10C0353E8003F23F081
:1065C00010030C3242E800310029F3D103681A6845
:1065D000D20605D501911A6801925B680193019B6F
:1065E000818DFFF7B1FF03B000BD70470369002B39
:1065F000BBD14B68C3F308031380826A0232B8E749
:106600004B6803F07F03B1E7FBF756F803B000BD1A
:1066100000B501680A68D1F80CE0D1F814C012F096
:106620000F0F85B0034617D112F0200F03D01EF0D4
:10663000200F40F0BF80186B012848D0100603D50A
:106640001EF0800F40F08980520603D51EF0400FE7
:1066500040F0A48005B000BD1CF0010067D11EF41D
:10666000907FE8D012F0010F0FD01EF4807F00F071
:106670007081D3F844C012F0040F4CF0010CC3F841
:1066800044C000F0A880002856D112F0020F00F09C
:10669000A580100700F1DC80586C0028DAD0900645
:1066A00003D51EF0200F40F059814A69596C02F061
:1066B000400201F008010A4340F09E801846019212
:1066C0000093FFF737FFDDE900325A64C2E7D006D6
:1066D000B4D51EF0100FB1D0002203920A680392C5
:1066E0004A680392039A4A69B3F82CC0520640F1F3
:1066F000F180D86B0268526892B2002A00F03581AE
:10670000624580F03281DA85C269B2F5807F00F09F
:10671000D78001F10C0252E8002F22F480720C3174
:1067200041E8002019680A460028F2D19AE012F0E8
:10673000010F49D1500742D5586C40F0020058640F
:1067400090073ED5586C40F0040058641007A3D55C
:10675000586C40F0080058649EE793F84120212AC5
:106760007FF478AF98681A6AB0F5805F00F00C810A
:10677000501C186212784A60DA8C013A92B2DA84BC
:10678000002A7FF467AF1968CA6822F08002CA60E5
:106790001A68D36843F04003D3605BE7CA684FF0E0
:1067A000200C22F04002CA60184683F841C0FFF76F
:1067B000BFFE4FE705B05DF804EBFFF7C7BE9007DB
:1067C000C0D41007C4D467E71EF4807F7FF451AFB4
:1067D00012F0040FB0D112F0020F3ED112F0080FE8
:1067E0003FF45AAF0EF0200C5CEA000CB0D15A6CAA
:1067F000002A7FF45AAF2DE718460093FFF728FDD3
:10680000009B19684A6952061ED500E0196801F11B
:10681000140252E8002F22F04002143141E8002017
:106820000028F3D1DA6B7AB15D491165D86B00931A
:1068300001F0DCFF00283FF40DAF009BD86B036D27
:1068400005B05DF804EB18471846FFF773FE01E743
:106850001EF0200F7FF47CAFC9E700283FF419AF8A
:1068600070E71A6802F1140151E8001F21F00101DC
:10687000143242E800100028F3D1196801F1140223
:1068800052E8002F22F04002143141E80020002895
:10689000F3D1202283F842201863196801F10C0219
:1068A00052E8002F22F010020C3141E800200028AD
:1068B000F3D1D86B009301F04BFF009BB3F82CC0D1
:1068C00002225A63D98DACEB0101184689B2FFF759
:1068D0003BFEBFE6D88DDA8D92B2002A3FF4BAAE05
:1068E000ACEB000C1FFA8CFCBCF1000F3FF4B2AE15
:1068F00001F10C0252E8002F22F490720C3141E8B1
:10690000002019680A460028F2D100E01A6802F156
:10691000140151E8000F20F001000A4642E800018E
:106920000029F3D1202283F842201963186800F16E
:106930000C0252E8002F22F010020C3040E8002137
:106940000029F3D102225A6361461846FFF7FCFD85
:1069500080E612F0040F7FF498AE3CE718460093EF
:10696000FFF7F4FD009B19689FE662457FF472AE65
:10697000C169B1F5807F7FF46DAE0221596318467D
:106980001146FFF7E1FD65E6186900287FF4F0AED7
:106990001288C2F308024A601A6A02321A62EBE6EF
:1069A0003965000830B5044685B00D0C012DD4F8CA
:1069B00000E002D10CE0581C17D1DEF81800C0F33B
:1069C000400C9445F7D0002005B030BD581C0CD1C8
:1069D000DEF8140021EA000C1FFA8CFCBCFA8CFCD7
:1069E0004FEA5C1C6245F1D0EDE7CDE9022301914D
:1069F000FEF70CFF089BC01A039B9842DDE90112C9
:106A00001AD9012D20681CD08069C043C0F3400012
:106A100080F00100C0B29042C8D10022202322633E
:106A200084F83D3084F83E20236C84F83C2043F009
:106A3000200323640120C7E7002BB7D1012D206874
:106A4000E2D1406921EA000080B2B0FA80F040094A
:106A5000E1E700BF10B5D0F800E084B00446DEF8EE
:106A6000140021EA000C1FFA8CF090B1DEF814003B
:106A7000400510D4501C04D028E0DEF814305B052B
:106A800009D4DEF8143021EA03039BB2002BF4D1C1
:106A9000184604B010BDDEF8003043F40073CEF8A1
:106AA00000302168002220236FF480604861226357
:106AB00084F83D3084F83E20236C43F004032364C3
:106AC0000023012084F83C3004B010BDCDE902233E
:106AD0000191FEF79BFE039B029AD4F800E0019916
:106AE000C01A904201D8002AB9D1DEF8140021EA78
:106AF000000080B20028B2D000232022236384F853
:106B00003D2084F83E30236C13432364D8E700BF54
:106B100070B5036816465A69540624D404460D46D7
:106B20000DE0FEF773FE801BA842236800D81DB954
:106B30005A6912F0400218D05A69520613D45A69A1
:106B4000D106EED500226FF010002021586122639B
:106B500084F83D1084F83E20236C2364002384F8DD
:106B60003C30012070BD002070BD2023226384F8DA
:106B70003D3084F83E20236C43F020032364EDE78E
:106B800010B5036882B004465869000639D45869C4
:106B9000400522D4481C1AD0CDE90012FEF736FE7B
:106BA000019A00992368801A884201D80029EBD104
:106BB000586910F08000E7D12023206384F83D302D
:106BC00084F83E00236C43F02003236413E05A69E9
:106BD000120616D45A695105F9D500226FF4806067
:106BE00020215861226384F83D1084F83E20236CF4
:106BF00043F0040323640023012084F83C3002B0F6
:106C000010BD002002B010BD10B5036882B004466C
:106C10005869400739D45869400522D4481C1AD015
:106C2000CDE90012FEF7F2FD019A00992368801A5F
:106C3000884201D80029EBD1586910F00400E7D14F
:106C40002023206384F83D3084F83E00236C43F019
:106C50002003236413E05A69520716D45A69510578
:106C6000F9D500226FF4806020215861226384F8F6
:106C70003D1084F83E20236C43F00403236400237A
:106C8000012084F83C3002B010BD002002B010BDDD
:106C9000F0B5164602681F46136843F4807385B04A
:106CA000136002680A9D5369DB07044604D46B1C19
:106CB00017D15369D807FCD501F0FE0111610B9B78
:106CC0002F492A462046FFF7C5FEA0B101231846EA
:106CD00005B0F0BD15B95369DB0722D55369D80754
:106CE000EAD40191FEF792FD0B9B22680199C01A2C
:106CF0008542F0D3EEE723680390596903919B69BD
:106D000003930B9A039B29462046FFF739FF03465E
:106D100060BB012F20681BD1F2B20261184605B09A
:106D2000F0BD00212023216384F83D3084F83E101B
:106D3000236C84F83C1043F0200323641368DD05C2
:106D400002D54FF4007323640323184605B0F0BD49
:106D50002946350A05610B9A01932046FFF710FF7B
:106D6000019B18B92168F2B20A61B0E7236C042BC9
:106D7000ACD12268136843F400731360A6E700BF28
:106D8000020001002DE9F04390460268994613681D
:106D900043F4806385B0136002680C9D13680D9EF8
:106DA00043F480731360026853690446D8070F46A2
:106DB00004D4691C17D15369D907FCD507F0FE0329
:106DC0001361424933462A462046FFF743FE88B105
:106DD000012005B0BDE8F08315B95369DB0742D542
:106DE0005369D807EAD4FEF711FD801B854222685B
:106DF000F3D3F1E723680390596903919B690393E7
:106E0000324629462046039BFFF7BAFE002841D1AF
:106E1000B9F1010F236846D15FFA88F21A61324650
:106E200029462046FFF7ACFE002833D102462068F1
:106E3000016841F4807101602B4600964FF001110A
:106E40002046FFF7AFFD226800283BD147F0010341
:106E5000DBB21E491361204633462A4605B0BDE821
:106E6000F043FFF7F7BD00212023216384F83D3074
:106E700084F83E10236C84F83C1043F02003236414
:106E80001368DD0502D54FF400732364032005B0B9
:106E9000BDE8F083236C042B9AD12268136843F475
:106EA0000073136094E74FEA18221A6129463246AC
:106EB0002046FFF765FE0028ECD122685FFA88F3D0
:106EC0001361ACE71368DB05E0D5DCE702000100E5
:106ED000002800F0B78038B590F83D30044603F044
:106EE000FF02002B00F09A802268242384F83D30B2
:106EF000136823F0010313602268136843F400430E
:106F000013602268136823F400431360FEF7BAFF8E
:106F10004D4B62689A423DD84C4B98423DD9D4F8CB
:106F200000C04B49DCF80420A1FB003122F03F02F5
:106F300042EA9142CCF804208B0C2168DFF808C1AA
:106F400065680A6A654522F03F0208D9DFF808C182
:106F50004FF4967E0EFB03F3ACFB03C39B09013396
:106F600013430B62D4E90021DFF8DCC0D36961452B
:106F700023F44F4300F1FF3023F0FF030FD8490003
:106F8000B0FBF1F040F6FC710130084256D0C0F37E
:106F90000B0014E02F4B9842C1D8012038BDA568E2
:106FA000002D40D001EB810101EB8101B0FBF1F03C
:106FB0000130C0F30B00002842D040F440400343AE
:106FC000D3612168206A0A68E36922F0C0020343A2
:106FD00013430B602168E0688A68236922F4034246
:106FE000034322F0FF0213438B602168A069CA6843
:106FF000636922F0FF0203431343CB6021680A68F0
:1070000000234FF0200C42F001020A60236484F850
:107010003DC0236384F83E30184638BD80F83C20DC
:1070200002F09AFC60E701EB4101B0FBF1F00130A6
:10703000C0F30B0020B140F40040C0E70420BEE7DD
:107040000120BCE701207047A08601007F841E005C
:1070500083DE1B43FF083D00D34D62102DE9F04352
:10706000044683B09946BDF82C600F469046FEF763
:10707000CDFB94F83D30202B03D0022003B0BDE8B7
:10708000F083054600904249192301222046FFF76C
:1070900089FC0028F1D194F83C30012BEDD001237C
:1070A000206884F83C300368D9076AD5D0F800C05E
:1070B0002CF4006CC0F800C00A9860620C98009034
:1070C0002120019584F83D00402084F83E000020F6
:1070D00020646685608D20852E48E0624B464246DE
:1070E00039462046FFF7D4FD002846D1238D002BDA
:1070F00028D00C992A462046FFF742FD002834D1BB
:10710000626A236812781A61238D628D606A216831
:10711000013B013A9BB200F1010C2385C4F824C065
:1071200062854A695207E2D563B143780B61238DCA
:10713000628D616A013B9BB20131013A6162238534
:107140006285D4E70C992A462046FFF75DFD60B9B9
:1071500022681368202143F40073136084F83D1003
:1071600084F83C0084F83E0088E7236C042B04D1AB
:107170002268136843F400731360012003B0BDE874
:10718000F083036843F00103036020688EE700BFCB
:10719000020010000000FFFF2DE9F047044686B012
:1071A0009A46BDF83C70109E88469146FEF72EFB2D
:1071B00094F83D30202B04D00227384606B0BDE8B5
:1071C000F087054600909449192301222046FFF7D5
:1071D000E9FB0028F0D194F83C30012BECD00123DE
:1071E000206884F83C300368DB0733D5D0F800C052
:1071F0002CF4006CC0F800C00E9860622220CDE92B
:10720000006584F83D00402084F83E0000202064A2
:107210006785608D20858148E06253464A46414635
:107220002046FFF7AFFD074678B9238D2268BBB132
:10723000012B00F0E080022B00F0CB80059051691B
:10724000059192690592059A18E00127384606B023
:10725000BDE8F087036843F0010303602068C5E7D9
:1072600002935369029393690293029B136843F458
:1072700000731360238D002B00F0A280032B49D8EC
:10728000012B00F09080022B6549009533464FF0AA
:10729000000220466CD0FFF785FB0028D5D121687D
:1072A0000B6823F480630B602168636A09691970B5
:1072B000238D616A013B2385638D0131013B61624E
:1072C000024600955649638520463346FFF76AFB20
:1072D0000028BAD12268136843F40073136022684F
:1072E000636A12691A70616A628D4B1C6362238D36
:1072F000013A6285013B2268238513694B70238D17
:10730000616A628D013B01319BB2013A6162238562
:107310006285B0E72A4631462046FFF7F9FB002890
:1073200093D12268636A12691A70618D238D626A33
:107330000139013B61850132216862629BB223857C
:107340004869400797D5032B05D10B6823F4806368
:107350000B602168626A0B691370626A238D0132C7
:107360006262628D013B9BB2013A2385628582E7AE
:10737000FFF718FB00287FF468AF2268136843F416
:107380000073136023681A69636A1A70638D626AF6
:10739000013B6385238D013B2385511C236861627A
:1073A0001B695370D9E72A4631462046FFF7B0FBE8
:1073B00000287FF44AAF23681A69636A1A70CCE721
:1073C0000023202284F83D2084F83C3084F83E30AD
:1073D000F3E6136823F4806313602268136843F4B0
:1073E00000631360236804905A6904929B690493B4
:1073F000049B238D3FE7136823F4806313602368A5
:1074000003905A6903929A690392039A1A6842F4A4
:1074100000721A60238D2EE7020010000000FFFFAB
:1074200004000100704700BF704700BF704700BFF5
:10743000704700BF704700BF704700BF704700BF74
:1074400090F83D20016D08B5034659B9C26C01683A
:10745000012A826C1BD0C2F307220A61026D01323D
:10746000026508BD016D012909D0016D022914D002
:1074700003685A69120644BF00221A6108BD826C73
:107480000168D2B20A61026D0132026508BDD2B252
:107490000A61026D0232026508BDD2B2222A25D0ED
:1074A000418D89B2F1B9418D89B20029D9D1212A02
:1074B000D7D1D0F800C0DCF8042022F4E062CCF888
:1074C0000420D0F800C0DCF8002042F40072CCF8B0
:1074D00000202022016380F83D2080F83E10FFF755
:1074E000ADFF08BD212A0AD05B8D08BD01680A687E
:1074F00042F480720A60026D0132026508BD416A81
:10750000026809781161416A428D0131013A416294
:10751000428508BD704700BF704700BF704700BF7D
:1075200000B5364B364A1B68806BDB08A2FB032391
:1075300083B01B0A002203EB83030192C3EBC30356
:1075400090F83D10019306E0019B0268013B019316
:1075500013689B0506D5019B002BF5D1036C43F006
:1075600020030364436B0BB10022DA63836B0BB11E
:107570000022DA630268136823F480631360436BAC
:107580004FF0000CA0F82AC00BB1C3F850C0836BB9
:107590000BB100221A650268136823F0010313601F
:1075A00090F83D30602B1ED001F02803282B09D025
:1075B0002022002380F83D2080F83E30FFF7ACFF0A
:1075C00003B000BD01680A6842F001020A60016868
:1075D0000A684FF0000C42F480620A60C0F830C0C4
:1075E00080F83D30EAE70023202280F83D2080F833
:1075F0003E300364FFF792FF03B000BDAC000020F3
:1076000089B5F81410B590F83D2090F83E30102B55
:107610000446D2B239D0D9B2402936D002F028017E
:10762000282923683DD05968080507D4602A05D069
:107630002021002284F83D1084F83E20002222639D
:107640005A6812F4006234D194F83D10602977D062
:107650005A69500605D5626A1B691370636A013363
:1076600063622046FFF758FF236C190704D0226895
:10767000536823F4E063536094F83D30226C520762
:10768000DBB201D5282B30D010BD222AC6D122680A
:10769000136823F40063136023685A681205C7D582
:1076A000CCE70022226384F83D105A6812F400628D
:1076B000CAD05A6822F400625A60636B93F835208E
:1076C000012A1FD0294A1A65606B01F08FF8002843
:1076D000CAD02268136823F001031360606B202175
:1076E00084F83D10036D9847BEE700232049E1620E
:1076F00020222363204684F83D2084F83E30FFF7A3
:107700009BFE10BDA36B194A1A65A06B01F06EF8C1
:107710000028A9D023685A69510606D5626A1B69F8
:107720001370626A2368013262621A6822F00102F1
:107730001A60A06B202184F83D10036D984793E7F1
:10774000202184F83D1022645A69520606D5626AE7
:107750001B691370626A2368013262621A6822F040
:10776000010220461A60FFF7D9FE7DE72175000867
:107770000000FFFF30B502685468D0F82CE090F8A4
:107780003E10034690F83D00102991B0C0B25FFA58
:1077900081FC26D0BCF1400F23D0196C002900F0E9
:1077A000DD8051694FF0000C11F0020E00F09A805C
:1077B000A50540F19980196C09B1D2F818C093F869
:1077C0003D1001F02801282900F0378200210E9198
:1077D00050690E9092690E920E9A83F83C1011B087
:1077E00030BD91690D46516911F0010F1CD1BEF5F4
:1077F0002A0FF4D0BEF12A4FF1D011F0080E3AD082
:1078000014F4007F3BD0596CC9B211615A6B002A45
:1078100000F00082D26B002A00F0FC811A685368E5
:1078200043F400635360DAE714F4007F27D0D96A89
:10783000B1F52A0F00F0FE81D96AB1F12A4F04BFD9
:107840000821D96293F83E10402900F0EC811969B3
:10785000B1F5804F00F00782196D002900F06981B1
:10786000196D0129BBD15B6CDB1103F0060343F0FA
:10787000F1031361B3E711F0020F40F043816D078C
:1078800070D5D2F804E01EF4006FA8D101F0040E08
:10789000090640F15681650540F15381BEF1000FA4
:1078A00040F0538193F83D101C8D93F83E00D3F8BF
:1078B0002CC0C9B2C0B2002C40F0A582212900F032
:1078C000B68340288BD1222989D1598D89B20029CC
:1078D00071D093F83E10402900F04181596A09782F
:1078E00011615BE1CD066BD400F0F70CBCF1210F08
:1078F00001F0040000F0C280490640F1F780650500
:1079000040F1F480002840F0F48093F83D00598D58
:1079100089B2C0B200293FF462AF596A12690A7095
:107920005A8D596A013A5A855A8D013192B259627B
:10793000002A7FF454AF2A287FF451AF19684A68AF
:107940004FF0220C282422F480624A601846C3F8C3
:1079500030C083F83D40FFF76BFD40E7D2F818C018
:10796000516921E7506800053FF539AF01F0040087
:10797000490640F1FA80650540F1F780002840F0A3
:10798000F78093F83D1022297FF429AFDC6A598DE6
:1079900089B2032940F20E83596A12690A705A8D1E
:1079A000596A013A5A855A8D92B20131032A5962B5
:1079B0007FF415AF1A68536823F4806353600EE7B1
:1079C000A50591D593F83D40516821F4E0615160DF
:1079D0001A68CDF83CE051690F91116841F001013E
:1079E000116019680F9A0A6822F480620A601A68A6
:1079F00051680905E4B200F1D8805A8D92B202B301
:107A00001A6851694D0709D5596A12690A705A6A8C
:107A1000598D501C01391A685862598551694806B8
:107A200008D5596A12690A70596A5A8D0131013AAA
:107A300059625A855A8D92B21AB11A6C42F00402F8
:107A40001A641A6C002A40F0DF802A2C00F06B8147
:107A500093F83D20282A00F059811A6B222A02D07F
:107A6000222C7FF4BCAE002220211A63184683F832
:107A70003D1083F83E20FFF7DBFCB0E6090629D570
:107A8000650527D548BB93F83D00598D89B2C0B232
:107A900000293FF4A4AE596A097811615A8D596AD8
:107AA000013A5A855A8D013192B25962002A7FF407
:107AB00096AE29287FF493AE19684A68282422F4E8
:107AC00080624A601846C3F830C083F83D40FFF733
:107AD000ADFC84E600283FF482AEA0057FF57FAEC2
:107AE000598D89B200293FF47AAEF7E600283FF4B9
:107AF00076AEA1057FF573AE598D89B200293FF4AA
:107B00006EAE48E014F4007F3FF4B9AE93F83E1037
:107B1000DC6AD3F830C093F83D002228C9B200F0E7
:107B2000D980CDF830E053690C9393690C930C9B8A
:107B300055E65B6CDB1103F0060343F0F0031361C1
:107B40004DE6BEF1000F3FF44AAEA4057FF547AE07
:107B5000212800F02D81BCF1400F7FF440AE184683
:107B600011B0BDE83040FFF76BBC00283FF437AEE2
:107B7000A1057FF534AED86A598D89B2042900F089
:107B80000E81598D89B2032900F05681598D89B231
:107B9000022900F08681596A12690A70596A5A8D61
:107BA0000131013A59625A8519E604F0F701222998
:107BB0006AD0596B096849685985598D89B219B1DC
:107BC000196C41F0040119645168019321F40061BA
:107BD0005160586B00F01CFE0128019B0BD05A6BC2
:107BE00092491165586B00F001FE019B18B1586B6A
:107BF000026D9047019B5A8D92B2002A7FF400AF2C
:107C00001A6C002A3FF424AF184611B0BDE830408A
:107C1000FFF7F8BC9A6B002A3FF4E1ADD26B002A63
:107C20007FF4FCADDBE5196D5B6C41BB03F0FE033B
:107C30001361D4E50121D96204E6506820F4806024
:107C400050601CF0800F0CBFDA689A69CCF3800199
:107C5000002081F0010183F83C00C9B292B21846BD
:107C6000FFF7E8FBBBE593F83D102129596C16BFDF
:107C700041F0010101F0FE01C9B21161C6E543F016
:107C80000103DBB21361AAE5996B0968496859855C
:107C9000598D89B219B1196C41F004011964516808
:107CA000019321F400615160986B00F0B1FD01284F
:107CB000019B3FF4A2AE9A6B5C491165986B00F092
:107CC00095FD019B00283FF498AE986B026D90479C
:107CD000019B92E6186D10B9402900F08D80196D56
:107CE00021B91869B0F5404F00F09180598D89B2E3
:107CF00059BB0591516905919169059105991168E3
:107D000041F40071116000221A6568E500224848BC
:107D1000D86220211A63184683F83D1083F83E206C
:107D2000FFF78AFB5BE528211A63184683F83D10AC
:107D30000193FFF77DFB019B93F83D20282AE5D0B6
:107D40001A6B222A7FF44BAD8DE6598D89B2012939
:107D500000F08480598D89B2022900F0ED8011680D
:107D600041F4806111601A68516808050FD5202C14
:107D700000F2E481072C40F2DD812E49083CE1400D
:107D8000C90704D5516841F4805151601A68002137
:107D90000B9151690B9192690B920B9AB3E7516861
:107DA00021F48061516019685A6A09691170F5E619
:107DB000D86A93F83D1021297FF411AD598D89B20D
:107DC00000297FF48BAD082800F0DB80202800F02C
:107DD000D88010F5803F00F0D480506820F4E06037
:107DE0005060112420221C63184683F83E1083F84B
:107DF0003D20FFF717FBF2E4039053690393936967
:107E00000393039BEBE421297FF45BAD5DE50491D3
:107E100051690491916904910499116841F4807148
:107E200011601A6D01321A65D9E400BF217500088E
:107E30000000FFFF010100015168042821F4806166
:107E4000516006D0022804D019680A6822F48062C2
:107E50000A6019685A6A096911709FE614F5803F33
:107E600000F02581082C00F0FB80202C00F0F88029
:107E7000BCF1120F00F07C81102C00F27C8197493C
:107E80002141CC0700F17781116841F480611160D4
:107E90001A68002108915169089192690892089A1C
:107EA00031E7411E0F2909D8DFE801F0413C083CC9
:107EB000080808080808080808080841116841F47B
:107EC0000071116019685A6A096911705A8D596AEE
:107ED000013A5A854C1C1A685C6212694A70598DC5
:107EE0005A6A1C680132013959855A626268202138
:107EF00022F44072626083F83D1093F83E20402ADD
:107F00004FF0000283F83E2000F01D81082800F0A9
:107F10000E81202800F00B8112221A631846FFF709
:107F200083FA5CE4116841F480611160CAE711686A
:107F300021F480611160C5E7102C00F2A28068492D
:107F4000E140C80740F19D80116841F480611160F3
:107F50001A6851680D050CD5072C40F2058161495E
:107F6000083CE140CC0704D5516841F48051516090
:107F70001A6800210A9151690A9192690A920A9A33
:107F8000C1E6506820F4E060506018680268002183
:107F900042F4007220240260196383F83D4093F894
:107FA0003E2083F83E10402A18467FF422AFFFF7A8
:107FB00045FA14E4D3F82CC0BCF1020F3FF4FBAC3B
:107FC00001293FF6F8AC48490D90096846F2A8101F
:107FD000B1FBF0F101EB81010D9104E0116811F4A6
:107FE000007100F083800D9901390D91DDF834C0E6
:107FF000BCF1000FF2D1196C41F0200119645168F5
:1080000021F4E061516019685A6A09691170598D4B
:108010005A6A01390132202059855A6283F83D009D
:10802000184683F83EC0FFF777FAFFF7D8BBBCF1DC
:10803000080FA6D0BCF1200FA3D01CF5803FA0D024
:10804000516821F4E0615160112420221C6318461C
:1080500083F83EE083F83D20FFF7E4F9FFF7BFBB6C
:10806000116821F4806111601A680020099051693B
:108070000991916909910999116841F400711160A0
:1080800041E6116821F48061116019680A6842F4C0
:1080900000620A601A68516809057FF56AAF202CF2
:1080A0007FF65AAF14F5803F7FF463AF5CE7116849
:1080B00021F4806111601A68516811F4006148D0A0
:1080C000116821F4806111601A68002006905169DE
:1080D000069192690692069A15E600BFEBFFFEFF35
:1080E0001400010001010001AC000020106820F420
:1080F000806010601868426822F4E062426018688C
:108100005A6A006910705A8D2020013A5A8583F806
:108110003D005A6A93F83E0083F83E100132402831
:108120005A622DD0082C02D0202C7FF4F5AE00220C
:108130001A63F3E6012C7FF42AAE23E614F5803FA0
:108140007FF425AE1EE618461A63FFF7E3F9FFF742
:1081500046BB079151690791916907910799116889
:1081600041F400711160CEE5012C7FF402AFFBE613
:10817000012C7FF475AF116821F48061116087E6EE
:1081800018461963FFF7C6F9FFF729BBF0B5016878
:108190004B69D1F804E090F83E2013F480745FFA44
:1081A00082FC85B003F4007210D01EF4807F03F4CB
:1081B00080660FD06FF4807EC1F814E0002A45D1AC
:1081C000002E00F08F800168012218E022B11EF419
:1081D000807F0AD105B0F0BD5D0533D41B05F9D50C
:1081E0001EF4807FF6D008224CE06FF4007E03F48A
:1081F000806625460222C1F814E086B30168B0F813
:108200002AE01FFA8EF590F83DE0046BBCF1200FD8
:108210005FFA8EF63AD06FF4806EBCF1100FC1F8A1
:1082200014E042F0040E20D0BCF1400F1DD01C051C
:108230005DD47246036C1A43026405B0BDE8F04099
:10824000FFF7E0B91EF4807FC4D0D8E701686FF46F
:10825000007E03220125C1F814E0002ECED11E05B8
:10826000E8D5016845F00A020CE0D0F800C0DCF85F
:10827000001041F40071CCF800101905D9D501683F
:1082800042F00C026FF400634B61D3E71DBB06F0B4
:10829000F70CBCF1210F03D0282E1CD1212C1AD1B0
:1082A00090F83DC0D0F82CE0BEF1080F5FFA8CFCCE
:1082B00059D0BEF1200F56D0BCF1210F03F400635A
:1082C0001BD06FF4806CC1F814C0002B47D001683C
:1082D00042F00802D6E76FF4806CC1F814C042F097
:1082E000040EA4E71A0506D501680922CAE7016849
:1082F0004EF00802C6E701229CE7DFF8CCE0C0F8A8
:108300002CE0C0F830C04FF0000E4FF0200C80F889
:108310003DC080F83EE0D1F804C001902CF4E06C40
:10832000C1F804C004686FF480616161D0F800C0D6
:10833000DCF8001021F48061CCF800100168D1F85D
:1083400014C01CF0800F18BFC1F810E0CDE9022363
:10835000FFF76CF8039BDDE90102002BB7D1002A7F
:108360007FF468AF36E7BCF1280FA5D1DFF858C01D
:10837000C0F82CC0D1F804C001902CF4E06CC1F816
:1083800004C0CDE9022303686FF480615961D0F81D
:1083900000C0DCF8001021F48061CCF8001000214E
:1083A0004FF0200C016380F83DC080F83E10FFF7CD
:1083B00043F8039B13F4006FDDE9010287D1002A23
:1083C0007FF438AF06E700BF0000FFFF90F83D30B4
:1083D000012B2CD10368174A0221934280F83D10EB
:1083E0001AD0B3F1804F17D0A2F57C42934213D03C
:1083F00002F5806293420FD002F5806293420BD067
:1084000002F57842934207D002F57052934203D0AE
:10841000A2F59432934204D19A6802F00702062A28
:1084200003D01A6842F001021A6000207047012050
:10843000704700BF0000014090F83D30012B30D163
:1084400002681949022380F83D30D36843F00103E4
:10845000D36003688B4219D0B3F1804F16D0134A12
:10846000934213D002F5806293420FD002F58062EE
:1084700093420BD002F57842934207D002F5705236
:10848000934203D0A2F59432934204D19A6802F049
:108490000702062A03D01A6842F001021A6000207F
:1084A00070470120704700BF0000014000040040F9
:1084B000704700BF704700BF704700BF704700BFE4
:1084C00070B50368DE681C69A107054601D5B207CF
:1084D00054D4610701D572073CD4230701D5300776
:1084E00025D4E20601D5F30610D4E00701D5F10743
:1084F0005BD4220601D533065FD4600601D5710630
:1085000063D4A20601D5B30646D470BD2B686FF0C4
:1085100010021A612B6808222A77DB6913F4407F66
:10852000284666D0FFF7C6FF00232B77DDE72B68D0
:108530006FF008021A612B6804222A77DB69990719
:10854000284653D1FFF7B4FF2846FFF7B5FF0023B5
:108550002B77C6E72B686FF004021A612B680222A2
:108560002A779B6913F4407F28463CD1FFF7A0FF90
:108570002846FFF7A1FF00232B77AEE76FF002023A
:108580001A610123037703689B699B0725D0FFF7D6
:1085900091FF00232B779CE72B686FF020021A6174
:1085A0002846BDE8704000F0CFB82B686FF001029C
:1085B0001A612846F9F772F89BE72B686FF0800282
:1085C0001A61284600F0C2F897E72B686FF0400266
:1085D0001A612846FFF772FF93E7FFF769FF284605
:1085E000FFF76AFFD5E7FFF765FFC4E7FFF762FF14
:1085F000ADE7FFF75DFF2846FFF75EFF94E700BF9A
:1086000010B5DFF8D4C04A690368D1F808E06045C6
:1086100032D0B0F1804F2FD0DFF8C0C060454BD0D2
:108620000CF5806C604547D0DFF8B4C0604543D09E
:10863000DFF8B0C060453FD0DFF8ACC060453FD048
:108640000CF5806C60453BD00CF5806C604537D0F4
:10865000ACF5983C604533D00CF5806C60452FD06C
:108660000CF5806C60452BD0C0F82CE00968816265
:1086700023F080031A4317E04C68D1F80CC0C0F80F
:108680002CE023F07003234323F4407343EA0C03EC
:10869000DFF844C00C68846223F08003604542EA3E
:1086A000030201D10B6903630368012143F0040352
:1086B00003604161026010BD4C6823F070032343E6
:1086C000D1F80CC0C0F82CE023F4407343EA0C034B
:1086D000DFF810C0DEE700BF0000014000040040EA
:1086E000000C0040000401400040014050B310B5B0
:1086F00090F83D30044603F0FF02F3B12146022317
:1087000084F83D3051F8040BFFF77AFF012384F819
:10871000463084F83E3084F83F3084F8403084F8A6
:10872000413084F8423084F8433084F8443084F88F
:10873000453084F83D30002010BD80F83C2001F029
:108740005FF9DBE701207047704700BF704700BF4B
:1087500070B50446836D1E46FDF758F894F8353021
:10876000022B06D080236365002384F83430012077
:1087700070BD2268136823F01603136022685369E2
:1087800023F080035361236C054653B322681368BA
:1087900023F0080313602268136823F001031360B9
:1087A00004E0FDF733F8401B052810D823681B6848
:1087B00013F00103F5D1E16D3F228A4018460121F3
:1087C0000023B26084F8351084F8343070BD032380
:1087D00020226265184684F83530002384F834304E
:1087E00070BDA36C002BD1D1D5E700BF90F8353018
:1087F000022B03D0802343650120704702680523C4
:1088000080F83530136823F00103002013607047AF
:1088100090F83500704700BFF0B589B005460F46A7
:10882000FCF7F4FF00220023064608212868CDE962
:10883000002300F089FE044610B1204609B0F0BDC7
:10884000296D2868090400F0DFFE04460028F4D1F1
:108850004FF0FF320823CDE9022330220223CDE975
:10886000042302A9002201232868CDE9062300F091
:1088700069FD286800F0E4FE044640B1DDE7436B83
:108880009B0413D5FCF7C2FF801B013025D028685C
:10889000436B13F02A0F09D1436B9A02EFD500F016
:1088A00037FD0DEB840301341860EBE7436B1907C8
:1088B00019D4436B9A0516D4436B9B0710D4446BB1
:1088C00014F0200412D1DDE9003240F23A5112BA1C
:1088D0001BBA8163C7E90023AFE74FF00044ACE760
:1088E00002248463A9E708248463A6E72024846320
:1088F000A3E700BF704700BF704700BF80B110B54D
:1089000004460323006884F8343000F00FFD20464D
:10891000FFF7F2FF0023A36384F83430184610BD3C
:10892000012070472DE9F04188B00D4604461746F6
:108930000193FCF76BFF002D68D094F83430012BC5
:1089400007D0A36B43F00053A363012008B0BDE838
:10895000F0810199E26D791800239142A3635AD8FE
:108960002268032184F83410D362636C012B4FF02A
:10897000FF330293019B4FEA432303934FF001021D
:108980004FF002034FF0900C4FF0000ECDE904C3FE
:10899000CDE906E2064602A9206818BF7F0200F072
:1089A000D1FC019B2068012B4FF0010229D9022341
:1089B0002363394600F0E2FD002831D1DDF80C8058
:1089C00005E0FCF723FF0E9B801B98426DD22368C5
:1089D0005A6B40F22A310A425A6B2DD11704F0D556
:1089E000B8F1000FEDD005F1200700E0236818462C
:1089F00000F08EFC45F8040BBD42F7D1A8F1200829
:108A0000DFE72263394600F0ABFDD5E7A36B43F007
:108A10000063A36399E7A36B43F00073A36394E738
:108A20002368404A9A63A36B012103430022A36396
:108A300084F83410226388E7D0050BD5019A012A07
:108A400008D9626C032A05D0184600F0BFFD2368E0
:108A50000028E6D15A6B110735D45A6B12F4007214
:108A600031D1596B11F0020139D15A6B920641D4C0
:108A700047462F440CE0BD420FD000F049FC45F8BA
:108A8000040BFCF7C3FE0E9A2368801B90423CD275
:108A90005A6B12F4001F1846EDD140F23A510122F0
:108AA0009963002084F8342050E723681D4A9A63B4
:108AB000A36B012143F000430022A363032084F849
:108AC0003410226342E7174A9A63A36B012143F0F3
:108AD00008030022A36384F83410226335E71149A8
:108AE0009963A36B012143F00203A36384F834105C
:108AF00022632AE70B4A9A63A36B012243F0200307
:108B0000A36384F8342021631FE7064A9A63A36BAA
:108B1000012143F000430022A36384F83410226350
:108B200013E700BFFF0540002DE9F0438BB00C4672
:108B3000074616460193FCF769FE002C79D097F89A
:108B40003430012B07D0BB6B43F00053BB630120D3
:108B50000BB0BDE8F0830199FA6D711800239142C2
:108B6000BB636BD83A68032187F83410D3627B6CFF
:108B7000012B4FF0FF330493019B4FEA43230593EE
:108B80004FF0900C4FF00003CDE906C304A94FF05D
:108B900001034FF000020546386818BF7602CDE9A0
:108BA000082300F0CFFB019B3868012B31463BD9ED
:108BB00020233B6300F0FCFC002844D1DDF8149036
:108BC00005E0FCF723FE129B401B984270D23868E8
:108BD000436B40F21A310B420246436B3FD15E04B5
:108BE000EFD5B9F1000FECD004F1040804F124062C
:108BF00000E0386818F8043C18F803CC18F8021C98
:108C000018F8012C43EA0C2343EA014343EA0263C8
:108C100003A908F10408039300F07EFB4645E8D160
:108C2000A9F120092034CCE710233B6300F0B4FC09
:108C3000C2E7BB6B43F00063BB6388E7BB6B43F0E9
:108C40000073BB6383E73B682E4A9A63BB6B0121C9
:108C500003430022BB6387F834103A6377E7D905F2
:108C60000CD5019B012B09D97B6C032B06D000F09E
:108C7000ADFC3A6810B1234B9363E7E7536B1B07D6
:108C800022D4536B13F400731ED1516B11F0020107
:108C900026D1506B10F010002DD01A4B9363BB6B94
:108CA000012243F01003BB6387F8342039634EE799
:108CB0003B68144A9A63B96BB9630122002387F8B1
:108CC000342003203B6343E70E4B9363BB6B0121CE
:108CD00043F008030022BB6387F834103A6336E799
:108CE00008499163BA6B012142F00202BA6387F826
:108CF00034103B632BE740F23A510123916387F82C
:108D0000343025E7FF05400010B4426E920F0A7020
:108D1000426E0346C2F383624A7093F8672002F002
:108D200003028A70B3F86620CA705A6E120A0A717A
:108D30005A6E4A719A6E120DCA80B3F86A2002F018
:108D40000F020A729A6EC2F3C0324A729A6EC2F36E
:108D500080328A729A6EC2F34032CA729A6E0020D2
:108D6000C2F300320A7348735A6C002A40F08980BB
:108D70009C6ED86E40F6FC7202EA840242EA90725F
:108D80000A61DA6EC2F3C2620A7593F86F2002F0CC
:108D900007024A75DA6EC2F342528A75DA6EC2F37E
:108DA0008242CA75DA6EC2F3C2320A760A690132A9
:108DB0005A65087E00F00700023082405A6591F83B
:108DC00008C001200CF00F0C00FA0CF04FEA502CF8
:108DD00002FB0CF2C3E91602DA6E4FF40070C2F324
:108DE000803218664A76DA6EC2F3C6128A76DA6E76
:108DF00002F07F02CA761A6FD20F0A771A6FC2F397
:108E000041724A771A6FC2F382628A771A6FC2F38D
:108E10008352CA771A6F0020C2F3405281F8202093
:108E200081F82100B3F872204FF0010C02EA0C0225
:108E300081F822201A6FC2F3C03281F823201A6F02
:108E4000C2F3803281F824201A6FC2F3403281F8D5
:108E500025201A6FC2F3003281F826201A6FC2F360
:108E6000812281F827201A6FC2F3012281F828207D
:108E70001B6FC3F3460381F8293081F82AC010BC68
:108E80007047012A10D19A6EB3F86E00120402F4F2
:108E90007C1202430A610A69013292024FF40070A7
:108EA000C3E916025A6597E71A68064991639A6BF7
:108EB000012142F080529A6383F83410084610BCB6
:108EC000704700BFFF054000F0B5002299B076233F
:108ED000CDE90A230024099409AB054693E807006D
:108EE0008DE80700CDE906440894824E286806AB59
:108EF0000ECB00F0F1F9C6F8A0402868012700F079
:108F000011FA0220C6F8A070FCF786FC28680594C8
:108F100000F02EFA044648B1012385F83430AB6BDB
:108F20002343AB630124204619B0F0BD286800F04C
:108F30006FFC002840F0C580AF642868002100F075
:108F400063FB002840F0D280059B4FF6FE76B342CB
:108F50001AD80021286800F057FB6749044600280A
:108F6000DAD1286800F028FA002840F0BF802146B6
:108F7000286800F0E3F9059B01330593059BB34294
:108F8000044601D80028E4DA059A4FF6FE739A42A7
:108F900000F2A980C4F38074012328686C64ADF8E2
:108FA000123000F0C7F9002800F095806B6C28683B
:108FB000032B1CD1042100F0C1F9000DE8640DA9B8
:108FC0002846FFF7A1FE0446002840F087802A6D5E
:108FD00028681204234600F009FB0146002853D0FC
:108FE000012385F83430AB6B0B43AB639AE700F099
:108FF0006FFB01460028F3D1286800F09FF9034673
:1090000004216B67286800F099F903460821AB67D3
:10901000286800F093F90346EB6728680C2100F0FC
:109020008DF96B6CC5F88000032B2868C2D00DF158
:10903000120100F0B1FB01460028D1D16B6C286809
:10904000032BB7D0BDF812102965090400F04CFBC2
:1090500001460028C4D1286800F070F903460421B5
:109060006B66286800F06AF903460821AB66286839
:1090700000F064F90346EB6628680C2100F05EF905
:1090800003462B67286895E72A462B1D52F8106B7C
:1090900007CA8DE8070030460ECB00F01DF928689E
:1090A0004FF4007100F050FA00283FF43CAF2B68F9
:1090B000124A9A63AB6B01220343AB6385F83420F9
:1090C00030E72868AC6400F053F950B9AB6C012B61
:1090D0007FF43AAF31E74FF0806181E74FF0805184
:1090E0007EE7044618E74FF0807415E74FF0805490
:1090F00012E700BF00802542000010C1FF054000BC
:10910000C8B110B590F83430044603F0FF0273B1D3
:10911000032384F834302046FFF7D6FE28B9012314
:10912000A063206384F8343010BD012010BD0277A5
:10913000FFF7E0FBECE70120704700BF436C0B60DA
:10914000836C4B60C36C8B60036DCB60436D0B61B4
:10915000836D4B61C36D8B61036ECB6100207047E3
:1091600030B5426C0323032A8DB0044680F83430B6
:109170000B4625D0B1F5805F22D0B1F5006F66D0E7
:10918000002940D0826B42F000628263A56BD4F864
:1091900000C0F5B90993D4E90523CDE90A23A368F2
:1091A0000793E3686268069208930CAA12E9070025
:1091B0008DE8070006AB0ECB604600F08DF80FE09F
:1091C000A26B42F08052A263A56BD4F800C0002DC0
:1091D000E0D00123354ACCF838201D4684F83430DD
:1091E00020684FF4007100F0AFF930B123682F4AC6
:1091F0009A63A36B03430125A3630123284684F8E4
:1092000034300DB030BD00680591079100F096F83C
:1092100010F0007F059B3DD106A92046FFF7FCFA20
:10922000059B014678B9079AD20338D5216D20688D
:10923000090400F0E9F9059B014620B9206800F017
:10924000F1F9059B0146A26B0A43A263BCE70068E3
:1092500005910021079100F071F810F0007F059B47
:109260001BD106A92046FFF7D7FA059B70B9079ACC
:10927000510317D5216D2068090400F0C5F9059B3D
:1092800020B92068022100F0CDF9059BA26B0243B2
:10929000A26399E74FF40061D5E71846F6E74FF06F
:1092A0008061D0E74FF08060F0E700BFFF0540002D
:1092B00010B5016D04460904006800F0D1F90146BB
:1092C00020B1A36B0B43A363002010BD206800F006
:1092D00035F8C0F3432010BD84B010B40DF1080C74
:1092E0008CE80E0041EA0203049942680B43DDE971
:1092F000054123430B43079922F4FD420B4322F01F
:109300007F021343436010BC002004B0704700BFCD
:10931000D0F88000704700BF0B68C0F88030002094
:10932000704700BF032303600020704703460020FE
:1093300018607047006800F0030070471430405810
:10934000704700BF10B40B6843624B688362CC68FF
:109350008B68D1F810C0C26A4969234343EA0C0301
:109360000B4322F0F7021343C36210BC0020704786
:1093700000220F4B8260C2680E491B686FF30B021C
:10938000A1FB031342F480625B0A41F28831C260A0
:1093900001FB03F343B1426B120603F1FF33F9D52E
:1093A000C5238363002070474FF00040704700BF23
:1093B000AC000020D34D621041F0004141F4801117
:1093C000164B8160C26816491B686FF30B02A1FB44
:1093D00003135B0A41F2883142F48D6242F00102CC
:1093E00001FB03F38446C26043B1DCF8342012F081
:1093F000450F01D0120504D5013BF6D14FF00040D6
:109400007047DCF8340010F0040015BF0420C523B9
:10941000CCF83800CCF83830704700BFAC000020E2
:10942000D34D6210454BDFF81CC11B68ACFB03C376
:109430005B0A03FB02F252B1013A436B13F0450F92
:1094400002F1FF3201D01B0504D5531CF5D14FF0BA
:1094500000407047436B5A073ED4436BDB0707D489
:10946000C52383630369DBB2994204D001207047AE
:1094700001238363FAE743693148184058B3002B4E
:109480002EDB59002FD49A002FD4D9002FD41A01E3
:1094900030D4590131D4DA0132D4190233D45A020A
:1094A00034D499023ED4DA0239D4590334D49A031D
:1094B0002FD4D9033FD41A043AD4590435D49A048A
:1094C00007D413F0080F0CBF4FF480304FF40000A6
:1094D00070474FF480007047042383631846704739
:1094E0004FF00070704740207047802070474FF465
:1094F000807070474FF4007070474FF48060704781
:109500004FF4006070474FF4805070474FF40050A4
:1095100070474FF4802070474FF4003070474FF48D
:10952000004070474FF4804070474FF40010704780
:109530004FF4801070474FF400207047AC000020BB
:1095400008E0FFFDD34D62108160C1686FF30B012D
:1095500041F48A61C16041F288321021FFF762BF95
:109560008160C3686FF30B0343F48A6343F0010324
:1095700041F28832C3601121FFF754BF8160C36894
:109580006FF30B0343F48A6343F0020341F2883222
:10959000C3601221FFF746BF8160C1686FF30B0102
:1095A00041F48B61C16041F288321821FFF73ABF64
:1095B0008160C3686FF30B0343F48B6343F00103D3
:1095C00041F28832C3601921FFF72CBF002383606A
:1095D000C368054A6FF30B0343F4896343F0040344
:1095E000C3600C21FFF71EBF00E1F5058260C36870
:1095F0006FF30B0343F4886343F0070341F28832AF
:10960000C3600721FFF70EBF8160C3686FF30B03D0
:1096100043F48E6343F0070341F28832C36037217D
:10962000FFF700BF8160C3686FF30B0343F48863E7
:1096300043F0060341F28832C3600621FFF7F2BE11
:1096400000238360C3686FF30B0343F48E6343F01E
:10965000030341F28832C3603321FFF7E3BE00BF4A
:109660008160C3686FF30B0343F4896343F0050320
:1096700041F28832C3600D21FFF7D4BE124B134A6A
:109680001B68A2FB032341F288315B0A01FB03F351
:1096900001463BB14A6B12F0450F01D0120504D5CB
:1096A000013BF7D14FF0004070474B6B5B0707D48D
:1096B000486B10F0010014BF0123C5238B63704772
:1096C00004208863704700BFAC000020D34D6210B7
:1096D00000238360C3686FF30B0343F4986343F084
:1096E0000203C360FFF7CABF8160C3686FF30B0357
:1096F00043F4996343F00103C360FFF7BFBF00BFAA
:10970000234BDFF890C01B68ACFB03C35B0A41F23C
:10971000883C0CFB03F3844643B1DCF8340010F0C2
:10972000450F01D0000504D5013BF6D14FF00040B4
:109730007047DCF834305B0720D4DCF83430D807CD
:1097400006D4DCF81030DBB2994205D00120704716
:109750000123CCF83830F9E7C523CCF83830DCF8F1
:10976000143013F4604010D05A040BD413F4004F9B
:109770000CBF4FF480304FF4805070470420CCF879
:10978000380070474FF4005070471B0C138070472F
:10979000AC000020D34D621000238360C3686FF3D8
:1097A0000B0343F4886343F003030A46C3600321B9
:1097B000FFF7A6BF144B154A1B68A2FB032341F217
:1097C00088315B0A01FB03F301463BB14A6B12F09F
:1097D000450F01D0100504D5013BF7D14FF00040F3
:1097E00070474B6B5A070CD4486B10F0010005D141
:1097F0004B6B5B06F4D540238B63704701238B636F
:109800007047042088637047AC000020D34D62107D
:109810004FF4D5728260C2686FF30B0242F4896222
:10982000C260FFF7C7BF00BF82B00C4B00210091A0
:109830005A6C42F480425A645A6C02F4804200929C
:10984000009A01911A6C42F080521A641B6C03F06A
:1098500080530193019B02B0704700BF0038024063
:1098600000B5394903688BB000228B42CDE9042250
:10987000CDE90622089204D034498B422ED00BB099
:1098800000BD334B0092186C40F400301864186C23
:1098900000F40030009000980192186B40F0010035
:1098A00018631B6B2B489FED247B03F001034FF0E3
:1098B000030C019304A907238DED047BCDE907C3B5
:1098C000DDF804E0FCF7FEFA002202212620FBF777
:1098D000C7FF2620FBF7F6FF0BB000BD1C4B029222
:1098E000586C40F010005864586C00F01000029062
:1098F00002980392186B40F0010018631B6B154827
:109900009FED0F7B03F001034FF0030C039304A9B9
:1099100007238DED047BCDE907C3DDF80CE0FCF7F0
:10992000D1FA002202212520FBF79AFF2520FBF720
:10993000C9FF0BB000BD00BF0C000000020000001A
:10994000000600000200000000440040001001403A
:10995000003802400000024000B5274B016889B082
:1099600000229942CDE90222CDE90422069201D0DB
:1099700009B000BD03F5F2330092186C40F40010FA
:109980001864186C00F40010009000980192186B95
:109990009FED157B40F0020018631B6B17488DED9F
:1099A000027B9FED137B03F00203019302A90423C2
:1099B0008DED047BDDF804C00693FCF783FA0022EA
:1099C00001211F20FBF74CFF1F20FBF77BFF00222C
:1099D00001212020FBF744FF2020FBF773FF09B093
:1099E00000BD00BFAFF300800003000012000000C4
:1099F0000100000003000000005400400004024089
:109A000000B50368B3F1804F83B004D0144A934289
:109A100010D003B000BD03F50E33002200921A6C83
:109A200042F001021A641B6C03F001030093009BD7
:109A300003B000BD0B4B00220192196C41F00201F2
:109A400019641B6C03F00203019301211D20019B8B
:109A5000FBF706FF1D2003B05DF804EBFBF732BFF8
:109A600000040040003802402DE9F04FB9B0D0E9C1
:109A7000065ED0E904BC03688B4904938C6ACE6A05
:109A80004F6B896BD0F80CA0884A0591D0E9018909
:109A90002B46CDE900CEC42107A801F00FFB3621EB
:109AA00007A8F8F7ADFF049B814AC421CDE902ABBA
:109AB000CDE9008907A801F001FB502107A8F8F7BC
:109AC0009FFF05997B4A0096CDE901712346C42189
:109AD00007A801F0F3FA4A2107A8F8F791FFE70772
:109AE00020D4A00700F1CE80E10500F1B580A205E9
:109AF00000F19D80630500F18680E70371D4A00327
:109B00005BD4A10146D4E20132D473001FD4C42136
:109B1000694A2B4607A801F0D1FA602107A8F8F797
:109B20006FFFFEE7DFF89CC1BCE80F0007AF0FC76F
:109B3000BCE80F000FC79CE80F0007C727F8023BDF
:109B40002E211B0C07A83B70F8F75AFFC9E75B4EA4
:109B50000FCE07AC0FC40FCE0FC40FCE0FC496E8C4
:109B6000070084E807003B2107A8F8F749FFCEE784
:109B7000534F0FCF07AC0FC40FCF0FC497E80F00A0
:109B800007C424F8023B2E211B0C07A82370F8F70A
:109B900037FFBAE7DFF830C1BCE80F0007AF0FC7E7
:109BA0009CE8030047F8040B27F8021B090C3970E6
:109BB00007A81621F8F724FFA5E7DFF810C1BCE8D5
:109BC0000F0007AF0FC7BCE80F000FC7BCE80F00BE
:109BD0000FC7DCF800303B70302107A8F8F710FF02
:109BE0008FE7DFF8ECC0BCE80F0007AF0FC7BCE899
:109BF0000F000FC79CE80F0087E80F002F2107A870
:109C0000F8F7FEFE7BE7DFF8CCC0BCE80F0007AF3B
:109C10000FC7BCE80F000FC7BCE80F000FC7DCF888
:109C200000303B60332107A8F8F7EAFE65E7DFF86C
:109C3000A8C0BCE80F0007AF0FC7BCE80F000FC7F4
:109C4000BCE80F000FC79CE8070087E807003B212E
:109C500007A8F8F7D5FE4DE7DFF880C0BCE80F0095
:109C600007AF0FC7BCE80F000FC7BCE80F000FC756
:109C70009CE8030047F8040B07A839803521F8F762
:109C8000BFFE34E7DFF858C0BCE80F0007AF0FC7CE
:109C9000BCE80F000FC79CE8070003C7282107A8EE
:109CA0003A70F8F7ADFE1FE700ED00E040EB00086A
:109CB00070EB0008B4EB0008E0ED0008A4ED00082C
:109CC00074ED0008F4EB00085CED000828ED0008D6
:109CD000F8EC0008C4EC000888EC000850EC000820
:109CE00024EC0008FEE700BF1EF0040F0CBFEFF3EA
:109CF0000880EFF30980FFF7B7BE00BF1EF0040F26
:109D00000CBFEFF30880EFF30980FFF7ADBE00BF93
:109D10001EF0040F0CBFEFF30880EFF30980FFF78C
:109D2000A3BE00BF1EF0040F0CBFEFF30880EFF3DB
:109D30000980FFF799BE00BF704700BF704700BFA2
:109D4000704700BFFBF756BD0148FEF7B9BB00BF27
:109D50007C6001200148FCF75BBC00BF586101201A
:109D60000148FCF755BC00BF106101200148FDF718
:109D700001BD00BFA06101200148FEF707BA00BF86
:109D8000A0610120034AD2F8883043F47003C2F87E
:109D90008830704700ED00E0DFF834D0FFF7F2FFC5
:109DA0000C480D490D4A002302E0D458C450043336
:109DB000C4188C42F9D30A4A0A4C002301E013600C
:109DC0000432A242FBD301F047FAF7F70BFA7047CF
:109DD00000000220000000207802002014F3000898
:109DE000780200203C9B0120FEE7000000F0A8B8AC
:109DF00008B52DED028BF0EE408A00F043F9B0EE8D
:109E0000408AB0EE680A00F087F868B1DFED127A98
:109E1000F4EEE78AF1EE10FA0BDCDFED107AF4EEE7
:109E2000E78AF1EE10FA0FD4B0EE480ABDEC028BCF
:109E300008BD9FED0B8A01F009FAB0EE480ABDECAF
:109E4000028B2223036008BD01F000FA22239FED5C
:109E5000058A0360E8E700BF1772B142B5F1CFC2CF
:109E60000000807F0000000008B52DED028BB0EEF1
:109E7000408A00F0FBF9B4EE488AF1EE10FA0FD6F2
:109E8000B5EEC08AF1EE10FA0ADCB5EE408AF1EECA
:109E900010FA08D101F0DAF922239FED090A0360D4
:109EA000BDEC028B08BD01F0D1F9BDEC028B03467D
:109EB00021221A600348BDE8084000F037B800BF0F
:109EC000000080FF18DC000800B52DED028BB0EE1D
:109ED000408A83B000F030F8B4EE488AF1EE10FA10
:109EE00006D6DFED0C7AB4EEE78AF1EE10FA03D471
:109EF00003B0BDEC028B00BDCDED017A01F0A6F9F7
:109F0000DDED017A87EEA70A2123036003B0BDECE3
:109F1000028B00BD0000000010EE103A23F000405C
:109F2000B0F1FF4F2CBF0020012070479FED010AC8
:109F3000704700BF0000C07FB1EEC00A704700BF8D
:109F400010EE903A23F00041B1F1FF4FF0EE407A6D
:109F500033D810EE10CA2CF00040B0F1FF4F2CD8CF
:109F6000B3F17E5F3DD09A1702F0020242EADC7242
:109F700030B371B3B1F1FF4F3ED0B0F1FF4F35D0E8
:109F800000B5401AB0F1F45F83B04FEAE0512ADA2D
:109F9000002B3EDA3C313CDA9FED310A012A41D0F8
:109FA000022A46D03AB19FED2F7ADFED2F7A30EEBC
:109FB000070A30EE670A03B000BD30EEA70A70470B
:109FC000022A0BD09FED297A032A08BFB0EE470A78
:109FD00070478C450DDB9FED260A70479FED220AE6
:109FE000704700F03DBA9FED220AD7E7BCF1000FA1
:109FF000F1DA9FED200A7047B0F1FF4F02F1FF3216
:10A0000020D0022A26D81C4B03EB820393ED000AD2
:10A01000704787EEA00A019200F0FEFA00F020FAE5
:10A02000019ABBE710EE103A03F1004300EE103A3C
:10A03000C1E79FED0C7ADFED0C7A30EE070A37EEC0
:10A04000C00AB8E7022A08D80C4B03EB820393ED51
:10A05000000A70479FED020A70479FED090A70479A
:10A06000000000002EBDBB33DB0F4940DB0F49C0B1
:10A07000DB0FC93FDB0FC9BF40EF00084CEF000802
:10A08000DB0F493F10EE103A23F00042B2F1FF4FD0
:10A0900056D84FEAD37100F095806248834200F3AE
:10A0A0008780002BC0F287805F4B9A424BD95F4B71
:10A0B0009A4200F29A805E4B5E4A03EB8103D3ED35
:10A0C000004A02EB810281F0010370EE644AD2ED96
:10A0D000007A5B1A34EEE70ADFED576A9FED575AB4
:10A0E000DFED575A9FED576A20EE007AA7EE265A09
:10A0F000DFED556AE5EE075AE5EE876AA6EE876A58
:10A10000F0EE406AE6EE476A20EE266A002B42D067
:10A11000B0EE007A37EE667AB7EE000AC6EE076A4E
:10A1200013F17D0F77EEE67A77EEE47A30EE670A88
:10A130004FDB10EE102A02EBC35300EE103A7047CB
:10A1400030EE000A7047B2F1505F0AD2DFED3F7A7D
:10A1500070EE277AB7EE007AF4EEC77AF1EE10FAD5
:10A160005DDC60EE007A9FED347ADFED345A9FEDCE
:10A17000346ADFED356AE7EE875A9FED327AA7EE53
:10A18000A56AE7EE866AA7EEA67AF0EE406AE7EEE9
:10A19000C76A20EE266AF0EE007A76EEE76AB7EE3E
:10A1A000007AC6EE267A77EEC07A37EE670A7047F5
:10A1B000002000F05BBA264B9A427FF675AF002074
:10A1C00000F04EBADFED237A002918BFB0EE670A1F
:10A1D000704710EE102A643302EBC353DFED1E7A92
:10A1E00000EE103A20EE270A70471C4B9FED1C7AB8
:10A1F000DFED1C6A03EB8103D3ED007AE0EE077A12
:10A200009FED197AFDEEE77AF0EE404A17EE903AAC
:10A21000F8EEE77AE7EEE64A67EE877A5AE730EE3D
:10A22000070A70471772B1421872B13E9115853F07
:10A2300060EF000858EF00084CBB31330EEADDB583
:10A2400055B38A38ABAA2A3E610B36BBCAF24971B4
:10A25000B5F1CF42000000000000800D68EF00085B
:10A260003BAAB83F8071313FD1F7173710EE102A63
:10A2700032F000432FD0002A134633DBB2F1FF4FF8
:10A2800040DAB2F5000F34DB4FF0000C6448C3F342
:10A290001601081800F4000282F07E520A43DB1512
:10A2A00000EE102A7F3B5F4A634401F10F0CF7EE8A
:10A2B000007A0CEA020230EE670A03EBD05322BBAD
:10A2C000B5EE400AF1EE10FA62D1002B40F090801A
:10A2D0009FED550A70479FED557ADFED537A87EE73
:10A2E000270A704770EE407A9FED4F7A87EE870A13
:10A2F0007047DFED4F7A60EE277A6FF0180C17EE9B
:10A30000903AC3E730EE000A7047F0EE007A70EE44
:10A31000277A07EE103A80EE274A4648C1F55712D1
:10A32000081802F522720243002A9FED433ADFED3E
:10A33000434ADFED435ADFED433A9FED435ADFEDE9
:10A34000437ADFED436A24EE046AF8EEC72A26EE6C
:10A35000067AE7EE034AA7EE235AE4EE875AE5EEC3
:10A36000076AE5EE877A67EE867AE6EE877A2ADD77
:10A37000B6EE007A20EE077A27EE007A77EE877A3B
:10A3800067EE847A3BBB37EE677A30EE470A704758
:10A39000DFED307AB6EE007AA0EE677A60EE007AF2
:10A3A00027EE277A002BF0D007EE903A9FED2A6A2D
:10A3B000DFED2A6AF8EEE77AA7EEC67A37EE400AB2
:10A3C00097EEA60A704770EE677A67EE847AE3B973
:10A3D00030EE670A70479FED206ADFED206AE2EEFB
:10A3E000867A37EE677A37EE400A92EEA60A704711
:10A3F00007EE903A9FED180A9FED187AF8EEE77A8B
:10A4000027EE800AA7EE870A7047DFED136A9FEDFB
:10A41000137AE2EEE67A37EEC00A92EE870A7047C8
:10A4200020FB4A00F0FF7F0000000000000000CC8D
:10A430000000004C305CCFFF9788173E25333A3E32
:10A440002549923E4FD01C3E298E633EABAA2A3F3F
:10A45000CDCCCC3EABAAAA3ED1F717378071313FA5
:10A4600010EE102A22F00043B3F1A14FF0EE407A33
:10A4700007D3B3F1FF4F56D8002A7CDD9FED530A76
:10A48000704700B552498B4283B05BD8B3F1445F4B
:10A490004CD34FF0FF3327EEA76A9FED4E5A9FED46
:10A4A0004E7ADFED4E5ADFED4E4A66EE066A591CD3
:10A4B000A6EE857AE6EEA54A9FED4A5ADFED4A5AA6
:10A4C000A7EE265AE4EEA65A9FED487ADFED484AF9
:10A4D000A5EE267AE5EEA64A9FED465ADFED465AEE
:10A4E000A7EE265A9FED457AA4EEA67AE5EE265A07
:10A4F00027EE267AA5EE867A27EE277A42D04048C4
:10A50000404900EB8300D0ED006A37EE667A01EB3C
:10A510008303D3ED006A37EE677A002A36EEC70A66
:10A520002CDB03B000BD30EE000A70479FED367A99
:10A5300030EE077AF7EE006AB4EEE67AF1EE10FA42
:10A54000A7DDEEE7CDE9003200F066F82F49009B69
:10A55000019A8B421AD8A1F5D0018B422BD8F0EE8C
:10A56000007ABFEE007AA0EE277A002330EE270AA9
:10A57000C7EE007A8FE79FED260A7047B1EE400ADA
:10A5800003B000BD37EEC70A03B000BD21498B42BE
:10A590000BD8F7EE087AB7EE007AA0EE277A0223FE
:10A5A00030EE670AC0EE077A75E7BFEE007AC7EEB5
:10A5B000007A03236FE7F7EE007A30EE677A30EE29
:10A5C000270A0123C7EE007A65E700BFDB0FC93F0A
:10A5D000FFFFDF3ED769853C59DA4B3D21A215BD0F
:10A5E0006BF16EBD356B883D95879DBD6E2EBA3D76
:10A5F000388EE3BD2549123EABAAAA3ECDCC4CBE57
:10A6000070EF000880EF0008CAF24971FFFF973F22
:10A61000DB0FC9BFFFFF1B4010EE103A23F00043D1
:10A6200000EE103A704700BF10B582B08DED010A00
:10A63000044600F00BFE9DED010A046002B010BD5F
:10A6400030B1F1EE407A27EE800A2220FFF7ECBF0E
:10A65000F0EE407A27EE800A2220FFF7E5BF00BF28
:10A660009FED010AFFF7ECBF000000109FED010A0B
:10A67000FFF7E6BF000000702DE9FF4757EC106BB5
:10A68000002F0C469146DDF830A019464FF000022D
:10A6900003DA07F100431F462D220D9D0A7025F0B5
:10A6A0002005462D04D0452D00D10134022100E0C3
:10A6B000032103AB019302AB009347EC106B5346AD
:10A6C000224600F089FE472D80461AD119F0010F6D
:10A6D0000ED000EB04090022002330463946F6F77D
:10A6E000D3F908B1CDF80C903022039B4B451ED313
:10A6F000039B0E9AA3EB08034046136004B0BDE829
:10A70000F087462D00EB0409E5D10378302B0AD100
:10A710000022002330463946F6F7B6F918B9C4F1DD
:10A720000104CAF80040DAF800309944D3E7591C14
:10A7300003911A70D9E7F7B50029BABF49422D2312
:10A740002B230929027043702ADD0DF10704871CB1
:10A75000A6460A26A446B1FBF6F506FB15123032D2
:10A76000632904F1FF340CF8012C2946F2DC303166
:10A77000ACF1020204F8011C411C144672450AD3D4
:10A780000DF10903A3EB0C03A64538BF00233B449E
:10A79000181A03B0F0BD12F8013B01F8013FEDE7D4
:10A7A000302330318370C170031DF1E72DE9F04F84
:10A7B0008FB00C46DDF8608016461F46054600F057
:10A7C000FBFC036807931846F5F732FD00230C9352
:10A7D000D8F8003094F818A0D4F800B008900733E7
:10A7E00023F00703B3EC027B8DED047BC8F8003047
:10A7F000DDE9048323F0004984ED127B9A4B4FF08E
:10A80000FF3240464946F6F771F970BB964B4FF060
:10A81000FF3240464946F6F74BF930BBDDE904010B
:10A8200000220023F6F73AF910B12D2384F84330C3
:10A830008E4A8F4BBAF1470F8CBF90469846032340
:10A8400023612BF0040323604FF000090097334687
:10A850000DAA2146284600F0CDF9013040F08C8049
:10A860004FF0FF300FB0BDE8F08FDDE90423104654
:10A870001946F6F73BF940B1059B7E4A002BBCBF59
:10A880002D2384F843307C4BD4E763685A1C0AF0CC
:10A89000DF093BD1062363604BF480620023226012
:10A8A00003930CABCDE901A30BAB009361689DED65
:10A8B000040B0DF12B032846FFF7DEFEB9F1470F1D
:10A8C0000B99804629D1C81C02DB63688B4241DAB0
:10A8D000AAF1020A5FFA8AFA0139524604F15000DD
:10A8E0000B91FFF728FF0C9A1318012A8146236168
:10A8F00002DC2268D20701D5013323619DF82B3099
:10A90000002BA3D02D2384F843309FE7B9F1470FE4
:10A91000C2D1002BC0D10123BDE7BAF1650FDBD94D
:10A92000BAF1660F18D1002963680BDD216113B9F4
:10A930002268D00702D501330B442361A1654FF093
:10A940000009DBE713B92268D20701D50233F4E727
:10A950000123F2E74FF0670A0C9B8B4205DC23686A
:10A960002161D807EAD54B1CE7E70029D4BFC1F124
:10A97000020201221344E0E723685A0507D4236941
:10A98000424631462846B847013028D168E7BAF137
:10A99000650F40F2DB80D4E9120100220023F6F7B4
:10A9A00073F890B3354A012331462846B847013041
:10A9B0003FF456AFDDE90B38434502DB2368D80787
:10A9C0000DD5DDE9072331462846B84701303FF46D
:10A9D00047AF4FF0000908F1FF38C84509DC23688C
:10A9E0009B0700F10481E0680D9B9842B8BF1846B0
:10A9F00038E7012304F11A0231462846B8470130EE
:10AA00003FF42EAF09F10109E7E70B9B834237DCE6
:10AA10001A4A012331462846B84701303FF420AF97
:10AA2000DDE90B3959EA030302D12368D907D6D5EA
:10AA3000DDE9072331462846B84701303FF410AF1F
:10AA40004FF0000A0B9B5B42534501DC4B4697E7F6
:10AA5000012304F11A0231462846B84701303FF479
:10AA6000FFAE0AF1010AEDE7FFFFEF7F94EF000868
:10AA700090EF00089CEF000898EF0008A0EF000896
:10AA8000A36DDDF830B05B45A8BF5B46002B049397
:10AA900037DC4FF0000904F11A02049BD4F858A0E7
:10AAA000002BACBFAAEB030353464B4531DC0B9B99
:10AAB0009B453ADC2368DA0737D40B9BABEB0309E1
:10AAC000ABEB0A039945A8BF9946B9F1000F34DCF6
:10AAD0004FF000080B9BB9F1000FABEB0303A8BFCD
:10AAE000A3EB090343457FF77AAF012304F11A0270
:10AAF00031462846B84701303FF4B2AE08F10108AC
:10AB0000E8E7049B424631462846B8470130C0D1A9
:10AB1000A6E60123314628460992B84701303FF4A2
:10AB20009FAE099A09F10109B7E7DDE9072331462C
:10AB30002846B8470130C0D192E64B4608EB0A02DE
:10AB400031462846B8470130C2D189E6DDF830A049
:10AB5000BAF1010F01DCDB0735D50123424631464E
:10AB60002846B84701303FF47BAEDDE90723314684
:10AB70002846B84701303FF473AED4E912010022F1
:10AB800000230AF1FF3AF5F77FFFC8B9534608F1F1
:10AB9000010231462846B84701300DD160E6012355
:10ABA00004F11A0231462846B84701303FF458AE46
:10ABB00008F10108D045F2DB4B4604F15002E0E613
:10ABC0004FF00008F6E701234246E2E7012304F1D3
:10ABD000190231462846B84701303FF441AE08F12A
:10ABE0000108E3680D995B1A4345EFDCFBE64FF083
:10ABF0000008F6E72DE9F047914698468A680B6908
:10AC0000089E9342B8BF1346C9F8003091F843201C
:10AC100007460C4612B10133C9F800302368990683
:10AC200042BFD9F800300233C9F80030256815F06A
:10AC3000060507D104F1190AE368D9F800209B1A28
:10AC4000AB4229DC94F843302268003B18BF012353
:10AC500092062ED404F1430241463846B0470130F3
:10AC600021D02368A168226903F00603042B01BFE9
:10AC7000E568D9F80030ED1A25EAE57518BF00251A
:10AC80008B1A2B449142C8BF1D464FF000091A345D
:10AC90004D451AD1002008E001235246414638466E
:10ACA000B047013003D14FF0FF30BDE8F0870135E8
:10ACB000C2E7E1185A1C302081F84300224494F87E
:10ACC000451082F843100233C4E70123224641466F
:10ACD0003846B0470130E6D009F10109D8E7000055
:10ACE0002DE9F04398460B7E85B0782B1746064633
:10ACF0000C9A0C4609D8622B01F1430108D8002BAD
:10AD000000F0DC80582B00F0BD8004F1420539E0F2
:10AD1000A3F163001528F8D801A555F820F000BF6D
:10AD200079AD00088DAD00080BAD00080BAD000833
:10AD30000BAD00080BAD00088DAD00080BAD000891
:10AD40000BAD00080BAD00080BAD00089DAE000870
:10AD5000B9AD00084BAE00080BAD00080BAD000804
:10AD6000C5AE00080BAD0008B9AD00080BAD00087A
:10AD70000BAD000853AE00081368191D1B68116065
:10AD800004F1420584F842300123A8E013682568E5
:10AD9000181D1060280601D51B6803E06A06FBD564
:10ADA000B3F90030002B03DA2D225B4284F84320F4
:10ADB000DFF878C10A2213E02568106815F0800FCB
:10ADC00050F8043B02D16D0648BF9BB21060227E52
:10ADD000DFF858C16F2A5DD10822002084F84300B3
:10ADE0006568A560002D05DB20681D4320F0040088
:10ADF000206051D00D46B3FBF2F002FB103E9A42A8
:10AE00001CF80EE005F801ED0346F4D9082A0BD131
:10AE10002368DA0708D5236962689A42DEBF3023C7
:10AE200005F8013C05F1FF35491B2161CDF8008093
:10AE30003B4603AA21463046FFF7DCFE013053D1E2
:10AE40004FF0FF3005B0BDE8F083236843F02003E6
:10AE50002360DFF8DCC0782384F84530206815686B
:10AE600010F0800F55F8043B03D110F0400F18BFCD
:10AE70009BB21560C50744BF40F02000206023B19D
:10AE80001022AAE7DFF8A4C0E6E7226822F0200239
:10AE90002260F5E70A22A0E70D46B7E71368D4F869
:10AEA00000C060691D1D15601CF0800F1B6801D07B
:10AEB000186003E01CF0400FFAD0188000232361D3
:10AEC0000D46B3E71368191D11601D686268002103
:10AED0002846F5F75DF908B1401B6060636823619F
:10AEE000002384F84330A1E723692A4639463046D7
:10AEF000C0470130A4D023689B0714D4E068039BAB
:10AF00009842B8BF18469DE7012304F1190239465B
:10AF10003046C047013093D00135E36803995B1A8E
:10AF2000AB42F1DCEAE70025F7E700BFA2EF00083B
:10AF3000B3EF0008002310B50446C0E90033C0E9B0
:10AF40000433836081814366C2818361194608228C
:10AF50005C3000F029F90D4B63620D4BA3620D4B81
:10AF6000E3620D4B23630D4B24629C4206D003F138
:10AF70006802944202D0D0339C4205D104F15800BB
:10AF8000BDE8104000F08CB910BD00BF21B1000831
:10AF900043B100087BB10008A1B10008EC99012081
:10AFA000024A0349034800F06BB800BFB00000201C
:10AFB00061CC0008C000002041680C4B994210B5DC
:10AFC000044601D001F04CFEA168094B994202D021
:10AFD000204601F045FEE168064B994204D0204628
:10AFE000BDE8104001F03CBE10BD00BFEC9901204F
:10AFF000549A0120BC9A012010B50A4B0A4A1A60E3
:10B000000A4800220421FFF795FF0948012209217F
:10B01000FFF790FFBDE81040064802221221FFF71B
:10B0200089BF00BF249B0120A1AF0008EC9901203B
:10B03000549A0120BC9A0120014800F032B900BFA7
:10B040002D9B0120014800F02DB900BF2D9B012050
:10B0500010B50446FFF7F0FF236A1BB1BDE81040AE
:10B06000FFF7F0BF044B2362044B1B68002BF5D1A4
:10B07000FFF7C2FFF2E700BFB9AF0008249B012031
:10B080002DE9F8438046894614460026D4E9017527
:10B09000013F05D52468002CF8D13046BDE8F8837F
:10B0A000AB89012B07D9B5F90E30013303D02946FE
:10B0B0004046C84706436835EAE700000CB430B59F
:10B0C000154B0C1E1D689DB008DA8B232B604FF0CA
:10B0D000FF301DB0BDE8304002B070474FF00003B4
:10B0E0001B9318BF0123E31A049307930B4B0290A1
:10B0F00006900593209A21AB02A92846019301F0FE
:10B1000037FC431CBCBF8B232B60002CE1D0029B7F
:10B1100000221A70DDE700BFBC0000200802FFFF1C
:10B1200010B50C46B1F90E1000F06CF80028ABBF5A
:10B13000636DA3891B1823F48053ACBF6365A3819F
:10B1400010BD2DE9F0411F468B89DB0505460C46F5
:10B15000164605D5B1F90E100223002200F040F882
:10B16000A389B4F90E1023F48053A38132463B46E1
:10B170002846BDE8F04100F057B810B50C46B1F9CB
:10B180000E1000F02DF8B4F90C30421C0BBF23F464
:10B19000805343F48053A381A38118BF606510BD21
:10B1A000B1F90E1000F00CB802440346934200D1EE
:10B1B000704703F8011BF9E700487047FC010020C5
:10B1C00038B5064C002305460846236002F05CFAB9
:10B1D000431C02D1236803B12B6038BD289B01209A
:10B1E00038B5074C054608461146002222601A462B
:10B1F00002F072FA431C02D1236803B12B6038BD00
:10B20000289B012038B5074C054608461146002208
:10B2100022601A4602F068FA431C02D1236803B187
:10B220002B6038BD289B012038B5074C05460846E1
:10B230001146002222601A4602F06CFA431C02D129
:10B24000236803B12B6038BD289B0120014B18688F
:10B25000704700BFBC00002070B50D4B0D4C0026A0
:10B260001D1BB6EBA50F09D102F05EFA0A4C0B4B81
:10B2700000261D1BB6EBA50F05D170BD54F8043B8D
:10B2800098470136EDE754F8043B98470136F1E75B
:10B290000CF300080CF300080CF3000810F300088E
:10B2A0007047704770470A44914200F1FF3300D164
:10B2B000704710B511F8014B03F8014F9142F9D1D5
:10B2C00010BD2DE9F74F03690C69A34280467EDB70
:10B2D000013C01F11407A30000F11405009305EBF4
:10B2E0008403019357F8243055F8242001339A42FF
:10B2F00007EB8409B2FBF3F62ED34FF0000ABC46ED
:10B30000AE46D3465CF8043B98B206FB00A0020CA4
:10B310001B0C06FB0323DEF8002080B292B2121A47
:10B320005A44DEF800004FEA134A9BB2C3EB2243B3
:10B3300003EB104392B242EA0342E1454EF8042B7C
:10B340004FEA234BDED2009BEB582BB9019B1A1F0F
:10B35000954230D3C8F81040404601F09DF90028CE
:10B3600025DB01362946002057F8042BD1F800C010
:10B370001FFA82FE1FFA8CF3A3EB0E030344120C98
:10B38000C2EB234202EB1C429BB243EA0243B945A3
:10B3900041F8043B4FEA2240E6D255F8242005EB61
:10B3A000840322B9043B9D420BD3C8F810403046B9
:10B3B00003B0BDE8F08F1368002BCBD1043A013CF9
:10B3C000C6E71A68002AF0D1043B013CEBE70020F5
:10B3D000EEE70000000000002DE9F04F99B08DED80
:10B3E0000E0B0C92C269229C0A9157EC106B81469D
:10B3F000139382B9102000F011FE0246C9F81C0018
:10B4000020B9A94BEF21A94801F07CFC0023C0E939
:10B4100001330360C360116859B152684A60012367
:10B4200093408B60484600F0E9FED9F81C300022BA
:10B430001A60B7F10008B5BF012300232360236021
:10B440009B4BBCBF28F00048CDF83C8033EA080392
:10B450001AD1139AC8F3130842F20F7358EA060878
:10B46000136000F06185239B53B9924B21E0924B0E
:10B4700000930833239A1360009819B0BDE8F08F49
:10B480008C4B00930333F5E79DED0E7B002251ECCE
:10B49000170B00238DED067BF5F7F6FA824650B1C7
:10B4A000139A01231360239B13B1239A834B1360D8
:10B4B000834B0093E0E79DED060B16AA17A94846BB
:10B4C00001F09EF95FEA1854169D019079D0079B10
:10B4D000CDF850A0C3F31303DDE9060143F07F5319
:10B4E00043F44013A4F2FF3419460022754BF4F7DD
:10B4F000ABFE67A3D3E90023F5F75EF866A3D3E9B3
:10B500000023F4F7A3FE064620460F46F4F7EAFFB1
:10B5100063A3D3E90023F5F74FF802460B46304604
:10B520003946F4F793FE06460F46F5F7F5FA002282
:10B530008046002330463946F5F7B0FA48B1404618
:10B54000F4F7D0FF32463B46F5F79EFA08B908F10A
:10B55000FF38B8F1160F51D85B4B03EBC803D3E9A2
:10B560000023DDE90601F5F799FA002848D008F133
:10B57000FF38002312932D1B6B1E089343BF00233B
:10B58000C5F1010708930027B8F1000F3ADB089BCB
:10B59000CDF8348043440893002309930A9B092B78
:10B5A00062D8052BC4BF043B0A930A9BA3F1020394
:10B5B000CCBF00240124032B62D8DFE803F05153F1
:10B5C000362B179C2C4404F23243202BC1BFC3F10D
:10B5D000400308FA03F804F2124326FA03F3D6BF35
:10B5E000C3F1200348EA030006FA03F0F4F76AFF08
:10B5F0000122A1F1F873013C149275E70123B9E728
:10B600001290B8E7C8F1000309930023A7EB0807DD
:10B610000D93C3E701230B930C9B43440593013324
:10B62000012B0493B8BF012306E001230B930C9B6D
:10B63000002B28DDCDE90433D9F81C0000210422B9
:10B6400002F114059D4243D94160484600F098FD3F
:10B65000009000283FD11D4B024640F2AF11D2E6C8
:10B660000023E3E70023D6E701240023CDE90A34D1
:10B670004FF0FF330022CDE904330C921223DBE7B5
:10B6800001230B93F4E70123CDE904330C93D3E7B3
:10B6900061436F63A787D23FB3C8608B288AC63FD8
:10B6A000FB799F501344D33FD1EF0008E8EF000827
:10B6B0000000F07FCDEF0008C4EF0008A1EF000804
:10B6C000A0EF00080000F83F38F1000841F0000842
:10B6D00001315200B4E7D9F81C30009A1A60049B7B
:10B6E0000E2B75D8002C73D0B8F1000F40F3C48036
:10B6F0009F4B08F00F0203EBC20318F4807FD3E9DD
:10B7000000AB4FEA281500F0A3809A4BDDE9060153
:10B71000D3E90823F5F77AF8CDE9020105F00F0522
:10B720000324944E002D40F0998052465B46DDE99B
:10B730000201F5F76BF882468B46129B002B00F056
:10B74000C3808D4B002250465946F5F7A7F90028D3
:10B7500000F0BA80049B002B00F0B680059B002B04
:10B7600036DD08F1FF33029350465946834B0022E1
:10B77000F4F722FF059E82468B4601342046F4F7FB
:10B78000B1FE52465B46F4F717FF7D4B0022F4F7FB
:10B790005DFD0446A1F15075CDE91045002E40F045
:10B7A0009780784B002250465946F4F74DFD2246CB
:10B7B0002B4682468B46F5F78FF9002840F0BD8274
:10B7C000224605F1004350465946F5F767F920BB7C
:10B7D000179B002BC0F28D81B8F10E0F00F3898109
:10B7E000634B03EBC803D3E900AB0C9B002B80F247
:10B7F0001B81049B002B00F317810ED1614B0022AB
:10B8000050465946F4F7D8FE02460B46DDE90601DC
:10B81000F5F74EF9002800F0938200252C460C9B8A
:10B82000009EDB430293274600242946484600F049
:10B83000E5FC002F00F0EE802CB1BC4203D0214685
:10B84000484600F0DBFC3946484600F0D7FCE1E012
:10B850009DED067B02248DED027B62E7E90708D5AA
:10B8600050465946D6E90023F4F7A6FE0134824635
:10B870008B466D10083655E722D0C8F100053C4BC9
:10B880003C4E05F00F0203EBC203D3E90023DDE9D0
:10B890000601F4F791FE2D1182468B460224002DFD
:10B8A0003FF44BAFEA0708D550465946D6E9002386
:10B8B000F4F782FE013482468B466D100836EEE7BF
:10B8C000DDE906AB022438E7049ECDF8088055E791
:10B8D000274B03EBC60353E902010B9B002B55D00A
:10B8E00002460B4600202849F4F790FFDDE91023BB
:10B8F000F4F7AAFC009BCDE910019D191E4659469C
:10B900005046F5F709F900F13004F4F7EBFD024673
:10B910000B4650465946F4F797FCDDE9102306F82C
:10B92000014B82468B46F5F7B9F8002872D1524692
:10B930005B4611490020F4F787FCDDE91023F5F799
:10B94000ADF8002840F0B680AE423FF441AFDDE9EB
:10B9500010010A4B0022F4F72FFE084BCDE910012D
:10B96000002250465946F4F727FE82468B46C6E72A
:10B9700038F1000810F100080000F03F00002440FA
:10B9800000001C40000014400000E03FDDE91023EF
:10B99000F4F712FE009B009CCDE91001334415938F
:10B9A00059465046F5F7B8F800F13005F4F79AFD1E
:10B9B0000B46024659465046F4F746FC04F8015B34
:10B9C000159B9C4282468B4627D1009B0022DDE9D5
:10B9D00010011E44AA4BF4F739FC02460B465046B0
:10B9E0005946F5F779F8002864D1DDE91023A44918
:10B9F0000020F4F729FC02460B4650465946F5F75D
:10BA00004DF800283FF4E4AE334616F8012D302AF5
:10BA1000FAD01E46DDF808803AE09A4B0022F4F78F
:10BA2000CBFD82468B46BBE7009E52465B46DDE976
:10BA30000601F4F7EBFEF5F76FF80746F4F752FD51
:10BA400052465B46F4F7B8FD02460B46DDE90601B7
:10BA5000F4F7FAFB07F1300C009C06F801CBA6EBDB
:10BA6000040C049C644502460B4633D1F4F7EEFB0C
:10BA700052465B4604460D46F5F72EF8C0B95246CD
:10BA80005B4620462946F4F7FFFF08B1FB070FD4B9
:10BA90000199484600F0B2FB0023139A337008F175
:10BAA00001031360239B002B3FF4E6AC1E60E3E42C
:10BAB000CDF8088033461E4613F8012D392A06D1E9
:10BAC000009A9A42F7D1029A013202923022013250
:10BAD0001A709FE76B4B0022F4F76EFD02460B468F
:10BAE000CDE9062300220023F4F7CEFF00289CD0E6
:10BAF000CEE70B9A002A00F0DF800A9A012A00F3B1
:10BB0000C380149A002A00F0B78003F23343099DE2
:10BB10003E46089A01211A4448461F44089200F004
:10BB200021FC044656B1089B002B07DDB342089A5E
:10BB3000A8BF3346FF1AF61AD31A0893099B0BB312
:10BB40000B9B002B00F0BF80002D00F0B980214638
:10BB50002A46484600F0D2FC019A0146044648466F
:10BB600000F016FC01998246484600F047FB099B0D
:10BB70005B1B099300F0AA80099A5146484600F0E1
:10BB8000BDFC01900121484600F0ECFB0D9B0546F1
:10BB9000002B00F0D0811A460146484600F0AEFC6A
:10BBA0000A9B012B054600F399800E9B002B40F069
:10BBB00090800F9BC3F31303002B40F08A800F9BF0
:10BBC00023F000431B0D1B05002B00F08580089B14
:10BBD0000133013708934FF0010A0D9B002B00F051
:10BBE000B0812B6905EB8303186900F06FFBC0F18E
:10BBF0002000089B184410F01F0076D01B2870DC32
:10BC0000C0F11C000744064403440893002F05DDDF
:10BC100001993A46484600F0CDFC0190089B002B64
:10BC200005DD29461A46484600F0C4FC0546129B2D
:10BC3000002B5FD00198294600F02EFD002859DA2C
:10BC400008F1FF330293019900230A22484600F0CD
:10BC5000F7FA0B9B0190002B00F075810023214621
:10BC60000A22484600F0ECFA059B002B044671DCE2
:10BC70000A9B022B47DC6DE0169BC3F1360346E7B7
:10BC80000000E03F00002440049B5D1E099BAB4286
:10BC900008DB5D1B049B002BBFF63AAF049BFE1A2A
:10BCA000002336E7099B0D9A0995EB1A1A440D9269
:10BCB000049B3E4600252CE7099D0B9C3E4631E740
:10BCC000DDF804A058E7099A019957E7CDF804A0D8
:10BCD00058E74FF0000A80E79A467EE74FF0000AE7
:10BCE0007FE71C2892D0C0F120001C30089B07443D
:10BCF000064489E7049BCDF80880002B24DC0593DB
:10BD00000A9B022B22DD059B002B7FF488AD294680
:10BD1000059B0522484600F093FA01460546019826
:10BD200000F0BAFC00287FF77AAD009E312306F8B8
:10BD3000013B029B0133029375E535462C46F4E73F
:10BD4000049DCDF80880F9E7049B05930B9B002B1D
:10BD500000F0FD80002E05DD21463246484600F009
:10BD600029FC0446BAF1000F58D06168484600F03B
:10BD700007FA064628B9814B024640F2EF21FFF749
:10BD800042BB22690232920004F10C010C30FFF731
:10BD90008AFA01223146484600F00CFC0746009B17
:10BDA000009A03F10108059B134406930E9B03F0D0
:10BDB0000103089329460198FFF783FA214604906E
:10BDC00000F1300B019800F067FC3A4605902946D7
:10BDD000484600F07DFCC26808F1FF3A0646FAB911
:10BDE0000146019800F058FC024631464846099247
:10BDF00000F004FADDE9092342EA0301089B194334
:10BE000046460FD1BBF1390F28D0059B002B02DD30
:10BE1000049B03F1310B8AF800B006E52746BEE724
:10BE20000122E2E7059B002B04DB0A990B430899EA
:10BE30000B4320D1002AEEDD01990122484600F093
:10BE4000B9FB2946019000F027FC002803DCE2D171
:10BE50001BF0010FDFD0BBF1390FD9D139238AF89C
:10BE6000003033461E46013B16F8012C392A52D0C9
:10BE700001321A70D9E4002A07DDBBF1390FEDD089
:10BE80000BF101038AF80030CFE4069B08F801BCEF
:10BE900043452AD0019900230A22484600F0D0F9F0
:10BEA000BC4201904FF000034FF00A022146484681
:10BEB00006D100F0C5F90446074608F1010879E704
:10BEC00000F0BEF93946044600230A22484600F035
:10BED000B7F90746F1E7059B5E1E002B009BD8BF14
:10BEE00000265A1C27461644002401990122484680
:10BEF00000F060FB2946019000F0CEFB0028B0DC8A
:10BF000002D11BF0010FACD133461E4613F8012DB0
:10BF1000302AFAD089E4009A9A42A3D1029B0133D5
:10BF200002933123137080E4239B002B7FF49FAA9C
:10BF3000134BFFF7BEBA0A9B012B7FF736AEDDF835
:10BF400034A0012055E6059B002B7FF7D9AE009E5B
:10BF500001982946FFF7B5F900F1300B009B06F870
:10BF600001BBF21A059B9342B5DD019900230A2219
:10BF7000484600F065F90190EAE700BF41F000088B
:10BF8000C4EF000837B5002944D051F8043C0190B3
:10BF9000002BA1F10404B8BFE41800F0E5F81E4A34
:10BFA0000198136833B96360146003B0BDE8304092
:10BFB00000F0E0B8A34208D9256861198B4201BF9F
:10BFC00019685B6849192160EDE71A465B680BB197
:10BFD000A342FAD911685518A5420BD1246821440F
:10BFE0005418A3421160E0D11C685B6853600C4494
:10BFF0001460DAE702D90C230360D6E725686119DB
:10C000008B4204BF19685B68636004BF49192160F3
:10C010005460CAE703B030BD349B0120024B014697
:10C02000186800F025B800BFBC00002070B50F4CA8
:10C030000E462168054611B900F054FE20603146D5
:10C04000284600F04FFE431C03D14FF0FF3420463A
:10C0500070BDC41C24F00304A042F8D0211A284665
:10C0600000F040FE0130F2D1EFE700BF309B01202D
:10C070002DE9F843CD1C25F0030508350C2D38BFFC
:10C080000C25002D064601DBA94204D90C233360A0
:10C090000020BDE8F883334F00F066F83B681C468B
:10C0A0003CBB29463046FFF7C1FF431C044656D12E
:10C0B0003C68A046B8F1000F40D1002C49D023685D
:10C0C0004146304604EB030900F00CFE814540D1A7
:10C0D00021686D1A29463046FFF7A8FF013038D095
:10C0E00023682B4423603B685A685ABBC7F800801A
:10C0F0000EE02268521B1ED40B2A16D96119A342E6
:10C10000256018BF5960636808BF396062514B6091
:10C11000304600F02FF804F10B00231D20F007003B
:10C12000C21A1CBF1B1AA350B3E76268A3420CBF1C
:10C130003A605A60ECE723466468B1E74446D8F8B1
:10C140000480B7E71A465B68A342FBD10023536023
:10C15000DEE70C233360304600F00CF898E705600A
:10C16000D6E700BF349B01200148FFF79AB800BF13
:10C170002C9B01200148FFF795B800BF2C9B0120A4
:10C1800070B5C46905460E4684B91020FFF746FF16
:10C190000446E86128B90246164B17486B2100F0A7
:10C1A000B1FD0023C0E901330360C360E36853B904
:10C1B00021220421284600F0C3FDEB69E060DB6822
:10C1C0000BB9002070BD53F8260030B1026843F867
:10C1D00026200023C0E90333F4E7012101FA06F425
:10C1E000621D9200284600F0ABFD0028E9D0C0E9AE
:10C1F0000164EEE7D1EF000852F0000870B5C469A1
:10C2000006460D4674B91020FFF708FF0246F0619C
:10C2100020B9094B09488F2100F074FDC0E90144A1
:10C220000460C4603DB1F3696A68DB6853F82210AA
:10C23000296043F8225070BDD1EF000852F0000889
:10C240002DE9F0410D6907460C461E4601F1140C1C
:10C250000020DCF8003099B202FB01611E0C0B0CCF
:10C2600002FB063389B2013001EB034185424CF8F1
:10C27000041B4FEA1346ECDC0EB3A368AB4219DC97
:10C28000616838460131FFF77BFF804628B90246D6
:10C290000C4B0D48BA2100F035FD2269023204F141
:10C2A0000C0192000C30FEF7FEFF21463846FFF7E6
:10C2B000A5FF444604EB850301355E6125612046F8
:10C2C000BDE8F08141F0000852F00008B0F5803F71
:10C2D000034636BF030400201020B3F1807F3CBF2B
:10C2E0001B020830B3F1805F3CBF1B010430B3F187
:10C2F000804F3CBF9B000230002B04DB5B0001D56C
:10C300000130704720207047036813F00702014690
:10C310000BD0DA0722D4980749BF5B089B0801209D
:10C320000B605CBF0B600220704798B2A0B91B0C79
:10C330001020DAB20AB908301B0A1A0704BF1B0919
:10C3400004309A0704BF9B080230DA0702D45B0866
:10C3500006D001300B6070471046EAE700207047B6
:10C360002020704710B50C460121FFF709FF024657
:10C3700028B9054B054840F2451100F0C3FC0123E4
:10C380004461036110BD00BF41F0000852F0000895
:10C390002DE9F04FD1F81080D2F81090C84585B043
:10C3A0000E46144604DB4B460C46C14616469846DC
:10C3B000A368616809EB0807BB42B8BF0131FFF70A
:10C3C000DFFE30B902464B4B4B484FF4B17100F0E1
:10C3D00099FC00F1140505EB870B2B4600225B4509
:10C3E00022D306F1140101EB880304F1140C0CEBC9
:10C3F000890C029304F1150363458CBF00230123CC
:10C400000093ACEB0403153B9B080193029B039143
:10C410008B420CD8002F03DD5BF8043D002B67D066
:10C42000076105B0BDE8F08F43F8042BD7E7B1F8FA
:10C4300000A0BAF1000F28D004F11408A9464FF06B
:10C44000000E58F8042BD9F8003096B29BB20AFBC4
:10C450000633D9F80060120C360C73440AFB0266EE
:10C4600006EB13469BB243EA0643C44549F8043B36
:10C470004FEA164EE5D8009A019B002A4FEA830343
:10C4800008BF00232B44C3F804E0039BB3F802E089
:10C490000431BEF1000F29D02B6804F11406984630
:10C4A000A9464FF0000A32880EFB02A202EB1842A6
:10C4B0009BB243EA024349F8043B56F8043BD9F8DF
:10C4C00000804FEA134A1FFA88F30EFB0A3303EB8E
:10C4D0001243B4454FEA134AE5D8009E019A002E54
:10C4E0004FEA820208BF00222A44536004358DE7D8
:10C4F000013F8FE741F0000852F000082DE9F843B2
:10C50000174612F0030280460D4607D0264C013A2A
:10C51000002354F82220FFF793FE0546BF103FD0BA
:10C52000D8F81C4094B91020FFF778FD0446C8F8ED
:10C530001C0030B902461D4B1D4840F2B31100F0FB
:10C54000E1FB0023C0E901330360C360A66846B97C
:10C5500040F271214046FFF705FF0023A060064628
:10C5600003602C464FF0000907F001037F1053B120
:10C57000294632464046FFF70BFF21460546404616
:10C58000FFF73CFE67B1306838B932463146404665
:10C59000FFF7FEFE3060C0F8009006462C46E3E749
:10C5A0002846BDE8F88300BF04F10008D1EF000879
:10C5B00052F000082DE9F84F0C4649682669A36837
:10C5C00006EB6216074691464FEA621A06F1010829
:10C5D00043450BDB3846FFF7D3FD054648B9024615
:10C5E0002B4B2C484FF4EF7100F08CFB01315B00BA
:10C5F000EEE700F1140100230A461846534539DBE3
:10C6000020692AEAEA7A01EB8A0104F1140319F09D
:10C610001F098C4603EB800030D0C9F1200A4FF08F
:10C62000000E1A68E34602FA09F242EA0E02CBF85B
:10C63000002053F8042B98420CF1040C22FA0AFE55
:10C64000EFD8031B153B23F0030304F115029042BE
:10C6500038BF00231944C1F804E0BEF1000F00D137
:10C66000B0463846C5F810802146FFF7C7FD28467A
:10C67000BDE8F88F42F8040B0133BFE753F8041B01
:10C68000CCF8001098420CF1040CF7D8E8E700BF92
:10C6900041F0000852F0000803690A699B1A30B59E
:10C6A0000ED11430143100EB820401EB820154F8F6
:10C6B000045D51F8042D954204D006D24FF0FF33AB
:10C6C000184630BDA042F2D3FAE70123F8E7000094
:10C6D0002DE9F74F8A460646114650461446FFF7A5
:10C6E000DBFF051E12D129463046FFF749FD024601
:10C6F00028B9414B40F23721404800F003FB0123A9
:10C70000C0E90435104603B0BDE8F08FBCBF534606
:10C71000A2463046DAF80410BABF1C4601250025AF
:10C72000FFF72EFD024618B9334B40F24521E3E7EF
:10C73000DAF810702669C5600AF1140904F1140EC4
:10C7400000F114050AF1100309EB87080EEB8606C9
:10C750000193AB464FF0000C019B5EF8040B53F8BD
:10C7600004AF01931FFA8AF183B2CB1A000C634421
:10C77000C0EB1A4000EB23409BB243EA00437645EE
:10C780004BF8043B4FEA204CE6D8331B153B1534DD
:10C7900023F00303A64238BF0023E8184B441C1DB6
:10C7A00004302646A5EB090546450ED308F10301E2
:10C7B000091B21F003010133984538BF00210144D2
:10C7C00051F8043DABB117619CE706EB050E56F836
:10C7D000041BE2464FEA11491CFA81FC514409EB63
:10C7E0002C4989B241EA09414FEA294CCEF80010A0
:10C7F000DAE7013FE4E700BF41F0000852F000082B
:10C800002DE9F7430F46012159EC108B1646FFF72F
:10C81000B7FC054630B90246234B244840F20F319D
:10C8200000F070FAC9F30A54C9F313030CB143F4CE
:10C8300080130193B8F1000323D068460093FFF7FB
:10C8400063FD0099D8B1019AC0F1200302FA03F305
:10C850000B43C2406B610192019BAB61002B0CBF8B
:10C86000012202222A61A4B1A4F2334404443C60B0
:10C87000C0F135003060284603B0BDE8F08369613F
:10C88000EAE701A8FFF740FD019B6B612030012220
:10C89000E8E705EB8203A0F2324038601869FFF741
:10C8A00015FDC0EB4210E5E741F0000852F000082A
:10C8B0002DE9F0478E681F46BE4282460C469046E0
:10C8C000334653D8B1F90C0010F4906F2BD0656942
:10C8D0002368096905EB4505A3EB010905EBD5754F
:10C8E0007B1C6D104B44AB422A4684BF1D462A4632
:10C8F000430527D511465046FFF7BAFB064658B305
:10C9000021694A46FEF7CFFCA38923F4906343F0E4
:10C910008003A381266165614E44A5EB090526606D
:10C92000A5603E463B461F4620683A46414600F019
:10C93000BFF9A3689B1BA36023683B4423600020CE
:10C94000BDE8F087504600F021FA06460028E1D104
:10C9500021695046FFF716FB0C23CAF80030A38963
:10C9600043F04003A3814FF0FF30E9E73E46DBE7A9
:10C970002DE9F0471F468B891B069CB006460D46E5
:10C98000144610D50B6973B94021FFF771FB28607D
:10C99000286130B90C2333604FF0FF301CB0BDE884
:10C9A000F08740236B610023099320238DF8293001
:10C9B00003973023654F8DF82A304FF00108234646
:10C9C0001A7899461AB1252A03F10103F8D1B9EB77
:10C9D000040A0BD05346224629463046FFF768FF2B
:10C9E000013000F0A380099A5244099299F800306E
:10C9F000002B00F09B8000224FF0FF33CDE9053281
:10CA000009F10109049207928DF853201A924C46BD
:10CA1000052214F8011B4D48F3F7BAFB049AD0B96C
:10CA2000D00644BF20238DF85330110744BF2B2379
:10CA30008DF8533099F800302A2B13D007994B46C4
:10CA400000204FF00A0C1A78303A092A1C464AD9BD
:10CA5000A8B1079113E0C01B08FA00F0104304903E
:10CA6000A146D4E7039B191D1B680391002BBBBF94
:10CA70005B4242F0020207930793B8BF0492237807
:10CA80002E2B0AD163782A2B32D1039B1A1D1B68E7
:10CA9000039243EAE37302340593DFF8C0902178F0
:10CAA00003224846F3F774FB38B1049BA0EB09005E
:10CAB00040228240134301340493217824488DF8A6
:10CAC00028100622F3F764FB002835D0214818BB54
:10CAD000039B073323F0070308330393099B0344A5
:10CAE000013409936BE701330CFB01210120AAE714
:10CAF00000230593611C18464FF00A0C0A78303A5F
:10CB0000092A0C4603D9002BC7D00590C5E701318F
:10CB10000CFB00200123F1E703AB00932A460E4BE8
:10CB200004A93046FDF742FE421CD7D1AB895B0613
:10CB30003FF532AF099831E703AB00932A46064B25
:10CB400004A93046FEF7CCF8EEE700BFACF00008D1
:10CB5000B6F00008ADA70008B1C80008B2F00008A0
:10CB6000B1F90C202DE9F041160705460C4651D4C9
:10CB70004B68002B02DC0B6C002B49DDE66A002EB3
:10CB800046D0002312F480522F682B6031D0626DA2
:10CB9000A389590705D56368D21A636B0BB1236C5F
:10CBA000D21A0023E66A216A2846B047421CB4F92B
:10CBB0000C3006D129681D2945D8284ACA40D60715
:10CBC00041D500226260D9042269226004D5421C4A
:10CBD00001D12B6803B96065616B2F60C1B104F1AD
:10CBE0004403994202D02846FFF7CCF9002363633F
:10CBF0000EE0216A01232846B0470246501CC7D1E7
:10CC00002B68002BC4D01D2B01D0162B1AD12F60FE
:10CC100000201DE00F69002FFAD093070E6808BFAF
:10CC20004B690F6018BF0023A6EB07088B60B8F1B3
:10CC3000000FEDDD216AA66A43463A462846B04712
:10CC4000002807DCA38943F04003A3814FF0FF30A5
:10CC5000BDE8F0810744A8EB0008E8E701004020A8
:10CC600038B50B6905460C4613B91D46284638BD34
:10CC700018B1036A0BB9FEF7EBF9B4F90C30002BCD
:10CC8000F3D0626ED00704D4990502D4A06DFEF7EC
:10CC900008FB28462146FFF763FF636EDA07054667
:10CCA000E4D4A3899B05E1D4A06DFEF7FBFADDE790
:10CCB000884210B501EB020402D98442234607D80A
:10CCC000431EA14207D011F8012B03F8012FF8E70A
:10CCD0000244824200D110BD13F8011D02F8011D6B
:10CCE000F7E7000038B5064C0023054608462360E8
:10CCF00000F002FD431C02D1236803B12B6038BD54
:10CD0000289B01201FB51D46094B1B680646D868A5
:10CD100052B1084C0091CDE90142074933462A46F9
:10CD200000F070F800F080F8044C2246F2E700BFF3
:10CD3000BC000020C7F00008D4F0000802F1000891
:10CD400070B5A1FB026535B93146FFF791F904468C
:10CD500028B9204670BD0C2303600024F9E7324651
:10CD60002946FEF721FAF4E782B001B901A942B1E0
:10CD70004BB113780B601278101E18BF012002B05F
:10CD800070471046FBE76FF00100F8E72DE9F0412E
:10CD9000074615460C4621B9BDE8F0411146FFF79C
:10CDA00067B92AB9FFF7EEF82C462046BDE8F081B6
:10CDB00000F041F88542064602D8B5EB500FF4D892
:10CDC00029463846FFF754F9804608B94446ECE74F
:10CDD000B5422A46214628BF3246FEF764FA21466C
:10CDE0003846FFF7CFF8F1E749B1FF2A85BF8A231C
:10CDF00003600A704FF0FF3098BF0120704708466B
:10CE0000704700000EB403B5014603AB054853F864
:10CE1000042B0068019300F03DF802B05DF804EBCC
:10CE200003B07047BC00002008B5062000F000FAEF
:10CE3000012000F077FC51F8043C181F002BBCBF08
:10CE40000B58C01870479368013B002B10B49360D7
:10CE500007DA9469A34201DB0A2902D110BC00F071
:10CE60002DB91368581C10601970084610BC704723
:10CE7000F8B506460F461446D518AC4201D100203D
:10CE800007E014F8011B3A463046FFF7DCFF431C6D
:10CE9000F3D1F8BD2DE9F04706469CB00D46144687
:10CEA0001F4618B1036A0BB9FEF7D2F86B6ED907AB
:10CEB00005D4AB899A0502D4A86DFEF7F2F9AB89C7
:10CEC0001B0701D52B699BB92946304600F034F980
:10CED00070B16B6EDE0704D54FF0FF301CB0BDE8BB
:10CEE000F087AB899C05F7D4A86DFEF7DBF9F3E773
:10CEF0000023099320238DF82930039730236A4FAC
:10CF00008DF82A304FF0010823461A7899461AB155
:10CF1000252A03F10103F8D1B9EB040A0BD05346DB
:10CF2000224629463046FFF7A3FF013000F0A380D8
:10CF3000099A5244099299F80030002B00F09B8026
:10CF400000224FF0FF33CDE9053209F101090492C7
:10CF500007928DF853201A924C46052214F8011BB3
:10CF60005148F3F715F9049AD0B9D00644BF2023ED
:10CF70008DF85330110744BF2B238DF8533099F8A7
:10CF800000302A2B13D007994B4600204FF00A0C93
:10CF90001A78303A092A1C464AD9A8B1079113E0F9
:10CFA000C01B08FA00F010430490A146D4E7039B8D
:10CFB000191D1B680391002BBBBF5B4242F00202AC
:10CFC00007930793B8BF049223782E2B0AD1637876
:10CFD0002A2B32D1039B1A1D1B68039243EAE37389
:10CFE00002340593DFF8D090217803224846F3F706
:10CFF000CFF838B1049BA0EB0900402282401343D4
:10D0000001340493217829488DF828100622F3F77B
:10D01000BFF800283ED0264818BB039B073323F0F7
:10D02000070308330393099B0344013409936BE717
:10D0300001330CFB01210120AAE700230593611CA9
:10D0400018464FF00A0C0A78303A092A0C4603D9E0
:10D05000002BC7D00590C5E701310CFB0020012350
:10D06000F1E703AB00932A46124B04A93046FDF7C3
:10D070009DFB431CD7D16B6ED90705D4AB899A05AC
:10D0800002D4A86DFEF70EF9AB895B063FF524AF1D
:10D09000099823E703AB00932A46064B04A93046C0
:10D0A000FDF71EFEE5E700BFACF00008B6F0000893
:10D0B000ADA7000871CE0008B2F00008F8B505462B
:10D0C0000F46144618B1036A0BB9FDF7C1FFA369F7
:10D0D000A360A3891A0701D5236943B921462846CD
:10D0E00000F02AF818B14FF0FF363046F8BD23693A
:10D0F0002068C01A6369834205DC21462846FFF791
:10D10000AFFD0028EFD1A368013BA36023685A1C40
:10D1100022601F70636901308342FEB204D0A3898C
:10D12000DB07E2D50A2EE0D121462846FFF798FD1D
:10D130000028DAD0D7E7000038B5284B0546186834
:10D140000C4618B1036A0BB9FDF782FFB4F90C3035
:10D15000190720D4DA0607D409222A6043F04003D5
:10D16000A3814FF0FF3031E0580711D5616B41B119
:10D1700004F14403994202D02846FEF703FF00233E
:10D1800063630022A38962602269226023F0240382
:10D1900043F00803A38123694BB9A38903F42073E7
:10D1A000B3F5007F03D02146284600F081F8B4F99A
:10D1B0000C3013F001020AD00022A26062695242D0
:10D1C000A261226942B913F08000C7D138BD990726
:10D1D00058BF6269A260F4E70020F7E7BC000020B6
:10D1E0001F2938B505460C4604D9162303604FF0B5
:10D1F000FF3038BDC26B12B152F821304BB928460E
:10D2000000F030F8224601462846BDE8384000F0DC
:10D2100017B8012B0AD0591C03D116230360012033
:10D22000E7E7002142F82410204698470020E0E775
:10D23000024B01461868FFF7D3BF00BFBC000020B7
:10D2400038B5074C0023054608461146236000F018
:10D250003BFA431C02D1236803B12B6038BD00BFE9
:10D26000289B012000F020BA70B50E46B1F90E10CF
:10D27000002996B014461D460ADAB28912F08002DF
:10D2800013D14FF4806100202A60216016B070BD78
:10D290006A4600F047F80028EFDB019A02F470427A
:10D2A000A2F500535A425A41EBE700224021EAE737
:10D2B0008B8973B59E0705460C4607D504F14703D5
:10D2C000236023610123636102B070BD01AB6A4634
:10D2D000FFF7CAFF009E28463146FEF7C9FEB4F9A3
:10D2E0000C3038B99A05EFD423F0030343F002035E
:10D2F000A381E3E743F08003A381019B2060C4E99D
:10D300000406002BE0D0B4F90E10284600F01CF8FB
:10D310000028D9D0A38923F0030343F00103A3819C
:10D32000D2E7000038B5074C0023054608461146F1
:10D33000236000F0B1F9431C02D1236803B12B60D4
:10D3400038BD00BF289B012038B5064C0023054698
:10D350000846236000F0B0F9431C02D1236803B1F2
:10D360002B6038BD289B01202DE9F04782B006468E
:10D37000DDF828E00846B4460D46002B4ED18A421F
:10D3800014466DD9B2FA82F242B1C2F1200395403F
:10D3900026FA03F394401D4306FA02FC260CA7B2BA
:10D3A000B5FBF6F14FEA1C4306FB115543EA054372
:10D3B00001FB07F0984209D9E31801F1FF3580F02D
:10D3C0000381984240F20081023923441B1A1FFA5C
:10D3D0008CFCB3FBF6F006FB10334CEA034C00FB6D
:10D3E00007F363450AD914EB0C0C00F1FF3580F00C
:10D3F000ED80634540F2EA80A444023840EA0140EF
:10D40000ACEB030C0021BEF1000F04D02CFA02F3A8
:10D410000022CEE9003202B0BDE8F0878B4209D984
:10D42000BEF1000F01D0CEE900610021084602B034
:10D43000BDE8F087B3FA83F1174600294DD1834246
:10D4400002D3B24200F20F81B6EB070C60EB03038C
:10D4500001201D46BEF1000FDDD0CEE900C5DAE7A0
:10D46000002A00F098801A46B4FA84F3002B40F0AA
:10D47000AF800B1B270CA6B20121B3FBF7F54FEAD7
:10D480001C4007FB153340EA034306FB05F89845AB
:10D4900007D9E31805F1FF3002D2984500F2E88081
:10D4A0000546A3EB08031FFA8CFCB3FBF7F007FB60
:10D4B00010334CEA034C06FB00F3634508D914EB28
:10D4C0000C0C00F1FF3602D2634500F2CE803046EC
:10D4D000ACEB030C40EA054095E7C1F120058B4019
:10D4E00022FA05FC4CEA030C00FA01F426FA05F3D3
:10D4F000E84002FA01F943EA04084FEA1C4206FA3E
:10D5000001FAB0FBF2F71FFA8CF602FB17004FEAA4
:10D51000184444EA004407FB06F0A0420AD91CEB79
:10D52000040407F1FF3380F09C80A04240F2998010
:10D53000023F6444241A1FFA88F3B4FBF2F002FBA2
:10D54000104443EA044300FB06F69E4209D91CEB53
:10D55000030300F1FF3480F082809E427FD90238BD
:10D56000634440EA0740A0FB09749B1BA3423E466C
:10D57000A04664D361D0BEF1000F0AD0BAEB060218
:10D5800063EB080303FA05F5CA401543CB40CEE927
:10D59000005300213FE7730843EAC1734A08190C9E
:10D5A00041EA02414FEAC67C9BB2B2FBF4F0264648
:10D5B000A04627461F2243EA0143B1FBF4F1A3EB47
:10D5C000080341EA004158E72946FFE6284615E7E7
:10D5D0001A46C3F120019C4026FA01F320FA01F11A
:10D5E00090400343270C06FA02FCB1FBF7F0A6B209
:10D5F00007FB1015190C41EA054100FB06F58D42A9
:10D600003BD9611801D28D4220D8491B0138B1FBAA
:10D61000F7F5019505FB06F8019D9BB207FB151177
:10D6200043EA0143434526D2E31805F1FF31C6D250
:10D630004345C4D2A91E2344C1E7BA459BD2B7EBE8
:10D64000090664EB0C040138A04694E7651B2944E5
:10D650000238B1FBF7F5019505FB06F8DCE720463B
:10D660007FE71F4666E70846F4E6A44402382FE742
:10D67000023D234415E70199A1E7491BB1FBF7F5EA
:10D68000019505FB06F8C7E7024B58221A604FF0D8
:10D69000FF307047289B0120024B58221A604FF040
:10D6A000FF307047289B0120024B58221A604FF030
:10D6B000FF307047289B0120024B58221A6000203F
:10D6C000704700BF289B0120024B58221A604FF080
:10D6D000FF307047289B0120024B58221A604FF000
:10D6E000FF307047289B0120024B58221A604FF0F0
:10D6F000FF307047289B0120044A05491368002B1E
:10D7000008BF0B461844106018467047389B01202C
:10D71000409B0120024B58221A604FF0FF307047A7
:10D72000289B0120FEE700BFF8B500BFF8BC08BC8D
:10D730009E467047F8B500BFF8BC08BC9E467047CF
:10D74000CCE60008D8E60008E0E600085B45525247
:10D750005D2046656174757265206275696C642030
:10D760006661696C65640D0A000000005B494E4605
:10D770005D2057696E646F772023256C75207C20AF
:10D78000507265643D2575205B4E3D252E33662025
:10D79000493D252E3366204C3D252E33665D207C89
:10D7A00020666561743D256C7520C2B57320696E75
:10D7B0006665723D256C7520C2B5730D0A000000C8
:10D7C0005B494E465D20464C3A207375626D697424
:10D7D0007465642077696E646F772023256C7520EB
:10D7E00077697468206C6162656C3D257520282519
:10D7F000752F2575206275666665726564290D0A48
:10D80000000000005B494E465D204C6162656C2063
:10D8100073657420E28692204E4F524D414C0D0AA2
:10D82000000000005B494E465D204C6162656C2043
:10D8300073657420E2869220494D42414C414E432B
:10D84000450D0A005B494E465D204C6162656C20C7
:10D8500073657420E28692204C4F4F53454E4553DA
:10D86000530D0A005B494E465D205344204C4F4700
:10D870003A20206D6F756E7465643D257520777252
:10D88000697474656E3D256C752064726F70706587
:10D89000643D256C752077726974655F6572723DB1
:10D8A000256C750D0A0000005B494E465D2053440F
:10D8B00020444154413A206D6F756E7465643D2576
:10D8C00075207772697474656E3D256C752077726A
:10D8D0006974655F6572723D256C750D0A00000004
:10D8E0005B494E465D20534420494D553A20206DFA
:10D8F0006F756E7465643D25752077726974746503
:10D900006E3D256C752064726F707065643D256C8A
:10D91000752077726974655F6572723D256C75203C
:10D9200072656D6F756E74733D256C750D0A000020
:10D930005B494E465D205344204C6F673A20666F2A
:10D940007263656420666C75736820636F6D706CBC
:10D950006574650D0A0000005B4552525D20494D1B
:10D96000552072656164206661696C20617420775E
:10D97000696E646F775F636E743D256C750D0A0088
:10D980005B4552525D204D50553630353020696E22
:10D990006974204641494C45442028636F646520E2
:10D9A00025752920E2809420636865636B204932E5
:10D9B0004320776972696E670D0A00005B494E4625
:10D9C0005D204D5055363035302063616C69627290
:10D9D0006174696F6E20736B697070656420287460
:10D9E000656D706F72617279290D0A005B494E4650
:10D9F0005D204170705F496E697420636F6D706C5B
:10DA00006574652E2057616974696E6720666F7250
:10DA100020494D5520646174612E2E2E0D0A0000A0
:10DA20000D0A5B544553545D2055415254205445D2
:10DA30005354204D4553534147450D0A0000000003
:10DA40005B494E465D203D3D3D204665645669621A
:10DA5000726F53656E73652053544D3332463430C4
:10DA60003520464C20436C69656E74205374617296
:10DA7000746564203D3D3D0D0A0000005B494E4643
:10DA80005D20464541545552455F564543544F52DB
:10DA90005F53495A453D25752C204E4E3D257578DE
:10DAA00025757825752C20464C5F4C4F43414C5FC3
:10DAB00045504F4348533D25750D0A005B494E467E
:10DAC0005D204170703A202575206D6F64756C651E
:10DAD0007320726567697374657265642C20656E66
:10DAE000746572696E67206D61696E206C6F6F700E
:10DAF0000D0A000055415254436F6D6D616E640014
:10DB0000464C436C69656E740000000046656174A4
:10DB100075726557696E646F77000000494D555303
:10DB2000616D706C650000005B4552525D204D5088
:10DB300055363035302062757273742072656164B9
:10DB4000206661696C65642C2048414C3D25640D5C
:10DB50000A0000005B4552525D204D50553630356D
:10DB600030205772697465526567203078253032ED
:10DB700058206661696C65642C2048414C3D2564E1
:10DB80000D0A00005B4552525D204D505536303530
:10DB900030205265616452656720307825303258F4
:10DBA000206661696C65642C2048414C3D25640DFC
:10DBB0000A0000005B4552525D204D50553630350D
:10DBC000302057484F5F414D5F49206D69736D614B
:10DBD0007463683A20676F7420307825303258209B
:10DBE0006578706563746564203078253032580D2F
:10DBF0000A0000005B494E465D204D5055363035D9
:10DC0000302057484F5F414D5F49204F4B2028300F
:10DC10007825303258290D0A000000005B494E4635
:10DC20005D205057525F4D474D545F312020203DBD
:10DC3000203078253032580D0A0000005B494E46EE
:10DC40005D20534D504C52545F4449562020203D96
:10DC5000203078253032580D0A0000005B494E46CE
:10DC60005D20434F4E464947202020202020203D64
:10DC7000203078253032580D0A0000005B494E46AE
:10DC80005D204759524F5F434F4E46494720203D44
:10DC9000203078253032580D0A0000005B494E468E
:10DCA0005D20414343454C5F434F4E464947203D2D
:10DCB000203078253032580D0A0000005B494E466E
:10DCC0005D20494E545F454E41424C452020203D49
:10DCD000203078253032580D0A0000005B494E464E
:10DCE0005D204D50553630353020696E697469615C
:10DCF0006C697A6174696F6E20636F6D706C6574A6
:10DD00006564207375636365737366756C6C790DF8
:10DD10000A0000005B494E465D204E4E20696E6948
:10DD2000743A20493D257520483D2575204F3D25F5
:10DD3000752C2057315F6C696D69743D252E3466F2
:10DD40002C2057325F6C696D69743D252E34660D49
:10DD50000A0000005B494E465D204E4E2057656923
:10DD600067687453746174732057313A206D696E1B
:10DD70003D252E3466206D61783D252E3466206D5C
:10DD800065616E3D252E34660D0A00005B494E46E6
:10DD90005D204E4E20737465703D256C752C206C93
:10DDA0006173745F6C6F73733D252E34662C206134
:10DDB00076675F6C6F73733D252E34660D0A000025
:10DDC0005B494E465D204E4E206F75747075743AF7
:10DDD0002050286E6F726D616C293D252E336620B0
:10DDE0005028696D62616C293D252E3366205028CC
:10DDF0006C6F6F7365293D252E33660D0A00000098
:10DE0000554E4B4E4F574E005B494E465D20464C9B
:10DE100020636C69656E7420696E697469616C69F0
:10DE20007A656420E28094205354414E44414C4F23
:10DE30004E45204D4F444520286E6F207365727605
:10DE40006572207265717569726564290D0A00003A
:10DE50005B494E465D202020547261696E696E6791
:10DE6000206C6F63616C6C792C20464C5F4C4F4387
:10DE7000414C5F45504F4348533D25750D0A000006
:10DE80005B4552525D20464C3A20747261696E20A7
:10DE90006275666665722066756C6C2C2069676EAB
:10DEA0006F72696E672073616D706C650D0A00009A
:10DEB0005B494E465D20464C3A2049444C4520E2A1
:10DEC000869220434F4C4C454354494E470D0A001F
:10DED0005B494E465D20464C3A2062756666657227
:10DEE00065642073616D706C652025752F25752C18
:10DEF000206C6162656C3D25750D0A005B494E46DC
:10DF00005D20464C3A20434F4C4C454354494E47C4
:10DF100020E2869220545241494E494E47202825FE
:10DF2000752073616D706C65732072656164792909
:10DF30000D0A00005B494E465D20464C3A203D3DAF
:10DF40003D204C4F43414C20545241494E494E478D
:10DF50002053544152542028726F756E6420256CF2
:10DF60007529203D3D3D0D0A000000005B494E46ED
:10DF70005D20464C3A20747261696E20737465703E
:10DF80002025752F2575206C6162656C3D257520F7
:10DF90006C6F73733D252E34660D0A005B494E4647
:10DFA0005D20464C3A20747261696E696E67206428
:10DFB0006F6E652C206D65616E5F6C6F73733D25B0
:10DFC0002E34662C20746F74616C5F73616D706C9D
:10DFD00065733D256C750D0A000000005B494E46D7
:10DFE0005D20464C3A20545241494E494E4720E26A
:10DFF00086922055504C4F4144494E472028737417
:10E00000616E64616C6F6E653A2077696C6C207329
:10E010006B6970290D0A00005B494E465D20464C35
:10E020003A206D616E75616C2075706C6F61642053
:10E030007472696767657265640D0A005B494E46D4
:10E040005D20464C3A20726573657420746F2049D8
:10E05000444C450D0A0000005B494E465D20464C8D
:10E06000205374617475733A2073746174653D252F
:10E070007320726F756E643D256C752073616D70D1
:10E080006C65733D256C75206C6F73733D252E3464
:10E0900066207365727665723D2575206661696CD0
:10E0A000733D25750D0A00005B494E465D20464CC8
:10E0B0003A205B5354414E44414C4F4E455D2073D2
:10E0C0006B697070696E672075706C6F61642C206D
:10E0D000636F6E74696E75696E67206C6F63616CD7
:10E0E0006C790D0A000000005B4552525D20464CE1
:10E0F0003A206572726F7220636F64652025752007
:10E10000E2809420726573657474696E6720746F21
:10E110002049444C450D0A005B4552525D20464C57
:10E120003A20756E6B6E6F776E2073746174652024
:10E1300025750D0A0000000049444C450000000010
:10E14000434F4C4C454354494E47000054524149BB
:10E150004E494E470000000055504C4F4144494E37
:10E1600047000000444F574E4C4F4144494E470032
:10E170004552524F520000005B494E465D205449C3
:10E180004D32206D6963726F7365636F6E642074C6
:10E19000696D657220737461727465640D0A0000A4
:10E1A0005B494E465D202D2D2D204D656D6F72799A
:10E1B000205374617473202D2D2D0D0A0000000072
:10E1C0005B494E465D202020537461636B20746F61
:10E1D000703A20202030782530386C580D0A000025
:10E1E0005B494E465D20202043757272656E742037
:10E1F00053503A202030782530386C580D0A0000F2
:10E200005B494E465D202020486561702073746133
:10E2100072743A202030782530386C580D0A00008E
:10E220005B494E465D202020537461636B207573FB
:10E2300065643A2020256C752062797465730D0A37
:10E24000000000005B494E465D2020204672656557
:10E25000206761703A20202020256C752062797437
:10E2600065730D0A000000005B494E465D202020CA
:10E270004E4E2057312073697A653A20202575204B
:10E2800062797465730D0A003F0000005B455252CD
:10E290005D204170704D6F64756C653A20746162E9
:10E2A0006C652066756C6C20282575292C206361AF
:10E2B0006E6E6F74207265676973746572202725AE
:10E2C000732720E280942072616973652041505069
:10E2D0005F4D41585F4D4F44554C455320696E206A
:10E2E000436F6E6669672E680D0A00005B494E46F3
:10E2F0005D204170704D6F64756C653A2072656782
:10E300006973746572656420272573272028257535
:10E310002F2575290D0A00005B4552525D2053449C
:10E320003A2072656164206661696C65642061747D
:10E3300020626C6F636B20256C752028256C75201E
:10E34000626C6F636B73290D0A0000005B455252CB
:10E350005D2053443A207772697465206661696C68
:10E36000656420617420626C6F636B20256C75207E
:10E3700028256C7520626C6F636B73290D0A000091
:10E380005344534300000000534448432F53445820
:10E39000430000005B4552525D2053443A204841FF
:10E3A0004C5F53445F47657443617264496E666FA6
:10E3B000206661696C65640D0A0000005B494E4689
:10E3C0005D2053443A20747970653D257320626C5A
:10E3D0006F636B733D256C7520626C6F636B5F734D
:10E3E000697A653D256C7520636170616369747934
:10E3F0003D256C75204D420D0A0000005B494E46DC
:10E400005D204361726454797065202020202020B3
:10E410003D20256C750D0A005B494E465D204C6F12
:10E4200067426C6F636B4E62722020203D20256C2A
:10E43000750D0A005B494E465D204C6F67426C6F5C
:10E44000636B53697A6520203D20256C750D0A00A9
:10E450005B4552525D2053443A2048414C5F53443F
:10E460005F496E6974206661696C65640D0A00001D
:10E470005B4552525D2053443A20636172642064CC
:10E480006964206E6F742072656163682054524124
:10E490004E534645522073746174652061667465FD
:10E4A0007220696E69740D0A000000005B455252CB
:10E4B0005D20446174614C6F676765723A20257313
:10E4C0002F2573207772697465206661696C6564B5
:10E4D000202846524553554C543D2564290D0A00C9
:10E4E00025732F25732530356C752E435356000048
:10E4F0005B4552525D20446174614C6F6767657281
:10E500003A20665F6F70656E282573292066616901
:10E510006C6564202846524553554C543D2564296A
:10E520000D0A00005B494E465D20446174614C6FEA
:10E53000676765723A2073657373696F6E206669E9
:10E540006C65202573206F70656E65640D0A000090
:10E550005B4552525D20446174614C6F6767657220
:10E560003A206E6F20667265652073657373696FFC
:10E570006E2066696C656E616D6520696E2025731D
:10E58000202839393939392065786861757374659F
:10E5900064290D0A000000005B4552525D20446171
:10E5A00074614C6F676765723A206E6F2046415404
:10E5B0002066696C6573797374656D20666F756E1E
:10E5C00064206F6E206361726420E2809420666F25
:10E5D000726D617474696E670D0A00005B4552527A
:10E5E0005D20446174614C6F676765723A20665FB5
:10E5F0006D6B6673206661696C65642028465245C0
:10E6000053554C543D25642920E280942063617267
:10E6100064206D6179206265206661756C74792F64
:10E6200077726974652D70726F7465637465640DBB
:10E630000A0000005B494E465D20446174614C6FE6
:10E64000676765723A20666F726D617420636F6DE3
:10E65000706C6574652C2072656D6F756E74696E73
:10E66000670D0A005B4552525D20446174614C6F36
:10E67000676765723A20665F6D6F756E74206661BC
:10E68000696C6564202846524553554C543D2564B9
:10E69000290D0A005B4552525D20446174614C6F44
:10E6A000676765723A20665F6D6B646972282573CF
:10E6B00029206661696C6564202846524553554C93
:10E6C000543D2564290D0A00534E58004C4F4753C2
:10E6D0000000000044415400444154410000000047
:10E6E000494D55002320466564566962726F536533
:10E6F0006E73652053544D33324634303520727575
:10E700006E206D657461646174610D0A0000000023
:10E7100023206E6E5F696E7075743D2575206E6E78
:10E720005F68696464656E3D2575206E6E5F6F7508
:10E73000747075743D25750D0A0000002320666510
:10E7400061747572655F766563746F725F73697A01
:10E75000653D25752073616D706C655F72617465D0
:10E760005F687A3D257520666561747572655F77AF
:10E77000696E646F775F733D25750D0A00000000B8
:10E7800023206E6E5F6C6561726E696E675F726189
:10E7900074653D252E366620666C5F6C6F63616C18
:10E7A0005F65706F6368733D257520666C5F737479
:10E7B000616E64616C6F6E653D25750D0A00000029
:10E7C000747970652C7365715F6F725F726F756EAF
:10E7D000642C6D696C6C69732C70697463685F6F0D
:10E7E000725F6C6F73732C726F6C6C5F6F725F73A0
:10E7F000616D706C65732C707265645F6F725F73AE
:10E8000072762C705F6E6F726D616C2C705F696DCB
:10E8100062616C616E63652C705F6C6F6F73656EA7
:10E820006573732C6C6162656C0D0A007365712CE5
:10E830006D696C6C69732C6C6162656C2C707265AF
:10E84000642C705F6E6F726D616C2C705F696D62AD
:10E85000616C616E63652C705F6C6F6F73656E6564
:10E86000737300002C6625750000000023205261A0
:10E870007720494D552073747265616D2C2073614A
:10E880006D706C655F726174655F687A3D25750DAA
:10E890000A0000002320756E6974733A2061782C99
:10E8A00061792C617A205B6D2F735E325D20677811
:10E8B0002C67792C677A205B6465672F732C206244
:10E8C0006961732D636F6D70656E73617465645DEE
:10E8D0000D0A000023206C6162656C203D20677288
:10E8E0006F756E6420747275746820617420636142
:10E8F00070747572652074696D650D0A0000000002
:10E90000232070726564203D206D6F7374207265E2
:10E9100063656E742077696E646F772070726564CA
:10E92000696374696F6E2C2075706461746564200E
:10E930006F6E636520706572207365636F6E642C03
:10E94000204E4F542070657220726F770D0A0000C0
:10E950007365712C6D6963726F732C61782C6179AA
:10E960002C617A2C67782C67792C677A2C6C616221
:10E97000656C2C707265640D0A0000005B45525294
:10E980005D20446174614C6F676765723A206D6FFA
:10E99000756E742F6F70656E20617474656D707420
:10E9A0002025752F2575206661696C65642C2072A1
:10E9B00065747279696E672E2E2E0D0A00000000B4
:10E9C0005B4552525D20446174614C6F67676572AC
:10E9D0003A20676976696E67207570206166746594
:10E9E0007220257520617474656D70747320E280E7
:10E9F00094206C6F6767696E672064697361626CED
:10EA0000656420666F72207468697320626F6F742A
:10EA10000D0A0000572C256C752C256C752C252EA5
:10EA200034662C252E34662C25752C252E34662C28
:10EA3000252E34662C252E34662C25750D0A0000F3
:10EA4000464C2C256C752C256C752C252E36662C89
:10EA5000256C752C25752C2C2C2C0D0A0000000023
:10EA6000256C752C256C752C252E36662C252E369E
:10EA7000662C252E36662C252E36662C252E3666DF
:10EA80002C252E36662C25752C25750D0A000000C8
:10EA9000256C752C0000000025752C25752C0000B8
:10EAA000252E36662C000000252E3666000000005C
:10EAB0002C252E36660000005B4552525D204461D5
:10EAC00074614C6F676765723A2044415441206617
:10EAD000696C65207772697465206661696C65642C
:10EAE000202846524553554C543D2564290D0A00B3
:10EAF000446174614C6F676765720000222A2B2C99
:10EB00003A3B3C3D3E3F5B5D7C7F0000EBFE904D21
:10EB100053444F53352E30004E4F204E414D45202B
:10EB20002020204641543332202020004E4F204EDA
:10EB3000414D452020202046415420202020200007
:10EB40000D0A5B4641554C545D2050433D307825BD
:10EB500030386C58204C523D30782530386C582075
:10EB60005053523D30782530386C580D0A00000063
:10EB70005B4641554C545D2052303D30782530384D
:10EB80006C582052313D30782530386C5820523244
:10EB90003D30782530386C582052333D3078253060
:10EBA000386C58205231323D30782530386C580D51
:10EBB0000A0000005B4641554C545D2043465352C9
:10EBC0003D30782530386C5820484653523D3078D7
:10EBD0002530386C58204D4D4641523D3078253017
:10EBE000386C5820424641523D30782530386C58B8
:10EBF0000D0A00005B4641554C545D202D3E2049D6
:10EC000041434356494F4C20284D50553A20696E98
:10EC1000737472756374696F6E20666574636829B6
:10EC20000D0A00005B4641554C545D202D3E2044AA
:10EC300041434356494F4C20284D50553A2064617A
:10EC4000746120616363657373290D0A000000001D
:10EC50005B4641554C545D202D3E2049425553455D
:10EC600052522028627573206661756C74206F6E35
:10EC700020696E737472756374696F6E2066657453
:10EC80006368290D0A0000005B4641554C545D2025
:10EC90002D3E205052454349534552522028707210
:10ECA00065636973652064617461206275732066B1
:10ECB00061756C742C20424641522076616C696407
:10ECC000290D0A005B4641554C545D202D3E2049DC
:10ECD0004D5052454349534552522028696D707238
:10ECE0006563697365206461746120627573206671
:10ECF00061756C74290D0A005B4641554C545D20CA
:10ED00002D3E20554E444546494E535452202875B9
:10ED10006E646566696E656420696E73747275638E
:10ED200074696F6E290D0A005B4641554C545D2095
:10ED30002D3E20494E5653544154452028696E7645
:10ED4000616C696420455053522F5468756D622080
:10ED50007374617465290D0A000000005B4641551B
:10ED60004C545D202D3E2044495642595A45524F3D
:10ED70000D0A00005B4641554C545D202D3E205548
:10ED80004E414C49474E45442028756E616C696779
:10ED90006E656420616363657373207472617029AA
:10EDA0000D0A00005B4641554C545D202D3E204627
:10EDB0004F524345442028657363616C61746564F8
:10EDC0002066726F6D2061206C6F7765722D707296
:10EDD000696F72697479206661756C74290D0A0017
:10EDE0005B4641554C545D2048616C74696E672EDA
:10EDF0002043726F73732D7265666572656E63650D
:10EE000020504320616761696E7374206275696C7C
:10EE1000642F2A2E6D6170206F72206164647232DB
:10EE20006C696E65202D65206275696C642F2A2ED1
:10EE3000656C662030782530386C580D0A0000006B
:10EE4000F4DA000800000000390E000800DB0008BA
:10EE500000000000C91000080CDB000800000000E2
:10EE6000750C00081CDB0008000000002D110008D4
:10EE700038E1000840E100084CE1000858E10008D2
:10EE800064E1000870E10008010004001000400087
:10EE90000001000200000000010002000400080060
:10EEA000100020000000000043554541414141430E
:10EEB00045454549494941414592924F4F4F555526
:10EEC000594F554F9C4F9E9F41494F55A5A5A6A709
:10EED000A8A9AAABACADAEAFB0B1B2B3B441414199
:10EEE000B8B9BABBBCBDBEBFC0C1C2C3C4C5414135
:10EEF000C8C9CACBCCCDCECFD1D14545454949496A
:10EF000049D9DADBDCDD49DF4FE14F4F4F4FE6E80F
:10EF1000E85555555959EEEFF0F1F2F3F4F5F6F7DF
:10EF2000F8F9FAFBFCFDFEFF0000000001020304FB
:10EF300000000000000000000102030406070809A9
:10EF400000000080DB0F4940DB0F49C0DB0F49BFE9
:10EF5000E4CB1640E4CB16C0D1F71737D1F717B77B
:10EF60008071313F807131BF0000003F000000BF61
:10EF70006937AC3168212233B40F14336821A233CE
:10EF80003863ED3EDA0F493F5E987B3FDA0FC93FA9
:10EF9000494E4600696E66004E414E006E616E003D
:10EFA000300030313233343536373839414243441A
:10EFB0004546003031323334353637383961626393
:10EFC00064656600496E66696E697479004E614ECB
:10EFD000005245454E54206D616C6C6F6320737513
:10EFE00063636565646564002F646174612F6A659D
:10EFF0006E6B696E732F776F726B73706163652FC1
:10F00000474E552D746F6F6C636861696E2F617226
:10F010006D2D31352F7372632F6E65776C69622D9C
:10F0200063796777696E2F6E65776C69622F6C699B
:10F0300062632F7374646C69622F64746F612E63F2
:10F040000042616C6C6F6320737563636565646512
:10F0500064002F646174612F6A656E6B696E732F33
:10F06000776F726B73706163652F474E552D746FA8
:10F070006F6C636861696E2F61726D2D31352F730E
:10F0800072632F6E65776C69622D63796777696E3D
:10F090002F6E65776C69622F6C6962632F7374647D
:10F0A0006C69622F6D707265632E6300232D302BA7
:10F0B0002000686C4C006566674546470043005079
:10F0C0004F534958002E002C2066756E6374696F8B
:10F0D0006E3A2000617373657274696F6E20222529
:10F0E0007322206661696C65643A2066696C6520EC
:10F0F000222573222C206C696E65202564257325DA
:10F10000730A000005000000190000007D000000E7
:10F110000080E03779C34143176E05B5B5B8934613
:10F12000F5F93FE9034F384D321D30F94877825ADF
:10F130003CBF737FDD4F1575000000000000F03FFD
:10F1400000000000000024400000000000005940C2
:10F150000000000000408F40000000000088C34015
:10F1600000000000006AF8400000000080842E418A
:10F1700000000000D01263410000000084D79741D6
:10F180000000000065CDCD41000000205FA00242DC
:10F19000000000E876483742000000A2941A6D4251
:10F1A000000040E59C30A2420000901EC4BCD64244
:10F1B00000003426F56B0C430080E03779C34143EF
:10F1C00000A0D8855734764300C84E676DC1AB4365
:10F1D000003D9160E458E143408CB5781DAF154483
:10F1E00050EFE2D6E41A4B4492D54D06CFF080445E
:10F1F000F64AE1C7022DB544B49DD9794378EA4473
:10F2000000202020202020202020282828282820F6
:10F2100020202020202020202020202020202020EE
:10F220002088101010101010101010101010101056
:10F230001004040404040404040404101010101046
:10F240001010414141414141010101010101010110
:10F250000101010101010101010101011010101062
:10F2600010104242424242420202020202020202E2
:10F270000202020202020202020202021010101036
:10F28000200000000000000000000000000000005E
:10F29000000000000000000000000000000000006E
:10F2A000000000000000000000000000000000005E
:10F2B000000000000000000000000000000000004E
:10F2C000000000000000000000000000000000003E
:10F2D000000000000000000000000000000000002E
:10F2E000000000000000000000000000000000001E
:10F2F000000000000000000000000000000000000E
:04F300000000000009
:08F304008C0EFF7F01000000E8
:04F30C00050C0008E4
:04F31000DD0B000809
:10F314007856341201000000F0EA0008F9320008BF
:10F32400413B000800000000000000000000000055
:10F3340000000000000000000000000000000000C9
:10F3440000000000000000000000000000000000B9
:10F354009067012040000000000000000000000051
:10F3640000000000E0E60008E0E6000800000000FD
:10F374000000000000000000000000000000000089
:10F384000000000000000000000000000000000079
:10F394000000000000000000D08F012010000000D9
:10F3A400000000000000000000000000CCE600089F
:10F3B400C8E6000801000000100000000024F4006A
:10F3C4000000000003000000EC990120C0000020B0
:10F3D40000000000EC990120549A0120BC9A0120FD
:10F3E4000000000000000000000000000000000019
:10F3F4000000000000000000000000000000000009
:10F4040000000000000000000000000000000000F8
:10F4140000000000000000000000000043000000A5
:10F4240000000000000000000000000000000000D8
:10F434000000000000000000000000004300000085
:10F4440000000000000000000000000000000000B8
:10F454000000000000000000000000004300000065
:10F464000000000000000000000000000000000098
:10F474000000000000000000000000004300000045
:10F484000000000000000000000000000000000078
:10F494000000000000000000000000004300000025
:10F4A4000000000000000000000000000000000058
:10F4B4000000000000000000000000004300000005
:10F4C4000000000000000000000000000000000038
:10F4D40000000000000000000000000043000000E5
:10F4E4000000000000000000000000000000000018
:10F4F400000000000000000000000000E9CD00084A
:10F5040069CD00080000000000F20008C5F0000802
:10F5140002F1000802F1000802F1000802F10008FB
:10F5240002F1000802F1000802F1000802F10008EB
:10F5340002F10008FFFFFFFFFFFFFFFFFFFFFFFFD8
:10F54400FFFF00000100415343494900000000004F
:10F5540000000000000000000000000000000000A7
:10F56400000000000000415343494900000000002E
:10F574000000000000000000000000000000000087
:08F5840000000000000000007F
:0400000508009D99B9
:00000001FF
